<?xml version="1.0" encoding="UTF-8"?>
<gpx version="1.1" creator="GPX2Maps" xmlns="http://www.topografix.com/GPX/1/1" xmlns:xsi="http://www.w3.org/2001/XMLSchema-instance" xsi:schemaLocation="http://www.topografix.com/GPX/1/1 http://www.topografix.com/GPX/1/1/gpx.xsd">
  <metadata>
    <name>Route from Google Maps (walking)</name>
    <desc>Converted from Google Maps
Distance: 2336.6 km
Duration: 31996 min
Via: B14</desc>
    <link href="https://gpx2maps.com">
      <text>Created with GPX2Maps</text>
    </link>
    <time>2026-09-27T22:12:42Z</time>
  </metadata>
  <wpt lat="50.0883300" lon="14.4245700">
    <name>Start</name>
    <sym>Flag, Green</sym>
  </wpt>
  <wpt lat="42.8768500" lon="-8.5441800">
    <name>End</name>
    <sym>Flag, Red</sym>
  </wpt>
  <trk>
    <name>Route from Google Maps (walking)</name>
    <trkseg>
      <trkpt lat="50.0883300" lon="14.4245700"></trkpt>
      <trkpt lat="50.0877700" lon="14.4246200"></trkpt>
      <trkpt lat="50.0877000" lon="14.4237100"></trkpt>
      <trkpt lat="50.0873000" lon="14.4226800"></trkpt>
      <trkpt lat="50.0872400" lon="14.4217100"></trkpt>
      <trkpt lat="50.0861300" lon="14.4189600"></trkpt>
      <trkpt lat="50.0861400" lon="14.4165700"></trkpt>
      <trkpt lat="50.0860100" lon="14.4146600"></trkpt>
      <trkpt lat="50.0866900" lon="14.4097500"></trkpt>
      <trkpt lat="50.0876200" lon="14.4045100"></trkpt>
      <trkpt lat="50.0878400" lon="14.4022400"></trkpt>
      <trkpt lat="50.0885600" lon="14.4021400"></trkpt>
      <trkpt lat="50.0884500" lon="14.3980000"></trkpt>
      <trkpt lat="50.0885400" lon="14.3972900"></trkpt>
      <trkpt lat="50.0876400" lon="14.3903400"></trkpt>
      <trkpt lat="50.0871700" lon="14.3883500"></trkpt>
      <trkpt lat="50.0866300" lon="14.3873500"></trkpt>
      <trkpt lat="50.0860800" lon="14.3846300"></trkpt>
      <trkpt lat="50.0855700" lon="14.3829800"></trkpt>
      <trkpt lat="50.0852900" lon="14.3809700"></trkpt>
      <trkpt lat="50.0838400" lon="14.3722600"></trkpt>
      <trkpt lat="50.0838100" lon="14.3711000"></trkpt>
      <trkpt lat="50.0839800" lon="14.3670000"></trkpt>
      <trkpt lat="50.0832200" lon="14.3599400"></trkpt>
      <trkpt lat="50.0827700" lon="14.3570800"></trkpt>
      <trkpt lat="50.0811600" lon="14.3528600"></trkpt>
      <trkpt lat="50.0789600" lon="14.3444700"></trkpt>
      <trkpt lat="50.0781300" lon="14.3438600"></trkpt>
      <trkpt lat="50.0774000" lon="14.3414500"></trkpt>
      <trkpt lat="50.0758800" lon="14.3351100"></trkpt>
      <trkpt lat="50.0754200" lon="14.3313500"></trkpt>
      <trkpt lat="50.0747400" lon="14.3238900"></trkpt>
      <trkpt lat="50.0748500" lon="14.3206300"></trkpt>
      <trkpt lat="50.0745300" lon="14.3180800"></trkpt>
      <trkpt lat="50.0734900" lon="14.3143500"></trkpt>
      <trkpt lat="50.0731400" lon="14.3113900"></trkpt>
      <trkpt lat="50.0730600" lon="14.3084500"></trkpt>
      <trkpt lat="50.0724800" lon="14.3054000"></trkpt>
      <trkpt lat="50.0717200" lon="14.3036900"></trkpt>
      <trkpt lat="50.0710700" lon="14.3003700"></trkpt>
      <trkpt lat="50.0700800" lon="14.2992300"></trkpt>
      <trkpt lat="50.0699300" lon="14.2982100"></trkpt>
      <trkpt lat="50.0690300" lon="14.2968600"></trkpt>
      <trkpt lat="50.0689800" lon="14.2955900"></trkpt>
      <trkpt lat="50.0683200" lon="14.2949100"></trkpt>
      <trkpt lat="50.0675900" lon="14.2928100"></trkpt>
      <trkpt lat="50.0670900" lon="14.2901400"></trkpt>
      <trkpt lat="50.0661400" lon="14.2889600"></trkpt>
      <trkpt lat="50.0655200" lon="14.2869800"></trkpt>
      <trkpt lat="50.0650200" lon="14.2862500"></trkpt>
      <trkpt lat="50.0642900" lon="14.2862000"></trkpt>
      <trkpt lat="50.0640200" lon="14.2849400"></trkpt>
      <trkpt lat="50.0631300" lon="14.2844700"></trkpt>
      <trkpt lat="50.0630000" lon="14.2837100"></trkpt>
      <trkpt lat="50.0624300" lon="14.2831900"></trkpt>
      <trkpt lat="50.0628300" lon="14.2813700"></trkpt>
      <trkpt lat="50.0629400" lon="14.2791300"></trkpt>
      <trkpt lat="50.0633400" lon="14.2771700"></trkpt>
      <trkpt lat="50.0635400" lon="14.2729200"></trkpt>
      <trkpt lat="50.0633400" lon="14.2711200"></trkpt>
      <trkpt lat="50.0643000" lon="14.2705200"></trkpt>
      <trkpt lat="50.0645300" lon="14.2696900"></trkpt>
      <trkpt lat="50.0654100" lon="14.2691600"></trkpt>
      <trkpt lat="50.0656000" lon="14.2684900"></trkpt>
      <trkpt lat="50.0656000" lon="14.2670500"></trkpt>
      <trkpt lat="50.0669600" lon="14.2651900"></trkpt>
      <trkpt lat="50.0665000" lon="14.2631200"></trkpt>
      <trkpt lat="50.0670800" lon="14.2602100"></trkpt>
      <trkpt lat="50.0677300" lon="14.2582000"></trkpt>
      <trkpt lat="50.0685200" lon="14.2511900"></trkpt>
      <trkpt lat="50.0690200" lon="14.2489700"></trkpt>
      <trkpt lat="50.0689800" lon="14.2471200"></trkpt>
      <trkpt lat="50.0669400" lon="14.2473600"></trkpt>
      <trkpt lat="50.0647400" lon="14.2470400"></trkpt>
      <trkpt lat="50.0626400" lon="14.2473800"></trkpt>
      <trkpt lat="50.0598500" lon="14.2489500"></trkpt>
      <trkpt lat="50.0583100" lon="14.2479700"></trkpt>
      <trkpt lat="50.0576800" lon="14.2498500"></trkpt>
      <trkpt lat="50.0568600" lon="14.2507100"></trkpt>
      <trkpt lat="50.0551400" lon="14.2515900"></trkpt>
      <trkpt lat="50.0536000" lon="14.2528900"></trkpt>
      <trkpt lat="50.0520000" lon="14.2540000"></trkpt>
      <trkpt lat="50.0488300" lon="14.2557900"></trkpt>
      <trkpt lat="50.0484400" lon="14.2564300"></trkpt>
      <trkpt lat="50.0479900" lon="14.2563700"></trkpt>
      <trkpt lat="50.0445000" lon="14.2584200"></trkpt>
      <trkpt lat="50.0429700" lon="14.2556300"></trkpt>
      <trkpt lat="50.0402500" lon="14.2483800"></trkpt>
      <trkpt lat="50.0399700" lon="14.2473000"></trkpt>
      <trkpt lat="50.0395700" lon="14.2469400"></trkpt>
      <trkpt lat="50.0390700" lon="14.2451200"></trkpt>
      <trkpt lat="50.0382800" lon="14.2431300"></trkpt>
      <trkpt lat="50.0348700" lon="14.2340800"></trkpt>
      <trkpt lat="50.0338400" lon="14.2311300"></trkpt>
      <trkpt lat="50.0334100" lon="14.2301800"></trkpt>
      <trkpt lat="50.0296200" lon="14.2201000"></trkpt>
      <trkpt lat="50.0273100" lon="14.2130000"></trkpt>
      <trkpt lat="50.0266200" lon="14.2118900"></trkpt>
      <trkpt lat="50.0255800" lon="14.2094400"></trkpt>
      <trkpt lat="50.0237000" lon="14.2063500"></trkpt>
      <trkpt lat="50.0235100" lon="14.2063000"></trkpt>
      <trkpt lat="50.0200800" lon="14.2007700"></trkpt>
      <trkpt lat="50.0192700" lon="14.1993300"></trkpt>
      <trkpt lat="50.0186000" lon="14.1985200"></trkpt>
      <trkpt lat="50.0178400" lon="14.1980300"></trkpt>
      <trkpt lat="50.0166000" lon="14.1976000"></trkpt>
      <trkpt lat="50.0151000" lon="14.1950100"></trkpt>
      <trkpt lat="50.0144200" lon="14.1949800"></trkpt>
      <trkpt lat="50.0134400" lon="14.1954200"></trkpt>
      <trkpt lat="50.0125000" lon="14.1943900"></trkpt>
      <trkpt lat="50.0114900" lon="14.1949900"></trkpt>
      <trkpt lat="50.0110900" lon="14.1959200"></trkpt>
      <trkpt lat="50.0106000" lon="14.1978400"></trkpt>
      <trkpt lat="50.0099600" lon="14.1982500"></trkpt>
      <trkpt lat="50.0094400" lon="14.1980000"></trkpt>
      <trkpt lat="50.0090700" lon="14.1972600"></trkpt>
      <trkpt lat="50.0091100" lon="14.1951300"></trkpt>
      <trkpt lat="50.0081900" lon="14.1911700"></trkpt>
      <trkpt lat="50.0083600" lon="14.1898100"></trkpt>
      <trkpt lat="50.0082100" lon="14.1886300"></trkpt>
      <trkpt lat="50.0068100" lon="14.1830900"></trkpt>
      <trkpt lat="50.0063800" lon="14.1819400"></trkpt>
      <trkpt lat="50.0055500" lon="14.1807800"></trkpt>
      <trkpt lat="50.0049200" lon="14.1792700"></trkpt>
      <trkpt lat="50.0043400" lon="14.1767200"></trkpt>
      <trkpt lat="50.0042700" lon="14.1751300"></trkpt>
      <trkpt lat="50.0036800" lon="14.1735100"></trkpt>
      <trkpt lat="50.0022700" lon="14.1708700"></trkpt>
      <trkpt lat="50.0017200" lon="14.1681000"></trkpt>
      <trkpt lat="50.0013500" lon="14.1670500"></trkpt>
      <trkpt lat="49.9999900" lon="14.1646800"></trkpt>
      <trkpt lat="49.9994900" lon="14.1634700"></trkpt>
      <trkpt lat="49.9983200" lon="14.1620400"></trkpt>
      <trkpt lat="49.9968700" lon="14.1593800"></trkpt>
      <trkpt lat="49.9954800" lon="14.1587700"></trkpt>
      <trkpt lat="49.9938200" lon="14.1567300"></trkpt>
      <trkpt lat="49.9919000" lon="14.1533100"></trkpt>
      <trkpt lat="49.9917100" lon="14.1527400"></trkpt>
      <trkpt lat="49.9911100" lon="14.1493900"></trkpt>
      <trkpt lat="49.9904900" lon="14.1464600"></trkpt>
      <trkpt lat="49.9894600" lon="14.1423300"></trkpt>
      <trkpt lat="49.9889400" lon="14.1407800"></trkpt>
      <trkpt lat="49.9880700" lon="14.1390800"></trkpt>
      <trkpt lat="49.9867100" lon="14.1348900"></trkpt>
      <trkpt lat="49.9851400" lon="14.1305300"></trkpt>
      <trkpt lat="49.9842800" lon="14.1279100"></trkpt>
      <trkpt lat="49.9820100" lon="14.1237200"></trkpt>
      <trkpt lat="49.9814300" lon="14.1223400"></trkpt>
      <trkpt lat="49.9807200" lon="14.1214900"></trkpt>
      <trkpt lat="49.9801800" lon="14.1203300"></trkpt>
      <trkpt lat="49.9799000" lon="14.1184300"></trkpt>
      <trkpt lat="49.9782400" lon="14.1119800"></trkpt>
      <trkpt lat="49.9769600" lon="14.1068000"></trkpt>
      <trkpt lat="49.9765300" lon="14.1055100"></trkpt>
      <trkpt lat="49.9758500" lon="14.1026200"></trkpt>
      <trkpt lat="49.9752400" lon="14.1011400"></trkpt>
      <trkpt lat="49.9743200" lon="14.0982600"></trkpt>
      <trkpt lat="49.9736100" lon="14.0931600"></trkpt>
      <trkpt lat="49.9727600" lon="14.0893500"></trkpt>
      <trkpt lat="49.9706300" lon="14.0830700"></trkpt>
      <trkpt lat="49.9683900" lon="14.0783900"></trkpt>
      <trkpt lat="49.9683000" lon="14.0784800"></trkpt>
      <trkpt lat="49.9661100" lon="14.0739600"></trkpt>
      <trkpt lat="49.9645000" lon="14.0700800"></trkpt>
      <trkpt lat="49.9634800" lon="14.0704500"></trkpt>
      <trkpt lat="49.9629200" lon="14.0702800"></trkpt>
      <trkpt lat="49.9620900" lon="14.0688100"></trkpt>
      <trkpt lat="49.9611800" lon="14.0663100"></trkpt>
      <trkpt lat="49.9602300" lon="14.0648800"></trkpt>
      <trkpt lat="49.9596100" lon="14.0634700"></trkpt>
      <trkpt lat="49.9583200" lon="14.0595800"></trkpt>
      <trkpt lat="49.9573800" lon="14.0576200"></trkpt>
      <trkpt lat="49.9547900" lon="14.0528000"></trkpt>
      <trkpt lat="49.9524400" lon="14.0481200"></trkpt>
      <trkpt lat="49.9490500" lon="14.0394200"></trkpt>
      <trkpt lat="49.9476200" lon="14.0365100"></trkpt>
      <trkpt lat="49.9462800" lon="14.0349900"></trkpt>
      <trkpt lat="49.9454900" lon="14.0328300"></trkpt>
      <trkpt lat="49.9442200" lon="14.0309300"></trkpt>
      <trkpt lat="49.9423200" lon="14.0271600"></trkpt>
      <trkpt lat="49.9409300" lon="14.0247500"></trkpt>
      <trkpt lat="49.9379700" lon="14.0192500"></trkpt>
      <trkpt lat="49.9359400" lon="14.0135000"></trkpt>
      <trkpt lat="49.9355900" lon="14.0126500"></trkpt>
      <trkpt lat="49.9336700" lon="14.0092400"></trkpt>
      <trkpt lat="49.9320200" lon="14.0068600"></trkpt>
      <trkpt lat="49.9299000" lon="14.0045600"></trkpt>
      <trkpt lat="49.9278900" lon="14.0030300"></trkpt>
      <trkpt lat="49.9275600" lon="14.0025100"></trkpt>
      <trkpt lat="49.9235300" lon="13.9936300"></trkpt>
      <trkpt lat="49.9203200" lon="13.9867200"></trkpt>
      <trkpt lat="49.9189800" lon="13.9850200"></trkpt>
      <trkpt lat="49.9177600" lon="13.9842800"></trkpt>
      <trkpt lat="49.9159800" lon="13.9840400"></trkpt>
      <trkpt lat="49.9138300" lon="13.9799000"></trkpt>
      <trkpt lat="49.9133600" lon="13.9792600"></trkpt>
      <trkpt lat="49.9124800" lon="13.9795300"></trkpt>
      <trkpt lat="49.9117900" lon="13.9784400"></trkpt>
      <trkpt lat="49.9118400" lon="13.9777200"></trkpt>
      <trkpt lat="49.9115000" lon="13.9769300"></trkpt>
      <trkpt lat="49.9085500" lon="13.9738900"></trkpt>
      <trkpt lat="49.9082600" lon="13.9731200"></trkpt>
      <trkpt lat="49.9067100" lon="13.9670200"></trkpt>
      <trkpt lat="49.9057300" lon="13.9639000"></trkpt>
      <trkpt lat="49.9051300" lon="13.9625600"></trkpt>
      <trkpt lat="49.9043500" lon="13.9617400"></trkpt>
      <trkpt lat="49.9029200" lon="13.9614000"></trkpt>
      <trkpt lat="49.9028700" lon="13.9611300"></trkpt>
      <trkpt lat="49.9009800" lon="13.9612700"></trkpt>
      <trkpt lat="49.8994800" lon="13.9605900"></trkpt>
      <trkpt lat="49.8985500" lon="13.9590500"></trkpt>
      <trkpt lat="49.8975300" lon="13.9560100"></trkpt>
      <trkpt lat="49.8931300" lon="13.9437900"></trkpt>
      <trkpt lat="49.8921700" lon="13.9406500"></trkpt>
      <trkpt lat="49.8911400" lon="13.9363100"></trkpt>
      <trkpt lat="49.8892800" lon="13.9281100"></trkpt>
      <trkpt lat="49.8886100" lon="13.9258500"></trkpt>
      <trkpt lat="49.8871200" lon="13.9221300"></trkpt>
      <trkpt lat="49.8853300" lon="13.9185000"></trkpt>
      <trkpt lat="49.8842500" lon="13.9169300"></trkpt>
      <trkpt lat="49.8826200" lon="13.9150200"></trkpt>
      <trkpt lat="49.8816600" lon="13.9143100"></trkpt>
      <trkpt lat="49.8799600" lon="13.9136100"></trkpt>
      <trkpt lat="49.8793600" lon="13.9128200"></trkpt>
      <trkpt lat="49.8791000" lon="13.9119200"></trkpt>
      <trkpt lat="49.8791000" lon="13.9106000"></trkpt>
      <trkpt lat="49.8795700" lon="13.9085200"></trkpt>
      <trkpt lat="49.8796100" lon="13.9075700"></trkpt>
      <trkpt lat="49.8792000" lon="13.9054300"></trkpt>
      <trkpt lat="49.8769500" lon="13.8999600"></trkpt>
      <trkpt lat="49.8757900" lon="13.8970000"></trkpt>
      <trkpt lat="49.8743400" lon="13.8937300"></trkpt>
      <trkpt lat="49.8740800" lon="13.8927500"></trkpt>
      <trkpt lat="49.8733900" lon="13.8917200"></trkpt>
      <trkpt lat="49.8709700" lon="13.8858600"></trkpt>
      <trkpt lat="49.8653700" lon="13.8720400"></trkpt>
      <trkpt lat="49.8592300" lon="13.8569800"></trkpt>
      <trkpt lat="49.8586300" lon="13.8554200"></trkpt>
      <trkpt lat="49.8517200" lon="13.8383600"></trkpt>
      <trkpt lat="49.8509300" lon="13.8363200"></trkpt>
      <trkpt lat="49.8492100" lon="13.8340000"></trkpt>
      <trkpt lat="49.8488900" lon="13.8331200"></trkpt>
      <trkpt lat="49.8452100" lon="13.8249400"></trkpt>
      <trkpt lat="49.8427500" lon="13.8193100"></trkpt>
      <trkpt lat="49.8417400" lon="13.8159300"></trkpt>
      <trkpt lat="49.8410400" lon="13.8148100"></trkpt>
      <trkpt lat="49.8402700" lon="13.8140600"></trkpt>
      <trkpt lat="49.8388100" lon="13.8122200"></trkpt>
      <trkpt lat="49.8379200" lon="13.8116400"></trkpt>
      <trkpt lat="49.8363600" lon="13.8111900"></trkpt>
      <trkpt lat="49.8359000" lon="13.8108200"></trkpt>
      <trkpt lat="49.8351500" lon="13.8094200"></trkpt>
      <trkpt lat="49.8346500" lon="13.8067900"></trkpt>
      <trkpt lat="49.8339200" lon="13.8046100"></trkpt>
      <trkpt lat="49.8287600" lon="13.7947400"></trkpt>
      <trkpt lat="49.8283900" lon="13.7938800"></trkpt>
      <trkpt lat="49.8218800" lon="13.7751200"></trkpt>
      <trkpt lat="49.8205200" lon="13.7700000"></trkpt>
      <trkpt lat="49.8200400" lon="13.7688200"></trkpt>
      <trkpt lat="49.8181900" lon="13.7658600"></trkpt>
      <trkpt lat="49.8160300" lon="13.7627300"></trkpt>
      <trkpt lat="49.8149900" lon="13.7614200"></trkpt>
      <trkpt lat="49.8137100" lon="13.7606300"></trkpt>
      <trkpt lat="49.8057700" lon="13.7571800"></trkpt>
      <trkpt lat="49.8028100" lon="13.7558000"></trkpt>
      <trkpt lat="49.8018400" lon="13.7550600"></trkpt>
      <trkpt lat="49.8007000" lon="13.7535900"></trkpt>
      <trkpt lat="49.7995000" lon="13.7512600"></trkpt>
      <trkpt lat="49.7965300" lon="13.7450000"></trkpt>
      <trkpt lat="49.7949300" lon="13.7432600"></trkpt>
      <trkpt lat="49.7916700" lon="13.7407500"></trkpt>
      <trkpt lat="49.7906000" lon="13.7390400"></trkpt>
      <trkpt lat="49.7895800" lon="13.7361000"></trkpt>
      <trkpt lat="49.7872800" lon="13.7273000"></trkpt>
      <trkpt lat="49.7863400" lon="13.7232800"></trkpt>
      <trkpt lat="49.7848200" lon="13.7192700"></trkpt>
      <trkpt lat="49.7841600" lon="13.7178500"></trkpt>
      <trkpt lat="49.7832500" lon="13.7167100"></trkpt>
      <trkpt lat="49.7813700" lon="13.7114100"></trkpt>
      <trkpt lat="49.7803100" lon="13.7081700"></trkpt>
      <trkpt lat="49.7802000" lon="13.7075700"></trkpt>
      <trkpt lat="49.7801000" lon="13.7044000"></trkpt>
      <trkpt lat="49.7797600" lon="13.7028200"></trkpt>
      <trkpt lat="49.7793300" lon="13.7019400"></trkpt>
      <trkpt lat="49.7779000" lon="13.7005400"></trkpt>
      <trkpt lat="49.7773700" lon="13.6995900"></trkpt>
      <trkpt lat="49.7762400" lon="13.6950200"></trkpt>
      <trkpt lat="49.7759000" lon="13.6927200"></trkpt>
      <trkpt lat="49.7743900" lon="13.6894800"></trkpt>
      <trkpt lat="49.7731700" lon="13.6863100"></trkpt>
      <trkpt lat="49.7696500" lon="13.6764600"></trkpt>
      <trkpt lat="49.7689600" lon="13.6744300"></trkpt>
      <trkpt lat="49.7644900" lon="13.6661200"></trkpt>
      <trkpt lat="49.7642200" lon="13.6651800"></trkpt>
      <trkpt lat="49.7624200" lon="13.6544200"></trkpt>
      <trkpt lat="49.7619600" lon="13.6519800"></trkpt>
      <trkpt lat="49.7609900" lon="13.6499600"></trkpt>
      <trkpt lat="49.7566000" lon="13.6426900"></trkpt>
      <trkpt lat="49.7548900" lon="13.6399500"></trkpt>
      <trkpt lat="49.7540000" lon="13.6373200"></trkpt>
      <trkpt lat="49.7501000" lon="13.6283100"></trkpt>
      <trkpt lat="49.7496500" lon="13.6275500"></trkpt>
      <trkpt lat="49.7484100" lon="13.6261100"></trkpt>
      <trkpt lat="49.7458200" lon="13.6187100"></trkpt>
      <trkpt lat="49.7442000" lon="13.6136300"></trkpt>
      <trkpt lat="49.7438900" lon="13.6120300"></trkpt>
      <trkpt lat="49.7437700" lon="13.6100700"></trkpt>
      <trkpt lat="49.7439000" lon="13.6070500"></trkpt>
      <trkpt lat="49.7439000" lon="13.6045300"></trkpt>
      <trkpt lat="49.7429100" lon="13.6023800"></trkpt>
      <trkpt lat="49.7429200" lon="13.6021100"></trkpt>
      <trkpt lat="49.7440500" lon="13.5999200"></trkpt>
      <trkpt lat="49.7444900" lon="13.5981900"></trkpt>
      <trkpt lat="49.7445900" lon="13.5956700"></trkpt>
      <trkpt lat="49.7450100" lon="13.5941100"></trkpt>
      <trkpt lat="49.7445800" lon="13.5917200"></trkpt>
      <trkpt lat="49.7432200" lon="13.5909900"></trkpt>
      <trkpt lat="49.7429500" lon="13.5906100"></trkpt>
      <trkpt lat="49.7420300" lon="13.5827100"></trkpt>
      <trkpt lat="49.7419800" lon="13.5813500"></trkpt>
      <trkpt lat="49.7425900" lon="13.5724000"></trkpt>
      <trkpt lat="49.7427000" lon="13.5664500"></trkpt>
      <trkpt lat="49.7432600" lon="13.5631000"></trkpt>
      <trkpt lat="49.7439100" lon="13.5544000"></trkpt>
      <trkpt lat="49.7440200" lon="13.5507000"></trkpt>
      <trkpt lat="49.7434800" lon="13.5479600"></trkpt>
      <trkpt lat="49.7435500" lon="13.5460700"></trkpt>
      <trkpt lat="49.7442300" lon="13.5431200"></trkpt>
      <trkpt lat="49.7444200" lon="13.5365300"></trkpt>
      <trkpt lat="49.7447400" lon="13.5238700"></trkpt>
      <trkpt lat="49.7452600" lon="13.5083300"></trkpt>
      <trkpt lat="49.7455400" lon="13.4992000"></trkpt>
      <trkpt lat="49.7456100" lon="13.4989500"></trkpt>
      <trkpt lat="49.7481600" lon="13.4964500"></trkpt>
      <trkpt lat="49.7501600" lon="13.4939900"></trkpt>
      <trkpt lat="49.7504300" lon="13.4933700"></trkpt>
      <trkpt lat="49.7518000" lon="13.4890800"></trkpt>
      <trkpt lat="49.7517300" lon="13.4889000"></trkpt>
      <trkpt lat="49.7516500" lon="13.4831900"></trkpt>
      <trkpt lat="49.7505900" lon="13.4776800"></trkpt>
      <trkpt lat="49.7503700" lon="13.4746100"></trkpt>
      <trkpt lat="49.7503000" lon="13.4718500"></trkpt>
      <trkpt lat="49.7505600" lon="13.4690700"></trkpt>
      <trkpt lat="49.7509100" lon="13.4680300"></trkpt>
      <trkpt lat="49.7527400" lon="13.4643200"></trkpt>
      <trkpt lat="49.7529000" lon="13.4635900"></trkpt>
      <trkpt lat="49.7528100" lon="13.4618100"></trkpt>
      <trkpt lat="49.7524400" lon="13.4607500"></trkpt>
      <trkpt lat="49.7524000" lon="13.4598200"></trkpt>
      <trkpt lat="49.7527200" lon="13.4582300"></trkpt>
      <trkpt lat="49.7534400" lon="13.4560900"></trkpt>
      <trkpt lat="49.7540600" lon="13.4547500"></trkpt>
      <trkpt lat="49.7550800" lon="13.4534100"></trkpt>
      <trkpt lat="49.7554900" lon="13.4533000"></trkpt>
      <trkpt lat="49.7562700" lon="13.4518200"></trkpt>
      <trkpt lat="49.7559300" lon="13.4478800"></trkpt>
      <trkpt lat="49.7568500" lon="13.4437100"></trkpt>
      <trkpt lat="49.7570700" lon="13.4424200"></trkpt>
      <trkpt lat="49.7566200" lon="13.4344300"></trkpt>
      <trkpt lat="49.7574100" lon="13.4313000"></trkpt>
      <trkpt lat="49.7574800" lon="13.4299900"></trkpt>
      <trkpt lat="49.7572800" lon="13.4274700"></trkpt>
      <trkpt lat="49.7574800" lon="13.4261700"></trkpt>
      <trkpt lat="49.7570100" lon="13.4250200"></trkpt>
      <trkpt lat="49.7565600" lon="13.4253100"></trkpt>
      <trkpt lat="49.7563800" lon="13.4237900"></trkpt>
      <trkpt lat="49.7569800" lon="13.4208500"></trkpt>
      <trkpt lat="49.7520200" lon="13.4145700"></trkpt>
      <trkpt lat="49.7499400" lon="13.4137700"></trkpt>
      <trkpt lat="49.7502300" lon="13.4100100"></trkpt>
      <trkpt lat="49.7509000" lon="13.4069100"></trkpt>
      <trkpt lat="49.7509300" lon="13.4045100"></trkpt>
      <trkpt lat="49.7502500" lon="13.4025000"></trkpt>
      <trkpt lat="49.7487700" lon="13.4008400"></trkpt>
      <trkpt lat="49.7488000" lon="13.3993000"></trkpt>
      <trkpt lat="49.7486200" lon="13.3990200"></trkpt>
      <trkpt lat="49.7479500" lon="13.3953800"></trkpt>
      <trkpt lat="49.7468600" lon="13.3889000"></trkpt>
      <trkpt lat="49.7461000" lon="13.3860200"></trkpt>
      <trkpt lat="49.7463100" lon="13.3839200"></trkpt>
      <trkpt lat="49.7458000" lon="13.3830100"></trkpt>
      <trkpt lat="49.7452100" lon="13.3812700"></trkpt>
      <trkpt lat="49.7444700" lon="13.3801600"></trkpt>
      <trkpt lat="49.7446600" lon="13.3779300"></trkpt>
      <trkpt lat="49.7445500" lon="13.3757300"></trkpt>
      <trkpt lat="49.7452000" lon="13.3728400"></trkpt>
      <trkpt lat="49.7459800" lon="13.3642900"></trkpt>
      <trkpt lat="49.7457200" lon="13.3633200"></trkpt>
      <trkpt lat="49.7453900" lon="13.3632600"></trkpt>
      <trkpt lat="49.7455600" lon="13.3608900"></trkpt>
      <trkpt lat="49.7454400" lon="13.3608700"></trkpt>
      <trkpt lat="49.7457700" lon="13.3575300"></trkpt>
      <trkpt lat="49.7465100" lon="13.3550700"></trkpt>
      <trkpt lat="49.7463600" lon="13.3537600"></trkpt>
      <trkpt lat="49.7451500" lon="13.3501900"></trkpt>
      <trkpt lat="49.7445600" lon="13.3470100"></trkpt>
      <trkpt lat="49.7438600" lon="13.3426100"></trkpt>
      <trkpt lat="49.7432900" lon="13.3399000"></trkpt>
      <trkpt lat="49.7415600" lon="13.3307400"></trkpt>
      <trkpt lat="49.7406100" lon="13.3282700"></trkpt>
      <trkpt lat="49.7399800" lon="13.3256300"></trkpt>
      <trkpt lat="49.7393100" lon="13.3235500"></trkpt>
      <trkpt lat="49.7389400" lon="13.3219500"></trkpt>
      <trkpt lat="49.7379500" lon="13.3154400"></trkpt>
      <trkpt lat="49.7374200" lon="13.3127600"></trkpt>
      <trkpt lat="49.7372100" lon="13.3093000"></trkpt>
      <trkpt lat="49.7370300" lon="13.3079100"></trkpt>
      <trkpt lat="49.7363700" lon="13.3043200"></trkpt>
      <trkpt lat="49.7359500" lon="13.3006000"></trkpt>
      <trkpt lat="49.7353400" lon="13.2979900"></trkpt>
      <trkpt lat="49.7341600" lon="13.2939500"></trkpt>
      <trkpt lat="49.7337800" lon="13.2931100"></trkpt>
      <trkpt lat="49.7331900" lon="13.2908900"></trkpt>
      <trkpt lat="49.7324000" lon="13.2862800"></trkpt>
      <trkpt lat="49.7321900" lon="13.2833000"></trkpt>
      <trkpt lat="49.7322200" lon="13.2821000"></trkpt>
      <trkpt lat="49.7316900" lon="13.2786000"></trkpt>
      <trkpt lat="49.7306200" lon="13.2779000"></trkpt>
      <trkpt lat="49.7299000" lon="13.2764800"></trkpt>
      <trkpt lat="49.7296700" lon="13.2739800"></trkpt>
      <trkpt lat="49.7296300" lon="13.2722800"></trkpt>
      <trkpt lat="49.7293000" lon="13.2687100"></trkpt>
      <trkpt lat="49.7293400" lon="13.2660200"></trkpt>
      <trkpt lat="49.7291200" lon="13.2643700"></trkpt>
      <trkpt lat="49.7286200" lon="13.2624700"></trkpt>
      <trkpt lat="49.7272000" lon="13.2553600"></trkpt>
      <trkpt lat="49.7268500" lon="13.2523300"></trkpt>
      <trkpt lat="49.7269000" lon="13.2503900"></trkpt>
      <trkpt lat="49.7268000" lon="13.2479100"></trkpt>
      <trkpt lat="49.7262000" lon="13.2444800"></trkpt>
      <trkpt lat="49.7257100" lon="13.2432300"></trkpt>
      <trkpt lat="49.7247700" lon="13.2375800"></trkpt>
      <trkpt lat="49.7238100" lon="13.2341700"></trkpt>
      <trkpt lat="49.7230100" lon="13.2318700"></trkpt>
      <trkpt lat="49.7211900" lon="13.2294200"></trkpt>
      <trkpt lat="49.7203300" lon="13.2273200"></trkpt>
      <trkpt lat="49.7197900" lon="13.2250400"></trkpt>
      <trkpt lat="49.7192800" lon="13.2238500"></trkpt>
      <trkpt lat="49.7163000" lon="13.2183500"></trkpt>
      <trkpt lat="49.7153300" lon="13.2156700"></trkpt>
      <trkpt lat="49.7130900" lon="13.2061500"></trkpt>
      <trkpt lat="49.7128700" lon="13.2049800"></trkpt>
      <trkpt lat="49.7125000" lon="13.1991900"></trkpt>
      <trkpt lat="49.7124800" lon="13.1977900"></trkpt>
      <trkpt lat="49.7129500" lon="13.1907200"></trkpt>
      <trkpt lat="49.7136100" lon="13.1861500"></trkpt>
      <trkpt lat="49.7143600" lon="13.1830400"></trkpt>
      <trkpt lat="49.7158300" lon="13.1744700"></trkpt>
      <trkpt lat="49.7158800" lon="13.1736000"></trkpt>
      <trkpt lat="49.7152700" lon="13.1683100"></trkpt>
      <trkpt lat="49.7151000" lon="13.1653600"></trkpt>
      <trkpt lat="49.7153200" lon="13.1613700"></trkpt>
      <trkpt lat="49.7152600" lon="13.1541000"></trkpt>
      <trkpt lat="49.7156200" lon="13.1473200"></trkpt>
      <trkpt lat="49.7157100" lon="13.1465300"></trkpt>
      <trkpt lat="49.7166400" lon="13.1414800"></trkpt>
      <trkpt lat="49.7165600" lon="13.1371800"></trkpt>
      <trkpt lat="49.7154200" lon="13.1340300"></trkpt>
      <trkpt lat="49.7152900" lon="13.1317700"></trkpt>
      <trkpt lat="49.7155400" lon="13.1297800"></trkpt>
      <trkpt lat="49.7155000" lon="13.1283600"></trkpt>
      <trkpt lat="49.7151500" lon="13.1269800"></trkpt>
      <trkpt lat="49.7133000" lon="13.1231900"></trkpt>
      <trkpt lat="49.7112600" lon="13.1176000"></trkpt>
      <trkpt lat="49.7064100" lon="13.1044600"></trkpt>
      <trkpt lat="49.7067300" lon="13.1016200"></trkpt>
      <trkpt lat="49.7064600" lon="13.0995000"></trkpt>
      <trkpt lat="49.7060900" lon="13.0978100"></trkpt>
      <trkpt lat="49.7049700" lon="13.0903200"></trkpt>
      <trkpt lat="49.7041500" lon="13.0878800"></trkpt>
      <trkpt lat="49.7038900" lon="13.0858000"></trkpt>
      <trkpt lat="49.7032700" lon="13.0841200"></trkpt>
      <trkpt lat="49.7029200" lon="13.0820200"></trkpt>
      <trkpt lat="49.7044000" lon="13.0728500"></trkpt>
      <trkpt lat="49.7031300" lon="13.0629200"></trkpt>
      <trkpt lat="49.7030400" lon="13.0618000"></trkpt>
      <trkpt lat="49.7032900" lon="13.0563400"></trkpt>
      <trkpt lat="49.7036600" lon="13.0537400"></trkpt>
      <trkpt lat="49.7029200" lon="13.0440100"></trkpt>
      <trkpt lat="49.7029200" lon="13.0409200"></trkpt>
      <trkpt lat="49.7026100" lon="13.0393300"></trkpt>
      <trkpt lat="49.7026300" lon="13.0363600"></trkpt>
      <trkpt lat="49.7027800" lon="13.0354900"></trkpt>
      <trkpt lat="49.7051300" lon="13.0273200"></trkpt>
      <trkpt lat="49.7081800" lon="13.0214500"></trkpt>
      <trkpt lat="49.7099800" lon="13.0161000"></trkpt>
      <trkpt lat="49.7107800" lon="13.0144500"></trkpt>
      <trkpt lat="49.7115200" lon="13.0116300"></trkpt>
      <trkpt lat="49.7120800" lon="13.0084200"></trkpt>
      <trkpt lat="49.7121400" lon="13.0066100"></trkpt>
      <trkpt lat="49.7117300" lon="13.0048200"></trkpt>
      <trkpt lat="49.7116800" lon="13.0029100"></trkpt>
      <trkpt lat="49.7120500" lon="13.0011700"></trkpt>
      <trkpt lat="49.7121200" lon="12.9987500"></trkpt>
      <trkpt lat="49.7118100" lon="12.9970100"></trkpt>
      <trkpt lat="49.7129700" lon="12.9967800"></trkpt>
      <trkpt lat="49.7139600" lon="12.9954800"></trkpt>
      <trkpt lat="49.7144300" lon="12.9945400"></trkpt>
      <trkpt lat="49.7148700" lon="12.9929900"></trkpt>
      <trkpt lat="49.7149300" lon="12.9903600"></trkpt>
      <trkpt lat="49.7156500" lon="12.9851200"></trkpt>
      <trkpt lat="49.7152300" lon="12.9829300"></trkpt>
      <trkpt lat="49.7152100" lon="12.9818600"></trkpt>
      <trkpt lat="49.7154400" lon="12.9801000"></trkpt>
      <trkpt lat="49.7153500" lon="12.9753900"></trkpt>
      <trkpt lat="49.7157100" lon="12.9689600"></trkpt>
      <trkpt lat="49.7159200" lon="12.9661300"></trkpt>
      <trkpt lat="49.7164700" lon="12.9640700"></trkpt>
      <trkpt lat="49.7178300" lon="12.9616800"></trkpt>
      <trkpt lat="49.7187800" lon="12.9582500"></trkpt>
      <trkpt lat="49.7189500" lon="12.9550800"></trkpt>
      <trkpt lat="49.7192600" lon="12.9538500"></trkpt>
      <trkpt lat="49.7199100" lon="12.9526900"></trkpt>
      <trkpt lat="49.7201800" lon="12.9511300"></trkpt>
      <trkpt lat="49.7198800" lon="12.9481200"></trkpt>
      <trkpt lat="49.7196200" lon="12.9467000"></trkpt>
      <trkpt lat="49.7189100" lon="12.9439500"></trkpt>
      <trkpt lat="49.7190600" lon="12.9419100"></trkpt>
      <trkpt lat="49.7190600" lon="12.9340000"></trkpt>
      <trkpt lat="49.7191500" lon="12.9293900"></trkpt>
      <trkpt lat="49.7199200" lon="12.9248600"></trkpt>
      <trkpt lat="49.7204800" lon="12.9230100"></trkpt>
      <trkpt lat="49.7210900" lon="12.9216300"></trkpt>
      <trkpt lat="49.7220500" lon="12.9200600"></trkpt>
      <trkpt lat="49.7239300" lon="12.9152500"></trkpt>
      <trkpt lat="49.7242800" lon="12.9148300"></trkpt>
      <trkpt lat="49.7259500" lon="12.9143700"></trkpt>
      <trkpt lat="49.7265000" lon="12.9138700"></trkpt>
      <trkpt lat="49.7273800" lon="12.9115800"></trkpt>
      <trkpt lat="49.7283900" lon="12.9095300"></trkpt>
      <trkpt lat="49.7293600" lon="12.9080500"></trkpt>
      <trkpt lat="49.7302300" lon="12.9070000"></trkpt>
      <trkpt lat="49.7302400" lon="12.9064000"></trkpt>
      <trkpt lat="49.7281600" lon="12.9022500"></trkpt>
      <trkpt lat="49.7269500" lon="12.8994500"></trkpt>
      <trkpt lat="49.7261400" lon="12.8963800"></trkpt>
      <trkpt lat="49.7251200" lon="12.8890700"></trkpt>
      <trkpt lat="49.7228700" lon="12.8725800"></trkpt>
      <trkpt lat="49.7212700" lon="12.8610600"></trkpt>
      <trkpt lat="49.7212600" lon="12.8598800"></trkpt>
      <trkpt lat="49.7234800" lon="12.8501600"></trkpt>
      <trkpt lat="49.7251600" lon="12.8425700"></trkpt>
      <trkpt lat="49.7251000" lon="12.8415000"></trkpt>
      <trkpt lat="49.7213100" lon="12.8317400"></trkpt>
      <trkpt lat="49.7183800" lon="12.8240800"></trkpt>
      <trkpt lat="49.7174800" lon="12.8219200"></trkpt>
      <trkpt lat="49.7167300" lon="12.8210900"></trkpt>
      <trkpt lat="49.7144700" lon="12.8200500"></trkpt>
      <trkpt lat="49.7138000" lon="12.8186000"></trkpt>
      <trkpt lat="49.7140100" lon="12.8174100"></trkpt>
      <trkpt lat="49.7145600" lon="12.8157600"></trkpt>
      <trkpt lat="49.7142800" lon="12.8146300"></trkpt>
      <trkpt lat="49.7132200" lon="12.8135300"></trkpt>
      <trkpt lat="49.7110000" lon="12.8091600"></trkpt>
      <trkpt lat="49.7063000" lon="12.7993500"></trkpt>
      <trkpt lat="49.7055300" lon="12.7962900"></trkpt>
      <trkpt lat="49.7055900" lon="12.7955800"></trkpt>
      <trkpt lat="49.7089800" lon="12.7821600"></trkpt>
      <trkpt lat="49.7093500" lon="12.7810100"></trkpt>
      <trkpt lat="49.7098100" lon="12.7787600"></trkpt>
      <trkpt lat="49.7106500" lon="12.7775600"></trkpt>
      <trkpt lat="49.7107100" lon="12.7762600"></trkpt>
      <trkpt lat="49.7111600" lon="12.7739300"></trkpt>
      <trkpt lat="49.7109800" lon="12.7726100"></trkpt>
      <trkpt lat="49.7099000" lon="12.7721800"></trkpt>
      <trkpt lat="49.7089900" lon="12.7711400"></trkpt>
      <trkpt lat="49.7018400" lon="12.7564100"></trkpt>
      <trkpt lat="49.7015700" lon="12.7557900"></trkpt>
      <trkpt lat="49.7000100" lon="12.7540700"></trkpt>
      <trkpt lat="49.6992400" lon="12.7527900"></trkpt>
      <trkpt lat="49.6968100" lon="12.7480100"></trkpt>
      <trkpt lat="49.6949500" lon="12.7445000"></trkpt>
      <trkpt lat="49.6937800" lon="12.7427400"></trkpt>
      <trkpt lat="49.6925600" lon="12.7406100"></trkpt>
      <trkpt lat="49.6920700" lon="12.7393500"></trkpt>
      <trkpt lat="49.6895800" lon="12.7286200"></trkpt>
      <trkpt lat="49.6889400" lon="12.7251300"></trkpt>
      <trkpt lat="49.6882400" lon="12.7227000"></trkpt>
      <trkpt lat="49.6847700" lon="12.7136800"></trkpt>
      <trkpt lat="49.6837500" lon="12.7094600"></trkpt>
      <trkpt lat="49.6833800" lon="12.7062000"></trkpt>
      <trkpt lat="49.6834000" lon="12.7029700"></trkpt>
      <trkpt lat="49.6837000" lon="12.7006200"></trkpt>
      <trkpt lat="49.6836900" lon="12.6987800"></trkpt>
      <trkpt lat="49.6835000" lon="12.6971600"></trkpt>
      <trkpt lat="49.6828800" lon="12.6951700"></trkpt>
      <trkpt lat="49.6798900" lon="12.6889600"></trkpt>
      <trkpt lat="49.6787900" lon="12.6882200"></trkpt>
      <trkpt lat="49.6763300" lon="12.6876400"></trkpt>
      <trkpt lat="49.6756200" lon="12.6872600"></trkpt>
      <trkpt lat="49.6750700" lon="12.6853200"></trkpt>
      <trkpt lat="49.6741800" lon="12.6795600"></trkpt>
      <trkpt lat="49.6742200" lon="12.6772700"></trkpt>
      <trkpt lat="49.6747200" lon="12.6742400"></trkpt>
      <trkpt lat="49.6748300" lon="12.6719000"></trkpt>
      <trkpt lat="49.6742500" lon="12.6677900"></trkpt>
      <trkpt lat="49.6739900" lon="12.6634300"></trkpt>
      <trkpt lat="49.6739900" lon="12.6623500"></trkpt>
      <trkpt lat="49.6748000" lon="12.6589500"></trkpt>
      <trkpt lat="49.6755700" lon="12.6572100"></trkpt>
      <trkpt lat="49.6769000" lon="12.6553200"></trkpt>
      <trkpt lat="49.6781400" lon="12.6542000"></trkpt>
      <trkpt lat="49.6802900" lon="12.6529900"></trkpt>
      <trkpt lat="49.6812200" lon="12.6522200"></trkpt>
      <trkpt lat="49.6822400" lon="12.6505500"></trkpt>
      <trkpt lat="49.6816900" lon="12.6493000"></trkpt>
      <trkpt lat="49.6803900" lon="12.6478400"></trkpt>
      <trkpt lat="49.6795000" lon="12.6471900"></trkpt>
      <trkpt lat="49.6792600" lon="12.6464300"></trkpt>
      <trkpt lat="49.6798000" lon="12.6410800"></trkpt>
      <trkpt lat="49.6777400" lon="12.6276900"></trkpt>
      <trkpt lat="49.6768900" lon="12.6223700"></trkpt>
      <trkpt lat="49.6765900" lon="12.6213600"></trkpt>
      <trkpt lat="49.6735300" lon="12.6148000"></trkpt>
      <trkpt lat="49.6732900" lon="12.6139200"></trkpt>
      <trkpt lat="49.6736000" lon="12.6111300"></trkpt>
      <trkpt lat="49.6734700" lon="12.6091000"></trkpt>
      <trkpt lat="49.6741800" lon="12.6068800"></trkpt>
      <trkpt lat="49.6747100" lon="12.5986700"></trkpt>
      <trkpt lat="49.6749700" lon="12.5964300"></trkpt>
      <trkpt lat="49.6751800" lon="12.5956600"></trkpt>
      <trkpt lat="49.6774100" lon="12.5901500"></trkpt>
      <trkpt lat="49.6775400" lon="12.5892200"></trkpt>
      <trkpt lat="49.6745700" lon="12.5644900"></trkpt>
      <trkpt lat="49.6745300" lon="12.5625900"></trkpt>
      <trkpt lat="49.6747400" lon="12.5604400"></trkpt>
      <trkpt lat="49.6744500" lon="12.5589800"></trkpt>
      <trkpt lat="49.6726800" lon="12.5590400"></trkpt>
      <trkpt lat="49.6719000" lon="12.5586400"></trkpt>
      <trkpt lat="49.6712900" lon="12.5576500"></trkpt>
      <trkpt lat="49.6704100" lon="12.5553200"></trkpt>
      <trkpt lat="49.6675700" lon="12.5508700"></trkpt>
      <trkpt lat="49.6658700" lon="12.5474000"></trkpt>
      <trkpt lat="49.6655000" lon="12.5468300"></trkpt>
      <trkpt lat="49.6595900" lon="12.5345200"></trkpt>
      <trkpt lat="49.6589600" lon="12.5335800"></trkpt>
      <trkpt lat="49.6554200" lon="12.5261100"></trkpt>
      <trkpt lat="49.6549400" lon="12.5248100"></trkpt>
      <trkpt lat="49.6550200" lon="12.5229500"></trkpt>
      <trkpt lat="49.6558000" lon="12.5209300"></trkpt>
      <trkpt lat="49.6557700" lon="12.5189200"></trkpt>
      <trkpt lat="49.6549600" lon="12.5170700"></trkpt>
      <trkpt lat="49.6530500" lon="12.5135100"></trkpt>
      <trkpt lat="49.6522700" lon="12.5125100"></trkpt>
      <trkpt lat="49.6526800" lon="12.5117100"></trkpt>
      <trkpt lat="49.6520400" lon="12.5101600"></trkpt>
      <trkpt lat="49.6513000" lon="12.5075600"></trkpt>
      <trkpt lat="49.6512800" lon="12.5060900"></trkpt>
      <trkpt lat="49.6508800" lon="12.5057800"></trkpt>
      <trkpt lat="49.6502800" lon="12.5062000"></trkpt>
      <trkpt lat="49.6494800" lon="12.5060300"></trkpt>
      <trkpt lat="49.6482900" lon="12.5045700"></trkpt>
      <trkpt lat="49.6476700" lon="12.5018400"></trkpt>
      <trkpt lat="49.6467600" lon="12.4995500"></trkpt>
      <trkpt lat="49.6456700" lon="12.4988000"></trkpt>
      <trkpt lat="49.6442800" lon="12.4968500"></trkpt>
      <trkpt lat="49.6434300" lon="12.4969800"></trkpt>
      <trkpt lat="49.6426100" lon="12.4967500"></trkpt>
      <trkpt lat="49.6425900" lon="12.4956500"></trkpt>
      <trkpt lat="49.6408700" lon="12.4936400"></trkpt>
      <trkpt lat="49.6395800" lon="12.4904600"></trkpt>
      <trkpt lat="49.6391300" lon="12.4876700"></trkpt>
      <trkpt lat="49.6385300" lon="12.4857800"></trkpt>
      <trkpt lat="49.6376200" lon="12.4840800"></trkpt>
      <trkpt lat="49.6369100" lon="12.4821800"></trkpt>
      <trkpt lat="49.6356100" lon="12.4780000"></trkpt>
      <trkpt lat="49.6354400" lon="12.4772400"></trkpt>
      <trkpt lat="49.6349200" lon="12.4732300"></trkpt>
      <trkpt lat="49.6340700" lon="12.4714800"></trkpt>
      <trkpt lat="49.6336200" lon="12.4700500"></trkpt>
      <trkpt lat="49.6331600" lon="12.4671600"></trkpt>
      <trkpt lat="49.6330200" lon="12.4655300"></trkpt>
      <trkpt lat="49.6331000" lon="12.4640600"></trkpt>
      <trkpt lat="49.6339500" lon="12.4587100"></trkpt>
      <trkpt lat="49.6335700" lon="12.4568900"></trkpt>
      <trkpt lat="49.6332900" lon="12.4536400"></trkpt>
      <trkpt lat="49.6326100" lon="12.4514200"></trkpt>
      <trkpt lat="49.6306200" lon="12.4485900"></trkpt>
      <trkpt lat="49.6300200" lon="12.4475600"></trkpt>
      <trkpt lat="49.6292300" lon="12.4455600"></trkpt>
      <trkpt lat="49.6271800" lon="12.4388700"></trkpt>
      <trkpt lat="49.6267800" lon="12.4372300"></trkpt>
      <trkpt lat="49.6254600" lon="12.4309800"></trkpt>
      <trkpt lat="49.6249200" lon="12.4295000"></trkpt>
      <trkpt lat="49.6225200" lon="12.4277900"></trkpt>
      <trkpt lat="49.6214700" lon="12.4266700"></trkpt>
      <trkpt lat="49.6209900" lon="12.4256300"></trkpt>
      <trkpt lat="49.6204600" lon="12.4228000"></trkpt>
      <trkpt lat="49.6205500" lon="12.4189400"></trkpt>
      <trkpt lat="49.6204200" lon="12.4173200"></trkpt>
      <trkpt lat="49.6199900" lon="12.4153500"></trkpt>
      <trkpt lat="49.6203600" lon="12.4150000"></trkpt>
      <trkpt lat="49.6201300" lon="12.4114600"></trkpt>
      <trkpt lat="49.6201100" lon="12.4092200"></trkpt>
      <trkpt lat="49.6195300" lon="12.4077900"></trkpt>
      <trkpt lat="49.6162400" lon="12.4007300"></trkpt>
      <trkpt lat="49.6161200" lon="12.3960400"></trkpt>
      <trkpt lat="49.6162200" lon="12.3931300"></trkpt>
      <trkpt lat="49.6161500" lon="12.3903000"></trkpt>
      <trkpt lat="49.6160100" lon="12.3896100"></trkpt>
      <trkpt lat="49.6162600" lon="12.3861200"></trkpt>
      <trkpt lat="49.6167800" lon="12.3852600"></trkpt>
      <trkpt lat="49.6166800" lon="12.3834400"></trkpt>
      <trkpt lat="49.6162900" lon="12.3828400"></trkpt>
      <trkpt lat="49.6168200" lon="12.3794700"></trkpt>
      <trkpt lat="49.6182200" lon="12.3741500"></trkpt>
      <trkpt lat="49.6188200" lon="12.3703800"></trkpt>
      <trkpt lat="49.6190400" lon="12.3675400"></trkpt>
      <trkpt lat="49.6191600" lon="12.3639200"></trkpt>
      <trkpt lat="49.6190700" lon="12.3591600"></trkpt>
      <trkpt lat="49.6190100" lon="12.3513200"></trkpt>
      <trkpt lat="49.6187700" lon="12.3484000"></trkpt>
      <trkpt lat="49.6185400" lon="12.3475200"></trkpt>
      <trkpt lat="49.6174200" lon="12.3465700"></trkpt>
      <trkpt lat="49.6170500" lon="12.3454500"></trkpt>
      <trkpt lat="49.6172100" lon="12.3413900"></trkpt>
      <trkpt lat="49.6168800" lon="12.3401100"></trkpt>
      <trkpt lat="49.6161700" lon="12.3389500"></trkpt>
      <trkpt lat="49.6139000" lon="12.3365500"></trkpt>
      <trkpt lat="49.6129400" lon="12.3347700"></trkpt>
      <trkpt lat="49.6121200" lon="12.3326800"></trkpt>
      <trkpt lat="49.6117200" lon="12.3297700"></trkpt>
      <trkpt lat="49.6111200" lon="12.3285200"></trkpt>
      <trkpt lat="49.6094700" lon="12.3270100"></trkpt>
      <trkpt lat="49.6088200" lon="12.3253600"></trkpt>
      <trkpt lat="49.6084600" lon="12.3233400"></trkpt>
      <trkpt lat="49.6083900" lon="12.3216300"></trkpt>
      <trkpt lat="49.6087400" lon="12.3197400"></trkpt>
      <trkpt lat="49.6107600" lon="12.3130600"></trkpt>
      <trkpt lat="49.6111400" lon="12.3114100"></trkpt>
      <trkpt lat="49.6112900" lon="12.3094300"></trkpt>
      <trkpt lat="49.6111800" lon="12.3078800"></trkpt>
      <trkpt lat="49.6107700" lon="12.3059800"></trkpt>
      <trkpt lat="49.6086600" lon="12.3000300"></trkpt>
      <trkpt lat="49.6072000" lon="12.2971400"></trkpt>
      <trkpt lat="49.6055700" lon="12.2934700"></trkpt>
      <trkpt lat="49.6039000" lon="12.2865400"></trkpt>
      <trkpt lat="49.6038400" lon="12.2858100"></trkpt>
      <trkpt lat="49.6048800" lon="12.2851900"></trkpt>
      <trkpt lat="49.6049100" lon="12.2821300"></trkpt>
      <trkpt lat="49.6055300" lon="12.2791600"></trkpt>
      <trkpt lat="49.6069800" lon="12.2768000"></trkpt>
      <trkpt lat="49.6071500" lon="12.2715400"></trkpt>
      <trkpt lat="49.6053400" lon="12.2708900"></trkpt>
      <trkpt lat="49.6050000" lon="12.2696800"></trkpt>
      <trkpt lat="49.6049200" lon="12.2679600"></trkpt>
      <trkpt lat="49.6037200" lon="12.2663200"></trkpt>
      <trkpt lat="49.6041200" lon="12.2639500"></trkpt>
      <trkpt lat="49.6046100" lon="12.2623800"></trkpt>
      <trkpt lat="49.6054400" lon="12.2609100"></trkpt>
      <trkpt lat="49.6058800" lon="12.2596700"></trkpt>
      <trkpt lat="49.6060000" lon="12.2576800"></trkpt>
      <trkpt lat="49.6057200" lon="12.2563500"></trkpt>
      <trkpt lat="49.6037300" lon="12.2507400"></trkpt>
      <trkpt lat="49.6034300" lon="12.2496600"></trkpt>
      <trkpt lat="49.6033100" lon="12.2479500"></trkpt>
      <trkpt lat="49.6038100" lon="12.2456700"></trkpt>
      <trkpt lat="49.6048500" lon="12.2441000"></trkpt>
      <trkpt lat="49.6065100" lon="12.2428200"></trkpt>
      <trkpt lat="49.6073500" lon="12.2418300"></trkpt>
      <trkpt lat="49.6077700" lon="12.2409200"></trkpt>
      <trkpt lat="49.6083500" lon="12.2376300"></trkpt>
      <trkpt lat="49.6075700" lon="12.2369000"></trkpt>
      <trkpt lat="49.6073400" lon="12.2363000"></trkpt>
      <trkpt lat="49.6057700" lon="12.2301200"></trkpt>
      <trkpt lat="49.6052800" lon="12.2276900"></trkpt>
      <trkpt lat="49.6039100" lon="12.2201400"></trkpt>
      <trkpt lat="49.6032600" lon="12.2172700"></trkpt>
      <trkpt lat="49.6027200" lon="12.2154800"></trkpt>
      <trkpt lat="49.6015500" lon="12.2125000"></trkpt>
      <trkpt lat="49.6011700" lon="12.2107100"></trkpt>
      <trkpt lat="49.6011900" lon="12.2051100"></trkpt>
      <trkpt lat="49.6009900" lon="12.2029700"></trkpt>
      <trkpt lat="49.6001600" lon="12.2007600"></trkpt>
      <trkpt lat="49.5982900" lon="12.1971400"></trkpt>
      <trkpt lat="49.5970300" lon="12.1930300"></trkpt>
      <trkpt lat="49.5963000" lon="12.1909500"></trkpt>
      <trkpt lat="49.5947000" lon="12.1877900"></trkpt>
      <trkpt lat="49.5941900" lon="12.1864500"></trkpt>
      <trkpt lat="49.5940900" lon="12.1853500"></trkpt>
      <trkpt lat="49.5927800" lon="12.1849300"></trkpt>
      <trkpt lat="49.5923000" lon="12.1828200"></trkpt>
      <trkpt lat="49.5919500" lon="12.1819000"></trkpt>
      <trkpt lat="49.5925800" lon="12.1817100"></trkpt>
      <trkpt lat="49.5920000" lon="12.1796300"></trkpt>
      <trkpt lat="49.5917200" lon="12.1795500"></trkpt>
      <trkpt lat="49.5916200" lon="12.1782500"></trkpt>
      <trkpt lat="49.5911900" lon="12.1770300"></trkpt>
      <trkpt lat="49.5897100" lon="12.1767200"></trkpt>
      <trkpt lat="49.5895700" lon="12.1748800"></trkpt>
      <trkpt lat="49.5888300" lon="12.1723500"></trkpt>
      <trkpt lat="49.5885200" lon="12.1704000"></trkpt>
      <trkpt lat="49.5885500" lon="12.1684600"></trkpt>
      <trkpt lat="49.5882200" lon="12.1675600"></trkpt>
      <trkpt lat="49.5873900" lon="12.1664100"></trkpt>
      <trkpt lat="49.5865700" lon="12.1627200"></trkpt>
      <trkpt lat="49.5862800" lon="12.1584000"></trkpt>
      <trkpt lat="49.5861500" lon="12.1549200"></trkpt>
      <trkpt lat="49.5859300" lon="12.1535000"></trkpt>
      <trkpt lat="49.5854900" lon="12.1522700"></trkpt>
      <trkpt lat="49.5849100" lon="12.1514700"></trkpt>
      <trkpt lat="49.5842600" lon="12.1511000"></trkpt>
      <trkpt lat="49.5836900" lon="12.1486000"></trkpt>
      <trkpt lat="49.5841200" lon="12.1476300"></trkpt>
      <trkpt lat="49.5835100" lon="12.1468300"></trkpt>
      <trkpt lat="49.5838700" lon="12.1461600"></trkpt>
      <trkpt lat="49.5827500" lon="12.1447800"></trkpt>
      <trkpt lat="49.5811800" lon="12.1422200"></trkpt>
      <trkpt lat="49.5808900" lon="12.1404500"></trkpt>
      <trkpt lat="49.5802100" lon="12.1389300"></trkpt>
      <trkpt lat="49.5798400" lon="12.1373700"></trkpt>
      <trkpt lat="49.5797700" lon="12.1352900"></trkpt>
      <trkpt lat="49.5791600" lon="12.1318100"></trkpt>
      <trkpt lat="49.5790100" lon="12.1292000"></trkpt>
      <trkpt lat="49.5790100" lon="12.1249800"></trkpt>
      <trkpt lat="49.5785100" lon="12.1219100"></trkpt>
      <trkpt lat="49.5782100" lon="12.1192900"></trkpt>
      <trkpt lat="49.5781400" lon="12.1168200"></trkpt>
      <trkpt lat="49.5783400" lon="12.1146300"></trkpt>
      <trkpt lat="49.5779600" lon="12.1122900"></trkpt>
      <trkpt lat="49.5771800" lon="12.1099400"></trkpt>
      <trkpt lat="49.5769500" lon="12.1077100"></trkpt>
      <trkpt lat="49.5771700" lon="12.1042300"></trkpt>
      <trkpt lat="49.5773700" lon="12.1032100"></trkpt>
      <trkpt lat="49.5762900" lon="12.1020100"></trkpt>
      <trkpt lat="49.5754900" lon="12.0999700"></trkpt>
      <trkpt lat="49.5751000" lon="12.0979000"></trkpt>
      <trkpt lat="49.5750600" lon="12.0969700"></trkpt>
      <trkpt lat="49.5752400" lon="12.0914600"></trkpt>
      <trkpt lat="49.5748000" lon="12.0894600"></trkpt>
      <trkpt lat="49.5697700" lon="12.0809200"></trkpt>
      <trkpt lat="49.5687600" lon="12.0790200"></trkpt>
      <trkpt lat="49.5676000" lon="12.0756300"></trkpt>
      <trkpt lat="49.5658400" lon="12.0680700"></trkpt>
      <trkpt lat="49.5648600" lon="12.0637000"></trkpt>
      <trkpt lat="49.5650100" lon="12.0592800"></trkpt>
      <trkpt lat="49.5645000" lon="12.0577100"></trkpt>
      <trkpt lat="49.5636500" lon="12.0561200"></trkpt>
      <trkpt lat="49.5618800" lon="12.0541700"></trkpt>
      <trkpt lat="49.5608400" lon="12.0523300"></trkpt>
      <trkpt lat="49.5603900" lon="12.0511700"></trkpt>
      <trkpt lat="49.5599800" lon="12.0490500"></trkpt>
      <trkpt lat="49.5586000" lon="12.0461500"></trkpt>
      <trkpt lat="49.5568400" lon="12.0414800"></trkpt>
      <trkpt lat="49.5558000" lon="12.0374900"></trkpt>
      <trkpt lat="49.5556000" lon="12.0363100"></trkpt>
      <trkpt lat="49.5550600" lon="12.0347600"></trkpt>
      <trkpt lat="49.5547300" lon="12.0321200"></trkpt>
      <trkpt lat="49.5540800" lon="12.0301400"></trkpt>
      <trkpt lat="49.5527900" lon="12.0289900"></trkpt>
      <trkpt lat="49.5525200" lon="12.0276700"></trkpt>
      <trkpt lat="49.5517700" lon="12.0258700"></trkpt>
      <trkpt lat="49.5520200" lon="12.0245200"></trkpt>
      <trkpt lat="49.5518200" lon="12.0222000"></trkpt>
      <trkpt lat="49.5510200" lon="12.0197700"></trkpt>
      <trkpt lat="49.5508000" lon="12.0198900"></trkpt>
      <trkpt lat="49.5501400" lon="12.0161000"></trkpt>
      <trkpt lat="49.5497600" lon="12.0129500"></trkpt>
      <trkpt lat="49.5496800" lon="12.0094300"></trkpt>
      <trkpt lat="49.5494000" lon="12.0076300"></trkpt>
      <trkpt lat="49.5483800" lon="12.0053100"></trkpt>
      <trkpt lat="49.5479400" lon="12.0036100"></trkpt>
      <trkpt lat="49.5477500" lon="12.0008000"></trkpt>
      <trkpt lat="49.5475400" lon="11.9998300"></trkpt>
      <trkpt lat="49.5470000" lon="11.9990400"></trkpt>
      <trkpt lat="49.5465200" lon="11.9971800"></trkpt>
      <trkpt lat="49.5463900" lon="11.9943200"></trkpt>
      <trkpt lat="49.5459800" lon="11.9920000"></trkpt>
      <trkpt lat="49.5456600" lon="11.9911600"></trkpt>
      <trkpt lat="49.5446700" lon="11.9894200"></trkpt>
      <trkpt lat="49.5433600" lon="11.9867200"></trkpt>
      <trkpt lat="49.5430000" lon="11.9856900"></trkpt>
      <trkpt lat="49.5425900" lon="11.9832600"></trkpt>
      <trkpt lat="49.5426200" lon="11.9789600"></trkpt>
      <trkpt lat="49.5425400" lon="11.9764100"></trkpt>
      <trkpt lat="49.5427800" lon="11.9736900"></trkpt>
      <trkpt lat="49.5428400" lon="11.9718400"></trkpt>
      <trkpt lat="49.5427300" lon="11.9640900"></trkpt>
      <trkpt lat="49.5430100" lon="11.9597600"></trkpt>
      <trkpt lat="49.5431200" lon="11.9556600"></trkpt>
      <trkpt lat="49.5434300" lon="11.9526500"></trkpt>
      <trkpt lat="49.5433700" lon="11.9498600"></trkpt>
      <trkpt lat="49.5430800" lon="11.9475200"></trkpt>
      <trkpt lat="49.5423900" lon="11.9449900"></trkpt>
      <trkpt lat="49.5414900" lon="11.9422700"></trkpt>
      <trkpt lat="49.5409900" lon="11.9402700"></trkpt>
      <trkpt lat="49.5405300" lon="11.9368000"></trkpt>
      <trkpt lat="49.5402900" lon="11.9332600"></trkpt>
      <trkpt lat="49.5380300" lon="11.9231300"></trkpt>
      <trkpt lat="49.5367800" lon="11.9196200"></trkpt>
      <trkpt lat="49.5363300" lon="11.9180900"></trkpt>
      <trkpt lat="49.5359600" lon="11.9157300"></trkpt>
      <trkpt lat="49.5360200" lon="11.9133700"></trkpt>
      <trkpt lat="49.5368300" lon="11.9087300"></trkpt>
      <trkpt lat="49.5369900" lon="11.9065400"></trkpt>
      <trkpt lat="49.5371600" lon="11.9017400"></trkpt>
      <trkpt lat="49.5373900" lon="11.8989800"></trkpt>
      <trkpt lat="49.5389300" lon="11.8881600"></trkpt>
      <trkpt lat="49.5391700" lon="11.8858000"></trkpt>
      <trkpt lat="49.5390200" lon="11.8833200"></trkpt>
      <trkpt lat="49.5379500" lon="11.8792000"></trkpt>
      <trkpt lat="49.5375500" lon="11.8771900"></trkpt>
      <trkpt lat="49.5370900" lon="11.8733000"></trkpt>
      <trkpt lat="49.5369400" lon="11.8706800"></trkpt>
      <trkpt lat="49.5363400" lon="11.8659300"></trkpt>
      <trkpt lat="49.5361000" lon="11.8634200"></trkpt>
      <trkpt lat="49.5350500" lon="11.8574900"></trkpt>
      <trkpt lat="49.5346000" lon="11.8553400"></trkpt>
      <trkpt lat="49.5334600" lon="11.8517000"></trkpt>
      <trkpt lat="49.5281800" lon="11.8394300"></trkpt>
      <trkpt lat="49.5275900" lon="11.8376200"></trkpt>
      <trkpt lat="49.5272200" lon="11.8355400"></trkpt>
      <trkpt lat="49.5271800" lon="11.8343100"></trkpt>
      <trkpt lat="49.5265900" lon="11.8333900"></trkpt>
      <trkpt lat="49.5264400" lon="11.8326700"></trkpt>
      <trkpt lat="49.5253400" lon="11.8308600"></trkpt>
      <trkpt lat="49.5255100" lon="11.8295900"></trkpt>
      <trkpt lat="49.5254200" lon="11.8274300"></trkpt>
      <trkpt lat="49.5252300" lon="11.8268200"></trkpt>
      <trkpt lat="49.5240400" lon="11.8251000"></trkpt>
      <trkpt lat="49.5235100" lon="11.8231400"></trkpt>
      <trkpt lat="49.5229200" lon="11.8216000"></trkpt>
      <trkpt lat="49.5220600" lon="11.8205600"></trkpt>
      <trkpt lat="49.5220500" lon="11.8190500"></trkpt>
      <trkpt lat="49.5222700" lon="11.8172000"></trkpt>
      <trkpt lat="49.5218800" lon="11.8133300"></trkpt>
      <trkpt lat="49.5216200" lon="11.8121500"></trkpt>
      <trkpt lat="49.5215500" lon="11.8106400"></trkpt>
      <trkpt lat="49.5209000" lon="11.8091300"></trkpt>
      <trkpt lat="49.5198700" lon="11.8097300"></trkpt>
      <trkpt lat="49.5192100" lon="11.8098200"></trkpt>
      <trkpt lat="49.5183300" lon="11.8092200"></trkpt>
      <trkpt lat="49.5173000" lon="11.8072800"></trkpt>
      <trkpt lat="49.5155800" lon="11.8053200"></trkpt>
      <trkpt lat="49.5153300" lon="11.8041400"></trkpt>
      <trkpt lat="49.5155300" lon="11.8032900"></trkpt>
      <trkpt lat="49.5161700" lon="11.8020400"></trkpt>
      <trkpt lat="49.5166300" lon="11.8007200"></trkpt>
      <trkpt lat="49.5172200" lon="11.7971400"></trkpt>
      <trkpt lat="49.5168500" lon="11.7970900"></trkpt>
      <trkpt lat="49.5163300" lon="11.7954500"></trkpt>
      <trkpt lat="49.5161300" lon="11.7914400"></trkpt>
      <trkpt lat="49.5160400" lon="11.7881600"></trkpt>
      <trkpt lat="49.5160800" lon="11.7826700"></trkpt>
      <trkpt lat="49.5157800" lon="11.7815400"></trkpt>
      <trkpt lat="49.5154400" lon="11.7792700"></trkpt>
      <trkpt lat="49.5149700" lon="11.7785900"></trkpt>
      <trkpt lat="49.5145900" lon="11.7771300"></trkpt>
      <trkpt lat="49.5141200" lon="11.7745300"></trkpt>
      <trkpt lat="49.5136300" lon="11.7728400"></trkpt>
      <trkpt lat="49.5132100" lon="11.7707200"></trkpt>
      <trkpt lat="49.5120200" lon="11.7677600"></trkpt>
      <trkpt lat="49.5099900" lon="11.7640100"></trkpt>
      <trkpt lat="49.5082100" lon="11.7626200"></trkpt>
      <trkpt lat="49.5075300" lon="11.7618500"></trkpt>
      <trkpt lat="49.5052800" lon="11.7600100"></trkpt>
      <trkpt lat="49.5050800" lon="11.7595100"></trkpt>
      <trkpt lat="49.5051700" lon="11.7548400"></trkpt>
      <trkpt lat="49.5054900" lon="11.7526100"></trkpt>
      <trkpt lat="49.5056400" lon="11.7503400"></trkpt>
      <trkpt lat="49.5063300" lon="11.7468400"></trkpt>
      <trkpt lat="49.5064700" lon="11.7451500"></trkpt>
      <trkpt lat="49.5064300" lon="11.7425600"></trkpt>
      <trkpt lat="49.5067200" lon="11.7404000"></trkpt>
      <trkpt lat="49.5067700" lon="11.7385400"></trkpt>
      <trkpt lat="49.5057700" lon="11.7368600"></trkpt>
      <trkpt lat="49.5058300" lon="11.7358500"></trkpt>
      <trkpt lat="49.5055100" lon="11.7350100"></trkpt>
      <trkpt lat="49.5055000" lon="11.7338800"></trkpt>
      <trkpt lat="49.5058100" lon="11.7324400"></trkpt>
      <trkpt lat="49.5060100" lon="11.7300300"></trkpt>
      <trkpt lat="49.5066500" lon="11.7276600"></trkpt>
      <trkpt lat="49.5081300" lon="11.7248400"></trkpt>
      <trkpt lat="49.5081500" lon="11.7208900"></trkpt>
      <trkpt lat="49.5084900" lon="11.7174200"></trkpt>
      <trkpt lat="49.5084300" lon="11.7157400"></trkpt>
      <trkpt lat="49.5081700" lon="11.7141700"></trkpt>
      <trkpt lat="49.5064200" lon="11.7068000"></trkpt>
      <trkpt lat="49.5054000" lon="11.7004300"></trkpt>
      <trkpt lat="49.5049200" lon="11.6968900"></trkpt>
      <trkpt lat="49.5037500" lon="11.6931100"></trkpt>
      <trkpt lat="49.5026300" lon="11.6881800"></trkpt>
      <trkpt lat="49.5025100" lon="11.6852900"></trkpt>
      <trkpt lat="49.5029000" lon="11.6830500"></trkpt>
      <trkpt lat="49.5035700" lon="11.6806400"></trkpt>
      <trkpt lat="49.5038600" lon="11.6772300"></trkpt>
      <trkpt lat="49.5039300" lon="11.6738200"></trkpt>
      <trkpt lat="49.5038400" lon="11.6704700"></trkpt>
      <trkpt lat="49.5031900" lon="11.6660800"></trkpt>
      <trkpt lat="49.5024600" lon="11.6599800"></trkpt>
      <trkpt lat="49.5020100" lon="11.6546000"></trkpt>
      <trkpt lat="49.5019400" lon="11.6529000"></trkpt>
      <trkpt lat="49.5020000" lon="11.6477700"></trkpt>
      <trkpt lat="49.5017300" lon="11.6453800"></trkpt>
      <trkpt lat="49.5011200" lon="11.6432100"></trkpt>
      <trkpt lat="49.5003800" lon="11.6386500"></trkpt>
      <trkpt lat="49.4999900" lon="11.6349800"></trkpt>
      <trkpt lat="49.5001000" lon="11.6323700"></trkpt>
      <trkpt lat="49.5006800" lon="11.6269000"></trkpt>
      <trkpt lat="49.5006700" lon="11.6214600"></trkpt>
      <trkpt lat="49.5008500" lon="11.6171700"></trkpt>
      <trkpt lat="49.5010700" lon="11.6141700"></trkpt>
      <trkpt lat="49.5013400" lon="11.6118200"></trkpt>
      <trkpt lat="49.5013500" lon="11.6104400"></trkpt>
      <trkpt lat="49.5010100" lon="11.6077800"></trkpt>
      <trkpt lat="49.5008400" lon="11.6031300"></trkpt>
      <trkpt lat="49.5006500" lon="11.6008400"></trkpt>
      <trkpt lat="49.5003300" lon="11.5993400"></trkpt>
      <trkpt lat="49.4998100" lon="11.5980500"></trkpt>
      <trkpt lat="49.4989600" lon="11.5969000"></trkpt>
      <trkpt lat="49.4979100" lon="11.5959800"></trkpt>
      <trkpt lat="49.4970100" lon="11.5947600"></trkpt>
      <trkpt lat="49.4963200" lon="11.5926100"></trkpt>
      <trkpt lat="49.4963000" lon="11.5901800"></trkpt>
      <trkpt lat="49.4968000" lon="11.5877400"></trkpt>
      <trkpt lat="49.4969700" lon="11.5862400"></trkpt>
      <trkpt lat="49.4967200" lon="11.5815100"></trkpt>
      <trkpt lat="49.4969500" lon="11.5787600"></trkpt>
      <trkpt lat="49.4973100" lon="11.5774500"></trkpt>
      <trkpt lat="49.4987200" lon="11.5743500"></trkpt>
      <trkpt lat="49.4993300" lon="11.5723900"></trkpt>
      <trkpt lat="49.4994500" lon="11.5714500"></trkpt>
      <trkpt lat="49.4993400" lon="11.5696000"></trkpt>
      <trkpt lat="49.4985700" lon="11.5665400"></trkpt>
      <trkpt lat="49.4982500" lon="11.5633000"></trkpt>
      <trkpt lat="49.4981600" lon="11.5595500"></trkpt>
      <trkpt lat="49.4979100" lon="11.5555700"></trkpt>
      <trkpt lat="49.4963900" lon="11.5516500"></trkpt>
      <trkpt lat="49.4959000" lon="11.5476800"></trkpt>
      <trkpt lat="49.4961300" lon="11.5466300"></trkpt>
      <trkpt lat="49.4970700" lon="11.5457100"></trkpt>
      <trkpt lat="49.4978300" lon="11.5426100"></trkpt>
      <trkpt lat="49.4985400" lon="11.5403700"></trkpt>
      <trkpt lat="49.4990600" lon="11.5376900"></trkpt>
      <trkpt lat="49.5001800" lon="11.5335700"></trkpt>
      <trkpt lat="49.5006000" lon="11.5314600"></trkpt>
      <trkpt lat="49.5007600" lon="11.5281100"></trkpt>
      <trkpt lat="49.5004800" lon="11.5266400"></trkpt>
      <trkpt lat="49.5000600" lon="11.5254900"></trkpt>
      <trkpt lat="49.4999000" lon="11.5230500"></trkpt>
      <trkpt lat="49.5005400" lon="11.5208400"></trkpt>
      <trkpt lat="49.5007300" lon="11.5192200"></trkpt>
      <trkpt lat="49.5011200" lon="11.5174700"></trkpt>
      <trkpt lat="49.5016700" lon="11.5162700"></trkpt>
      <trkpt lat="49.5019700" lon="11.5142600"></trkpt>
      <trkpt lat="49.5025700" lon="11.5133200"></trkpt>
      <trkpt lat="49.5033200" lon="11.5113500"></trkpt>
      <trkpt lat="49.5035500" lon="11.5103100"></trkpt>
      <trkpt lat="49.5043200" lon="11.5085500"></trkpt>
      <trkpt lat="49.5043700" lon="11.5075400"></trkpt>
      <trkpt lat="49.5040800" lon="11.5044400"></trkpt>
      <trkpt lat="49.5042200" lon="11.5024300"></trkpt>
      <trkpt lat="49.5039800" lon="11.4993000"></trkpt>
      <trkpt lat="49.5050600" lon="11.4930300"></trkpt>
      <trkpt lat="49.5053200" lon="11.4909100"></trkpt>
      <trkpt lat="49.5054400" lon="11.4878800"></trkpt>
      <trkpt lat="49.5053800" lon="11.4860100"></trkpt>
      <trkpt lat="49.5049900" lon="11.4827500"></trkpt>
      <trkpt lat="49.5041400" lon="11.4788400"></trkpt>
      <trkpt lat="49.5027200" lon="11.4739400"></trkpt>
      <trkpt lat="49.5019600" lon="11.4709000"></trkpt>
      <trkpt lat="49.5014800" lon="11.4682000"></trkpt>
      <trkpt lat="49.5011300" lon="11.4645200"></trkpt>
      <trkpt lat="49.5010900" lon="11.4611300"></trkpt>
      <trkpt lat="49.5013900" lon="11.4576200"></trkpt>
      <trkpt lat="49.5020100" lon="11.4548400"></trkpt>
      <trkpt lat="49.5030000" lon="11.4512700"></trkpt>
      <trkpt lat="49.5037100" lon="11.4482300"></trkpt>
      <trkpt lat="49.5040600" lon="11.4458800"></trkpt>
      <trkpt lat="49.5042600" lon="11.4422400"></trkpt>
      <trkpt lat="49.5040600" lon="11.4385000"></trkpt>
      <trkpt lat="49.5036200" lon="11.4356500"></trkpt>
      <trkpt lat="49.5021700" lon="11.4296900"></trkpt>
      <trkpt lat="49.5013900" lon="11.4260800"></trkpt>
      <trkpt lat="49.5007900" lon="11.4217400"></trkpt>
      <trkpt lat="49.5006800" lon="11.4186700"></trkpt>
      <trkpt lat="49.5009100" lon="11.4155100"></trkpt>
      <trkpt lat="49.5011500" lon="11.4138300"></trkpt>
      <trkpt lat="49.5022000" lon="11.4077700"></trkpt>
      <trkpt lat="49.5026200" lon="11.4065000"></trkpt>
      <trkpt lat="49.5035200" lon="11.4051900"></trkpt>
      <trkpt lat="49.5042500" lon="11.4046200"></trkpt>
      <trkpt lat="49.5040100" lon="11.4036200"></trkpt>
      <trkpt lat="49.5034300" lon="11.4026800"></trkpt>
      <trkpt lat="49.5016600" lon="11.3988300"></trkpt>
      <trkpt lat="49.5013300" lon="11.3977100"></trkpt>
      <trkpt lat="49.5013900" lon="11.3950300"></trkpt>
      <trkpt lat="49.5019500" lon="11.3928200"></trkpt>
      <trkpt lat="49.5018200" lon="11.3922300"></trkpt>
      <trkpt lat="49.5008200" lon="11.3918000"></trkpt>
      <trkpt lat="49.5005800" lon="11.3907900"></trkpt>
      <trkpt lat="49.5007700" lon="11.3899900"></trkpt>
      <trkpt lat="49.5004400" lon="11.3872600"></trkpt>
      <trkpt lat="49.5010100" lon="11.3840200"></trkpt>
      <trkpt lat="49.5011500" lon="11.3790500"></trkpt>
      <trkpt lat="49.5010600" lon="11.3754300"></trkpt>
      <trkpt lat="49.5012600" lon="11.3733800"></trkpt>
      <trkpt lat="49.5019200" lon="11.3702800"></trkpt>
      <trkpt lat="49.5021100" lon="11.3686500"></trkpt>
      <trkpt lat="49.5007900" lon="11.3687000"></trkpt>
      <trkpt lat="49.4995100" lon="11.3681900"></trkpt>
      <trkpt lat="49.4986000" lon="11.3673500"></trkpt>
      <trkpt lat="49.4978000" lon="11.3646800"></trkpt>
      <trkpt lat="49.4975100" lon="11.3642600"></trkpt>
      <trkpt lat="49.4967800" lon="11.3646500"></trkpt>
      <trkpt lat="49.4954700" lon="11.3640800"></trkpt>
      <trkpt lat="49.4948800" lon="11.3628200"></trkpt>
      <trkpt lat="49.4945700" lon="11.3602000"></trkpt>
      <trkpt lat="49.4944800" lon="11.3560800"></trkpt>
      <trkpt lat="49.4942000" lon="11.3550100"></trkpt>
      <trkpt lat="49.4934000" lon="11.3530300"></trkpt>
      <trkpt lat="49.4932100" lon="11.3519800"></trkpt>
      <trkpt lat="49.4927600" lon="11.3509600"></trkpt>
      <trkpt lat="49.4925700" lon="11.3487500"></trkpt>
      <trkpt lat="49.4926100" lon="11.3472100"></trkpt>
      <trkpt lat="49.4923800" lon="11.3466600"></trkpt>
      <trkpt lat="49.4950800" lon="11.3463300"></trkpt>
      <trkpt lat="49.4951700" lon="11.3461800"></trkpt>
      <trkpt lat="49.4947100" lon="11.3438300"></trkpt>
      <trkpt lat="49.4942100" lon="11.3425900"></trkpt>
      <trkpt lat="49.4938700" lon="11.3411700"></trkpt>
      <trkpt lat="49.4937100" lon="11.3395400"></trkpt>
      <trkpt lat="49.4934000" lon="11.3387200"></trkpt>
      <trkpt lat="49.4928700" lon="11.3356600"></trkpt>
      <trkpt lat="49.4921300" lon="11.3345300"></trkpt>
      <trkpt lat="49.4921400" lon="11.3329400"></trkpt>
      <trkpt lat="49.4925800" lon="11.3320500"></trkpt>
      <trkpt lat="49.4924400" lon="11.3294400"></trkpt>
      <trkpt lat="49.4929800" lon="11.3267900"></trkpt>
      <trkpt lat="49.4934200" lon="11.3256700"></trkpt>
      <trkpt lat="49.4943300" lon="11.3221900"></trkpt>
      <trkpt lat="49.4944100" lon="11.3205800"></trkpt>
      <trkpt lat="49.4947800" lon="11.3194100"></trkpt>
      <trkpt lat="49.4946800" lon="11.3186500"></trkpt>
      <trkpt lat="49.4932800" lon="11.3175500"></trkpt>
      <trkpt lat="49.4928500" lon="11.3166200"></trkpt>
      <trkpt lat="49.4924700" lon="11.3145200"></trkpt>
      <trkpt lat="49.4919300" lon="11.3132100"></trkpt>
      <trkpt lat="49.4906400" lon="11.3120800"></trkpt>
      <trkpt lat="49.4897200" lon="11.3118900"></trkpt>
      <trkpt lat="49.4896200" lon="11.3107600"></trkpt>
      <trkpt lat="49.4888500" lon="11.3072800"></trkpt>
      <trkpt lat="49.4876000" lon="11.3041200"></trkpt>
      <trkpt lat="49.4868300" lon="11.3025600"></trkpt>
      <trkpt lat="49.4855100" lon="11.2984700"></trkpt>
      <trkpt lat="49.4843400" lon="11.2956800"></trkpt>
      <trkpt lat="49.4841400" lon="11.2947000"></trkpt>
      <trkpt lat="49.4839200" lon="11.2921200"></trkpt>
      <trkpt lat="49.4831500" lon="11.2908500"></trkpt>
      <trkpt lat="49.4829600" lon="11.2899700"></trkpt>
      <trkpt lat="49.4829000" lon="11.2859100"></trkpt>
      <trkpt lat="49.4824200" lon="11.2818400"></trkpt>
      <trkpt lat="49.4819800" lon="11.2794100"></trkpt>
      <trkpt lat="49.4819300" lon="11.2775300"></trkpt>
      <trkpt lat="49.4828300" lon="11.2741400"></trkpt>
      <trkpt lat="49.4827400" lon="11.2723400"></trkpt>
      <trkpt lat="49.4823900" lon="11.2705100"></trkpt>
      <trkpt lat="49.4826700" lon="11.2670700"></trkpt>
      <trkpt lat="49.4825600" lon="11.2654300"></trkpt>
      <trkpt lat="49.4822100" lon="11.2632800"></trkpt>
      <trkpt lat="49.4821700" lon="11.2621700"></trkpt>
      <trkpt lat="49.4827100" lon="11.2599700"></trkpt>
      <trkpt lat="49.4853700" lon="11.2535800"></trkpt>
      <trkpt lat="49.4841600" lon="11.2519100"></trkpt>
      <trkpt lat="49.4839600" lon="11.2468100"></trkpt>
      <trkpt lat="49.4825900" lon="11.2446700"></trkpt>
      <trkpt lat="49.4819000" lon="11.2430300"></trkpt>
      <trkpt lat="49.4810300" lon="11.2395000"></trkpt>
      <trkpt lat="49.4804700" lon="11.2362000"></trkpt>
      <trkpt lat="49.4805300" lon="11.2356800"></trkpt>
      <trkpt lat="49.4800100" lon="11.2337900"></trkpt>
      <trkpt lat="49.4795400" lon="11.2310900"></trkpt>
      <trkpt lat="49.4797200" lon="11.2309000"></trkpt>
      <trkpt lat="49.4794800" lon="11.2294000"></trkpt>
      <trkpt lat="49.4796500" lon="11.2292700"></trkpt>
      <trkpt lat="49.4782900" lon="11.2246500"></trkpt>
      <trkpt lat="49.4774700" lon="11.2216300"></trkpt>
      <trkpt lat="49.4770200" lon="11.2192900"></trkpt>
      <trkpt lat="49.4763300" lon="11.2174500"></trkpt>
      <trkpt lat="49.4729400" lon="11.2050400"></trkpt>
      <trkpt lat="49.4721400" lon="11.2014900"></trkpt>
      <trkpt lat="49.4717000" lon="11.1990900"></trkpt>
      <trkpt lat="49.4715200" lon="11.1968800"></trkpt>
      <trkpt lat="49.4711000" lon="11.1942600"></trkpt>
      <trkpt lat="49.4705600" lon="11.1928000"></trkpt>
      <trkpt lat="49.4698400" lon="11.1894800"></trkpt>
      <trkpt lat="49.4693700" lon="11.1842800"></trkpt>
      <trkpt lat="49.4692900" lon="11.1806000"></trkpt>
      <trkpt lat="49.4687900" lon="11.1774300"></trkpt>
      <trkpt lat="49.4690300" lon="11.1741300"></trkpt>
      <trkpt lat="49.4688600" lon="11.1696800"></trkpt>
      <trkpt lat="49.4690700" lon="11.1658500"></trkpt>
      <trkpt lat="49.4689900" lon="11.1641300"></trkpt>
      <trkpt lat="49.4683600" lon="11.1599200"></trkpt>
      <trkpt lat="49.4680500" lon="11.1589800"></trkpt>
      <trkpt lat="49.4663200" lon="11.1569400"></trkpt>
      <trkpt lat="49.4660700" lon="11.1563500"></trkpt>
      <trkpt lat="49.4656400" lon="11.1539500"></trkpt>
      <trkpt lat="49.4646800" lon="11.1500700"></trkpt>
      <trkpt lat="49.4631700" lon="11.1424200"></trkpt>
      <trkpt lat="49.4629500" lon="11.1410000"></trkpt>
      <trkpt lat="49.4615500" lon="11.1359200"></trkpt>
      <trkpt lat="49.4612500" lon="11.1338600"></trkpt>
      <trkpt lat="49.4601100" lon="11.1320300"></trkpt>
      <trkpt lat="49.4587600" lon="11.1291000"></trkpt>
      <trkpt lat="49.4582900" lon="11.1270400"></trkpt>
      <trkpt lat="49.4569600" lon="11.1257800"></trkpt>
      <trkpt lat="49.4565100" lon="11.1248500"></trkpt>
      <trkpt lat="49.4561100" lon="11.1251400"></trkpt>
      <trkpt lat="49.4554100" lon="11.1248500"></trkpt>
      <trkpt lat="49.4549100" lon="11.1241000"></trkpt>
      <trkpt lat="49.4536600" lon="11.1229100"></trkpt>
      <trkpt lat="49.4530400" lon="11.1220500"></trkpt>
      <trkpt lat="49.4510300" lon="11.1170300"></trkpt>
      <trkpt lat="49.4502100" lon="11.1153400"></trkpt>
      <trkpt lat="49.4491300" lon="11.1136100"></trkpt>
      <trkpt lat="49.4481300" lon="11.1100500"></trkpt>
      <trkpt lat="49.4478800" lon="11.1084900"></trkpt>
      <trkpt lat="49.4465600" lon="11.1077000"></trkpt>
      <trkpt lat="49.4434600" lon="11.1016700"></trkpt>
      <trkpt lat="49.4432100" lon="11.1013300"></trkpt>
      <trkpt lat="49.4430200" lon="11.0980300"></trkpt>
      <trkpt lat="49.4430100" lon="11.0948900"></trkpt>
      <trkpt lat="49.4427800" lon="11.0937100"></trkpt>
      <trkpt lat="49.4423900" lon="11.0929600"></trkpt>
      <trkpt lat="49.4414800" lon="11.0901700"></trkpt>
      <trkpt lat="49.4404000" lon="11.0821400"></trkpt>
      <trkpt lat="49.4391600" lon="11.0821300"></trkpt>
      <trkpt lat="49.4380400" lon="11.0748200"></trkpt>
      <trkpt lat="49.4367000" lon="11.0682200"></trkpt>
      <trkpt lat="49.4363500" lon="11.0636000"></trkpt>
      <trkpt lat="49.4361500" lon="11.0619300"></trkpt>
      <trkpt lat="49.4353600" lon="11.0605100"></trkpt>
      <trkpt lat="49.4348500" lon="11.0591400"></trkpt>
      <trkpt lat="49.4347000" lon="11.0563100"></trkpt>
      <trkpt lat="49.4342200" lon="11.0546800"></trkpt>
      <trkpt lat="49.4340000" lon="11.0530500"></trkpt>
      <trkpt lat="49.4335400" lon="11.0513800"></trkpt>
      <trkpt lat="49.4330200" lon="11.0504400"></trkpt>
      <trkpt lat="49.4323900" lon="11.0486000"></trkpt>
      <trkpt lat="49.4313800" lon="11.0467400"></trkpt>
      <trkpt lat="49.4315600" lon="11.0461000"></trkpt>
      <trkpt lat="49.4274300" lon="11.0428900"></trkpt>
      <trkpt lat="49.4270100" lon="11.0424200"></trkpt>
      <trkpt lat="49.4250400" lon="11.0394500"></trkpt>
      <trkpt lat="49.4229500" lon="11.0378500"></trkpt>
      <trkpt lat="49.4230500" lon="11.0375500"></trkpt>
      <trkpt lat="49.4216600" lon="11.0359900"></trkpt>
      <trkpt lat="49.4209900" lon="11.0344700"></trkpt>
      <trkpt lat="49.4207600" lon="11.0327600"></trkpt>
      <trkpt lat="49.4208300" lon="11.0288700"></trkpt>
      <trkpt lat="49.4204100" lon="11.0266000"></trkpt>
      <trkpt lat="49.4190300" lon="11.0235700"></trkpt>
      <trkpt lat="49.4182100" lon="11.0210500"></trkpt>
      <trkpt lat="49.4173800" lon="11.0195700"></trkpt>
      <trkpt lat="49.4160800" lon="11.0184900"></trkpt>
      <trkpt lat="49.4136200" lon="11.0143000"></trkpt>
      <trkpt lat="49.4131500" lon="11.0130000"></trkpt>
      <trkpt lat="49.4123600" lon="11.0101800"></trkpt>
      <trkpt lat="49.4116900" lon="11.0072700"></trkpt>
      <trkpt lat="49.4111800" lon="11.0040900"></trkpt>
      <trkpt lat="49.4108200" lon="11.0024400"></trkpt>
      <trkpt lat="49.4099200" lon="11.0009800"></trkpt>
      <trkpt lat="49.4093400" lon="10.9994400"></trkpt>
      <trkpt lat="49.4084700" lon="10.9983400"></trkpt>
      <trkpt lat="49.4075900" lon="10.9965900"></trkpt>
      <trkpt lat="49.4069700" lon="10.9958100"></trkpt>
      <trkpt lat="49.4049800" lon="10.9940900"></trkpt>
      <trkpt lat="49.4033200" lon="10.9928700"></trkpt>
      <trkpt lat="49.4028700" lon="10.9920000"></trkpt>
      <trkpt lat="49.4022100" lon="10.9900700"></trkpt>
      <trkpt lat="49.4014000" lon="10.9871000"></trkpt>
      <trkpt lat="49.4004300" lon="10.9849700"></trkpt>
      <trkpt lat="49.3997000" lon="10.9839500"></trkpt>
      <trkpt lat="49.3974900" lon="10.9819700"></trkpt>
      <trkpt lat="49.3967600" lon="10.9811800"></trkpt>
      <trkpt lat="49.3936600" lon="10.9750700"></trkpt>
      <trkpt lat="49.3929000" lon="10.9732800"></trkpt>
      <trkpt lat="49.3925100" lon="10.9711000"></trkpt>
      <trkpt lat="49.3906200" lon="10.9678700"></trkpt>
      <trkpt lat="49.3898700" lon="10.9669600"></trkpt>
      <trkpt lat="49.3897700" lon="10.9652400"></trkpt>
      <trkpt lat="49.3880200" lon="10.9613100"></trkpt>
      <trkpt lat="49.3871600" lon="10.9603100"></trkpt>
      <trkpt lat="49.3867400" lon="10.9594400"></trkpt>
      <trkpt lat="49.3864100" lon="10.9572300"></trkpt>
      <trkpt lat="49.3857200" lon="10.9534800"></trkpt>
      <trkpt lat="49.3850900" lon="10.9506900"></trkpt>
      <trkpt lat="49.3836400" lon="10.9456900"></trkpt>
      <trkpt lat="49.3821200" lon="10.9410300"></trkpt>
      <trkpt lat="49.3816200" lon="10.9382300"></trkpt>
      <trkpt lat="49.3811600" lon="10.9370900"></trkpt>
      <trkpt lat="49.3810500" lon="10.9362300"></trkpt>
      <trkpt lat="49.3815200" lon="10.9339000"></trkpt>
      <trkpt lat="49.3815400" lon="10.9322600"></trkpt>
      <trkpt lat="49.3812000" lon="10.9304600"></trkpt>
      <trkpt lat="49.3803300" lon="10.9271700"></trkpt>
      <trkpt lat="49.3802200" lon="10.9271900"></trkpt>
      <trkpt lat="49.3789700" lon="10.9218800"></trkpt>
      <trkpt lat="49.3766100" lon="10.9108700"></trkpt>
      <trkpt lat="49.3758300" lon="10.9078700"></trkpt>
      <trkpt lat="49.3744600" lon="10.9041500"></trkpt>
      <trkpt lat="49.3736200" lon="10.9023600"></trkpt>
      <trkpt lat="49.3715500" lon="10.8989900"></trkpt>
      <trkpt lat="49.3694400" lon="10.8962100"></trkpt>
      <trkpt lat="49.3688000" lon="10.8950700"></trkpt>
      <trkpt lat="49.3681600" lon="10.8928500"></trkpt>
      <trkpt lat="49.3678800" lon="10.8903000"></trkpt>
      <trkpt lat="49.3675600" lon="10.8889200"></trkpt>
      <trkpt lat="49.3663400" lon="10.8858100"></trkpt>
      <trkpt lat="49.3658000" lon="10.8847400"></trkpt>
      <trkpt lat="49.3646700" lon="10.8839600"></trkpt>
      <trkpt lat="49.3638700" lon="10.8836800"></trkpt>
      <trkpt lat="49.3634000" lon="10.8828800"></trkpt>
      <trkpt lat="49.3632600" lon="10.8815800"></trkpt>
      <trkpt lat="49.3635500" lon="10.8776700"></trkpt>
      <trkpt lat="49.3634200" lon="10.8741900"></trkpt>
      <trkpt lat="49.3631100" lon="10.8721300"></trkpt>
      <trkpt lat="49.3594600" lon="10.8564800"></trkpt>
      <trkpt lat="49.3586400" lon="10.8541500"></trkpt>
      <trkpt lat="49.3562000" lon="10.8498100"></trkpt>
      <trkpt lat="49.3551300" lon="10.8470400"></trkpt>
      <trkpt lat="49.3544600" lon="10.8448500"></trkpt>
      <trkpt lat="49.3504900" lon="10.8325600"></trkpt>
      <trkpt lat="49.3478700" lon="10.8249400"></trkpt>
      <trkpt lat="49.3462500" lon="10.8197000"></trkpt>
      <trkpt lat="49.3442800" lon="10.8126300"></trkpt>
      <trkpt lat="49.3431000" lon="10.8089800"></trkpt>
      <trkpt lat="49.3421300" lon="10.8063600"></trkpt>
      <trkpt lat="49.3396900" lon="10.8000900"></trkpt>
      <trkpt lat="49.3391000" lon="10.7987900"></trkpt>
      <trkpt lat="49.3377000" lon="10.7966300"></trkpt>
      <trkpt lat="49.3361200" lon="10.7947500"></trkpt>
      <trkpt lat="49.3349700" lon="10.7930900"></trkpt>
      <trkpt lat="49.3343000" lon="10.7917800"></trkpt>
      <trkpt lat="49.3335500" lon="10.7898000"></trkpt>
      <trkpt lat="49.3331300" lon="10.7881600"></trkpt>
      <trkpt lat="49.3327100" lon="10.7850200"></trkpt>
      <trkpt lat="49.3323700" lon="10.7800100"></trkpt>
      <trkpt lat="49.3319600" lon="10.7769800"></trkpt>
      <trkpt lat="49.3311700" lon="10.7743200"></trkpt>
      <trkpt lat="49.3281300" lon="10.7670200"></trkpt>
      <trkpt lat="49.3272900" lon="10.7649000"></trkpt>
      <trkpt lat="49.3266200" lon="10.7626800"></trkpt>
      <trkpt lat="49.3263200" lon="10.7611700"></trkpt>
      <trkpt lat="49.3260800" lon="10.7585900"></trkpt>
      <trkpt lat="49.3262100" lon="10.7552800"></trkpt>
      <trkpt lat="49.3269600" lon="10.7463100"></trkpt>
      <trkpt lat="49.3270800" lon="10.7440100"></trkpt>
      <trkpt lat="49.3269900" lon="10.7409100"></trkpt>
      <trkpt lat="49.3266400" lon="10.7381900"></trkpt>
      <trkpt lat="49.3261700" lon="10.7359300"></trkpt>
      <trkpt lat="49.3236500" lon="10.7260600"></trkpt>
      <trkpt lat="49.3208100" lon="10.7151100"></trkpt>
      <trkpt lat="49.3180000" lon="10.7044600"></trkpt>
      <trkpt lat="49.3177600" lon="10.7034200"></trkpt>
      <trkpt lat="49.3158400" lon="10.6908700"></trkpt>
      <trkpt lat="49.3155500" lon="10.6894500"></trkpt>
      <trkpt lat="49.3146900" lon="10.6866400"></trkpt>
      <trkpt lat="49.3141200" lon="10.6859500"></trkpt>
      <trkpt lat="49.3140100" lon="10.6846300"></trkpt>
      <trkpt lat="49.3133400" lon="10.6826600"></trkpt>
      <trkpt lat="49.3128900" lon="10.6802000"></trkpt>
      <trkpt lat="49.3128100" lon="10.6783600"></trkpt>
      <trkpt lat="49.3130900" lon="10.6668300"></trkpt>
      <trkpt lat="49.3133700" lon="10.6543100"></trkpt>
      <trkpt lat="49.3137600" lon="10.6384700"></trkpt>
      <trkpt lat="49.3147100" lon="10.6365700"></trkpt>
      <trkpt lat="49.3148100" lon="10.6360000"></trkpt>
      <trkpt lat="49.3145400" lon="10.6293000"></trkpt>
      <trkpt lat="49.3143600" lon="10.6274000"></trkpt>
      <trkpt lat="49.3144000" lon="10.6186900"></trkpt>
      <trkpt lat="49.3143700" lon="10.6159500"></trkpt>
      <trkpt lat="49.3145300" lon="10.6156500"></trkpt>
      <trkpt lat="49.3144100" lon="10.6140800"></trkpt>
      <trkpt lat="49.3138700" lon="10.6117900"></trkpt>
      <trkpt lat="49.3124500" lon="10.6084700"></trkpt>
      <trkpt lat="49.3110800" lon="10.6043300"></trkpt>
      <trkpt lat="49.3097400" lon="10.5996200"></trkpt>
      <trkpt lat="49.3087600" lon="10.5966900"></trkpt>
      <trkpt lat="49.3080000" lon="10.5952000"></trkpt>
      <trkpt lat="49.3063500" lon="10.5924900"></trkpt>
      <trkpt lat="49.3054700" lon="10.5899600"></trkpt>
      <trkpt lat="49.3041400" lon="10.5845600"></trkpt>
      <trkpt lat="49.3032000" lon="10.5825500"></trkpt>
      <trkpt lat="49.3029500" lon="10.5816300"></trkpt>
      <trkpt lat="49.3028800" lon="10.5796000"></trkpt>
      <trkpt lat="49.3023700" lon="10.5795200"></trkpt>
      <trkpt lat="49.3022100" lon="10.5776300"></trkpt>
      <trkpt lat="49.3016500" lon="10.5764600"></trkpt>
      <trkpt lat="49.3017700" lon="10.5761700"></trkpt>
      <trkpt lat="49.3010100" lon="10.5740200"></trkpt>
      <trkpt lat="49.3007400" lon="10.5723700"></trkpt>
      <trkpt lat="49.3006800" lon="10.5705500"></trkpt>
      <trkpt lat="49.3009500" lon="10.5688000"></trkpt>
      <trkpt lat="49.3007000" lon="10.5653800"></trkpt>
      <trkpt lat="49.3006900" lon="10.5605000"></trkpt>
      <trkpt lat="49.3002400" lon="10.5596800"></trkpt>
      <trkpt lat="49.3002200" lon="10.5555400"></trkpt>
      <trkpt lat="49.2997300" lon="10.5520900"></trkpt>
      <trkpt lat="49.2998900" lon="10.5496700"></trkpt>
      <trkpt lat="49.2998000" lon="10.5479400"></trkpt>
      <trkpt lat="49.2999600" lon="10.5429200"></trkpt>
      <trkpt lat="49.3002600" lon="10.5392200"></trkpt>
      <trkpt lat="49.2999400" lon="10.5367400"></trkpt>
      <trkpt lat="49.3007700" lon="10.5329400"></trkpt>
      <trkpt lat="49.3015300" lon="10.5323000"></trkpt>
      <trkpt lat="49.3016500" lon="10.5313600"></trkpt>
      <trkpt lat="49.3031700" lon="10.5284400"></trkpt>
      <trkpt lat="49.3039900" lon="10.5259800"></trkpt>
      <trkpt lat="49.3040300" lon="10.5245700"></trkpt>
      <trkpt lat="49.3024100" lon="10.5052600"></trkpt>
      <trkpt lat="49.3018900" lon="10.5023700"></trkpt>
      <trkpt lat="49.3010700" lon="10.4998300"></trkpt>
      <trkpt lat="49.2999400" lon="10.4972900"></trkpt>
      <trkpt lat="49.2997300" lon="10.4957300"></trkpt>
      <trkpt lat="49.3001800" lon="10.4920500"></trkpt>
      <trkpt lat="49.2998500" lon="10.4892000"></trkpt>
      <trkpt lat="49.3000200" lon="10.4876200"></trkpt>
      <trkpt lat="49.2999300" lon="10.4865400"></trkpt>
      <trkpt lat="49.2992300" lon="10.4848600"></trkpt>
      <trkpt lat="49.2987800" lon="10.4830700"></trkpt>
      <trkpt lat="49.2984700" lon="10.4797900"></trkpt>
      <trkpt lat="49.2980800" lon="10.4783300"></trkpt>
      <trkpt lat="49.2981200" lon="10.4772600"></trkpt>
      <trkpt lat="49.2989900" lon="10.4742200"></trkpt>
      <trkpt lat="49.2992600" lon="10.4729000"></trkpt>
      <trkpt lat="49.2995100" lon="10.4701600"></trkpt>
      <trkpt lat="49.2992100" lon="10.4657800"></trkpt>
      <trkpt lat="49.2993700" lon="10.4638700"></trkpt>
      <trkpt lat="49.2990500" lon="10.4621700"></trkpt>
      <trkpt lat="49.2984200" lon="10.4607300"></trkpt>
      <trkpt lat="49.2968500" lon="10.4586600"></trkpt>
      <trkpt lat="49.2964300" lon="10.4577700"></trkpt>
      <trkpt lat="49.2960400" lon="10.4551400"></trkpt>
      <trkpt lat="49.2964200" lon="10.4522200"></trkpt>
      <trkpt lat="49.2967900" lon="10.4503700"></trkpt>
      <trkpt lat="49.2985900" lon="10.4437900"></trkpt>
      <trkpt lat="49.2992700" lon="10.4401900"></trkpt>
      <trkpt lat="49.2994800" lon="10.4379100"></trkpt>
      <trkpt lat="49.2993800" lon="10.4349300"></trkpt>
      <trkpt lat="49.2989100" lon="10.4322000"></trkpt>
      <trkpt lat="49.2980700" lon="10.4293100"></trkpt>
      <trkpt lat="49.2977400" lon="10.4275100"></trkpt>
      <trkpt lat="49.2976400" lon="10.4250400"></trkpt>
      <trkpt lat="49.2982600" lon="10.4215000"></trkpt>
      <trkpt lat="49.2984400" lon="10.4188100"></trkpt>
      <trkpt lat="49.2989900" lon="10.4168900"></trkpt>
      <trkpt lat="49.2997900" lon="10.4147900"></trkpt>
      <trkpt lat="49.2998700" lon="10.4140900"></trkpt>
      <trkpt lat="49.2995300" lon="10.4130300"></trkpt>
      <trkpt lat="49.3004200" lon="10.4120700"></trkpt>
      <trkpt lat="49.3001800" lon="10.4114200"></trkpt>
      <trkpt lat="49.3003900" lon="10.4102200"></trkpt>
      <trkpt lat="49.3012000" lon="10.4092300"></trkpt>
      <trkpt lat="49.3010600" lon="10.4080200"></trkpt>
      <trkpt lat="49.3006500" lon="10.4067200"></trkpt>
      <trkpt lat="49.3010100" lon="10.4061700"></trkpt>
      <trkpt lat="49.3011400" lon="10.4035700"></trkpt>
      <trkpt lat="49.3003200" lon="10.4020800"></trkpt>
      <trkpt lat="49.3003300" lon="10.4011700"></trkpt>
      <trkpt lat="49.2998500" lon="10.3982600"></trkpt>
      <trkpt lat="49.2998700" lon="10.3957200"></trkpt>
      <trkpt lat="49.2995100" lon="10.3903300"></trkpt>
      <trkpt lat="49.2992600" lon="10.3892900"></trkpt>
      <trkpt lat="49.2982800" lon="10.3872600"></trkpt>
      <trkpt lat="49.2974600" lon="10.3839700"></trkpt>
      <trkpt lat="49.2973200" lon="10.3829300"></trkpt>
      <trkpt lat="49.2975300" lon="10.3777400"></trkpt>
      <trkpt lat="49.2977800" lon="10.3764400"></trkpt>
      <trkpt lat="49.2988200" lon="10.3728800"></trkpt>
      <trkpt lat="49.2988600" lon="10.3712900"></trkpt>
      <trkpt lat="49.2994200" lon="10.3685600"></trkpt>
      <trkpt lat="49.2998400" lon="10.3673900"></trkpt>
      <trkpt lat="49.3008900" lon="10.3623100"></trkpt>
      <trkpt lat="49.3007500" lon="10.3601700"></trkpt>
      <trkpt lat="49.3007500" lon="10.3579500"></trkpt>
      <trkpt lat="49.3010500" lon="10.3544900"></trkpt>
      <trkpt lat="49.3011200" lon="10.3516500"></trkpt>
      <trkpt lat="49.3009100" lon="10.3509100"></trkpt>
      <trkpt lat="49.2995300" lon="10.3493700"></trkpt>
      <trkpt lat="49.2993700" lon="10.3474100"></trkpt>
      <trkpt lat="49.2996300" lon="10.3455400"></trkpt>
      <trkpt lat="49.2993600" lon="10.3434800"></trkpt>
      <trkpt lat="49.2991600" lon="10.3408200"></trkpt>
      <trkpt lat="49.2987000" lon="10.3380300"></trkpt>
      <trkpt lat="49.2978200" lon="10.3345500"></trkpt>
      <trkpt lat="49.2975100" lon="10.3324200"></trkpt>
      <trkpt lat="49.2967800" lon="10.3307100"></trkpt>
      <trkpt lat="49.2966200" lon="10.3299300"></trkpt>
      <trkpt lat="49.2968100" lon="10.3270900"></trkpt>
      <trkpt lat="49.2959600" lon="10.3235900"></trkpt>
      <trkpt lat="49.2956200" lon="10.3228800"></trkpt>
      <trkpt lat="49.2943200" lon="10.3216600"></trkpt>
      <trkpt lat="49.2938600" lon="10.3206900"></trkpt>
      <trkpt lat="49.2932100" lon="10.3176700"></trkpt>
      <trkpt lat="49.2931000" lon="10.3152500"></trkpt>
      <trkpt lat="49.2927400" lon="10.3144800"></trkpt>
      <trkpt lat="49.2919700" lon="10.3136600"></trkpt>
      <trkpt lat="49.2907000" lon="10.3118000"></trkpt>
      <trkpt lat="49.2899100" lon="10.3095800"></trkpt>
      <trkpt lat="49.2889600" lon="10.3089900"></trkpt>
      <trkpt lat="49.2883000" lon="10.3071000"></trkpt>
      <trkpt lat="49.2881900" lon="10.3060700"></trkpt>
      <trkpt lat="49.2885200" lon="10.3047800"></trkpt>
      <trkpt lat="49.2885700" lon="10.3022500"></trkpt>
      <trkpt lat="49.2883000" lon="10.2994300"></trkpt>
      <trkpt lat="49.2879000" lon="10.2974200"></trkpt>
      <trkpt lat="49.2871100" lon="10.2959300"></trkpt>
      <trkpt lat="49.2859000" lon="10.2917200"></trkpt>
      <trkpt lat="49.2855000" lon="10.2808400"></trkpt>
      <trkpt lat="49.2850100" lon="10.2783100"></trkpt>
      <trkpt lat="49.2845700" lon="10.2773200"></trkpt>
      <trkpt lat="49.2831800" lon="10.2748600"></trkpt>
      <trkpt lat="49.2827900" lon="10.2733400"></trkpt>
      <trkpt lat="49.2827300" lon="10.2721600"></trkpt>
      <trkpt lat="49.2830500" lon="10.2698400"></trkpt>
      <trkpt lat="49.2831400" lon="10.2679600"></trkpt>
      <trkpt lat="49.2828300" lon="10.2654600"></trkpt>
      <trkpt lat="49.2824900" lon="10.2639300"></trkpt>
      <trkpt lat="49.2814100" lon="10.2603900"></trkpt>
      <trkpt lat="49.2811000" lon="10.2589500"></trkpt>
      <trkpt lat="49.2804100" lon="10.2544600"></trkpt>
      <trkpt lat="49.2797800" lon="10.2523400"></trkpt>
      <trkpt lat="49.2787400" lon="10.2504900"></trkpt>
      <trkpt lat="49.2768700" lon="10.2483400"></trkpt>
      <trkpt lat="49.2774900" lon="10.2470700"></trkpt>
      <trkpt lat="49.2764200" lon="10.2448800"></trkpt>
      <trkpt lat="49.2768700" lon="10.2436400"></trkpt>
      <trkpt lat="49.2765600" lon="10.2416100"></trkpt>
      <trkpt lat="49.2769500" lon="10.2391300"></trkpt>
      <trkpt lat="49.2768800" lon="10.2372000"></trkpt>
      <trkpt lat="49.2772300" lon="10.2355600"></trkpt>
      <trkpt lat="49.2772300" lon="10.2327600"></trkpt>
      <trkpt lat="49.2770400" lon="10.2310200"></trkpt>
      <trkpt lat="49.2754400" lon="10.2224300"></trkpt>
      <trkpt lat="49.2753100" lon="10.2190000"></trkpt>
      <trkpt lat="49.2748200" lon="10.2152000"></trkpt>
      <trkpt lat="49.2745900" lon="10.2150100"></trkpt>
      <trkpt lat="49.2740300" lon="10.2130700"></trkpt>
      <trkpt lat="49.2737600" lon="10.2107300"></trkpt>
      <trkpt lat="49.2733100" lon="10.2082300"></trkpt>
      <trkpt lat="49.2728300" lon="10.2048500"></trkpt>
      <trkpt lat="49.2727600" lon="10.2032000"></trkpt>
      <trkpt lat="49.2731300" lon="10.1938500"></trkpt>
      <trkpt lat="49.2731600" lon="10.1915700"></trkpt>
      <trkpt lat="49.2725000" lon="10.1905300"></trkpt>
      <trkpt lat="49.2710600" lon="10.1892200"></trkpt>
      <trkpt lat="49.2698800" lon="10.1872400"></trkpt>
      <trkpt lat="49.2692400" lon="10.1865400"></trkpt>
      <trkpt lat="49.2686800" lon="10.1863800"></trkpt>
      <trkpt lat="49.2681100" lon="10.1855600"></trkpt>
      <trkpt lat="49.2680000" lon="10.1839900"></trkpt>
      <trkpt lat="49.2681100" lon="10.1822500"></trkpt>
      <trkpt lat="49.2676400" lon="10.1807000"></trkpt>
      <trkpt lat="49.2668500" lon="10.1765100"></trkpt>
      <trkpt lat="49.2658400" lon="10.1730900"></trkpt>
      <trkpt lat="49.2649400" lon="10.1706900"></trkpt>
      <trkpt lat="49.2644700" lon="10.1698400"></trkpt>
      <trkpt lat="49.2632600" lon="10.1683500"></trkpt>
      <trkpt lat="49.2626100" lon="10.1667100"></trkpt>
      <trkpt lat="49.2605700" lon="10.1644300"></trkpt>
      <trkpt lat="49.2601400" lon="10.1636200"></trkpt>
      <trkpt lat="49.2598800" lon="10.1623700"></trkpt>
      <trkpt lat="49.2591400" lon="10.1610800"></trkpt>
      <trkpt lat="49.2587900" lon="10.1569000"></trkpt>
      <trkpt lat="49.2584600" lon="10.1549200"></trkpt>
      <trkpt lat="49.2585100" lon="10.1543000"></trkpt>
      <trkpt lat="49.2578700" lon="10.1531700"></trkpt>
      <trkpt lat="49.2574500" lon="10.1517700"></trkpt>
      <trkpt lat="49.2553900" lon="10.1482500"></trkpt>
      <trkpt lat="49.2551000" lon="10.1475700"></trkpt>
      <trkpt lat="49.2527600" lon="10.1393200"></trkpt>
      <trkpt lat="49.2549900" lon="10.1375500"></trkpt>
      <trkpt lat="49.2546400" lon="10.1360100"></trkpt>
      <trkpt lat="49.2529600" lon="10.1331300"></trkpt>
      <trkpt lat="49.2525400" lon="10.1317600"></trkpt>
      <trkpt lat="49.2520800" lon="10.1289700"></trkpt>
      <trkpt lat="49.2496100" lon="10.1221600"></trkpt>
      <trkpt lat="49.2492300" lon="10.1207300"></trkpt>
      <trkpt lat="49.2491000" lon="10.1170000"></trkpt>
      <trkpt lat="49.2492100" lon="10.1161500"></trkpt>
      <trkpt lat="49.2500600" lon="10.1145900"></trkpt>
      <trkpt lat="49.2498600" lon="10.1119800"></trkpt>
      <trkpt lat="49.2500200" lon="10.1094800"></trkpt>
      <trkpt lat="49.2504200" lon="10.1090700"></trkpt>
      <trkpt lat="49.2499200" lon="10.1062700"></trkpt>
      <trkpt lat="49.2492700" lon="10.1034800"></trkpt>
      <trkpt lat="49.2491600" lon="10.1021500"></trkpt>
      <trkpt lat="49.2498700" lon="10.1009300"></trkpt>
      <trkpt lat="49.2496500" lon="10.1003200"></trkpt>
      <trkpt lat="49.2500100" lon="10.0970400"></trkpt>
      <trkpt lat="49.2512600" lon="10.0949600"></trkpt>
      <trkpt lat="49.2511600" lon="10.0926700"></trkpt>
      <trkpt lat="49.2514400" lon="10.0915200"></trkpt>
      <trkpt lat="49.2511700" lon="10.0906800"></trkpt>
      <trkpt lat="49.2511400" lon="10.0883300"></trkpt>
      <trkpt lat="49.2504000" lon="10.0846200"></trkpt>
      <trkpt lat="49.2498000" lon="10.0837500"></trkpt>
      <trkpt lat="49.2495600" lon="10.0823600"></trkpt>
      <trkpt lat="49.2496200" lon="10.0810100"></trkpt>
      <trkpt lat="49.2506600" lon="10.0811700"></trkpt>
      <trkpt lat="49.2512800" lon="10.0801900"></trkpt>
      <trkpt lat="49.2513400" lon="10.0773000"></trkpt>
      <trkpt lat="49.2511100" lon="10.0764800"></trkpt>
      <trkpt lat="49.2519900" lon="10.0749900"></trkpt>
      <trkpt lat="49.2514200" lon="10.0720800"></trkpt>
      <trkpt lat="49.2508900" lon="10.0706600"></trkpt>
      <trkpt lat="49.2502600" lon="10.0678200"></trkpt>
      <trkpt lat="49.2496500" lon="10.0662300"></trkpt>
      <trkpt lat="49.2496300" lon="10.0648600"></trkpt>
      <trkpt lat="49.2493800" lon="10.0641300"></trkpt>
      <trkpt lat="49.2496000" lon="10.0627100"></trkpt>
      <trkpt lat="49.2499600" lon="10.0616100"></trkpt>
      <trkpt lat="49.2502900" lon="10.0592800"></trkpt>
      <trkpt lat="49.2498800" lon="10.0572000"></trkpt>
      <trkpt lat="49.2498600" lon="10.0563300"></trkpt>
      <trkpt lat="49.2504500" lon="10.0542200"></trkpt>
      <trkpt lat="49.2504500" lon="10.0510600"></trkpt>
      <trkpt lat="49.2511300" lon="10.0478800"></trkpt>
      <trkpt lat="49.2490700" lon="10.0368200"></trkpt>
      <trkpt lat="49.2491000" lon="10.0365400"></trkpt>
      <trkpt lat="49.2481900" lon="10.0330100"></trkpt>
      <trkpt lat="49.2461600" lon="10.0298100"></trkpt>
      <trkpt lat="49.2457500" lon="10.0298800"></trkpt>
      <trkpt lat="49.2456600" lon="10.0290600"></trkpt>
      <trkpt lat="49.2460500" lon="10.0278000"></trkpt>
      <trkpt lat="49.2454400" lon="10.0269800"></trkpt>
      <trkpt lat="49.2452100" lon="10.0262300"></trkpt>
      <trkpt lat="49.2448600" lon="10.0264700"></trkpt>
      <trkpt lat="49.2442900" lon="10.0231000"></trkpt>
      <trkpt lat="49.2438400" lon="10.0196000"></trkpt>
      <trkpt lat="49.2437600" lon="10.0179000"></trkpt>
      <trkpt lat="49.2428100" lon="10.0141500"></trkpt>
      <trkpt lat="49.2415200" lon="10.0142300"></trkpt>
      <trkpt lat="49.2408100" lon="10.0042500"></trkpt>
      <trkpt lat="49.2407700" lon="10.0031000"></trkpt>
      <trkpt lat="49.2399300" lon="9.9953200"></trkpt>
      <trkpt lat="49.2390000" lon="9.9931500"></trkpt>
      <trkpt lat="49.2387300" lon="9.9918400"></trkpt>
      <trkpt lat="49.2384200" lon="9.9890700"></trkpt>
      <trkpt lat="49.2380900" lon="9.9882000"></trkpt>
      <trkpt lat="49.2358500" lon="9.9859200"></trkpt>
      <trkpt lat="49.2357400" lon="9.9845100"></trkpt>
      <trkpt lat="49.2355200" lon="9.9841800"></trkpt>
      <trkpt lat="49.2351500" lon="9.9813900"></trkpt>
      <trkpt lat="49.2349400" lon="9.9785100"></trkpt>
      <trkpt lat="49.2347700" lon="9.9776400"></trkpt>
      <trkpt lat="49.2331300" lon="9.9749700"></trkpt>
      <trkpt lat="49.2307800" lon="9.9700700"></trkpt>
      <trkpt lat="49.2299900" lon="9.9696800"></trkpt>
      <trkpt lat="49.2297800" lon="9.9678300"></trkpt>
      <trkpt lat="49.2293500" lon="9.9660200"></trkpt>
      <trkpt lat="49.2297100" lon="9.9660300"></trkpt>
      <trkpt lat="49.2295800" lon="9.9645100"></trkpt>
      <trkpt lat="49.2290000" lon="9.9639500"></trkpt>
      <trkpt lat="49.2290100" lon="9.9628400"></trkpt>
      <trkpt lat="49.2287400" lon="9.9615800"></trkpt>
      <trkpt lat="49.2273500" lon="9.9594000"></trkpt>
      <trkpt lat="49.2272300" lon="9.9589100"></trkpt>
      <trkpt lat="49.2275300" lon="9.9554200"></trkpt>
      <trkpt lat="49.2274500" lon="9.9550200"></trkpt>
      <trkpt lat="49.2262300" lon="9.9527400"></trkpt>
      <trkpt lat="49.2247600" lon="9.9513300"></trkpt>
      <trkpt lat="49.2252600" lon="9.9503600"></trkpt>
      <trkpt lat="49.2247400" lon="9.9489400"></trkpt>
      <trkpt lat="49.2238500" lon="9.9471700"></trkpt>
      <trkpt lat="49.2227300" lon="9.9458600"></trkpt>
      <trkpt lat="49.2219100" lon="9.9456900"></trkpt>
      <trkpt lat="49.2222400" lon="9.9435200"></trkpt>
      <trkpt lat="49.2219100" lon="9.9424200"></trkpt>
      <trkpt lat="49.2217700" lon="9.9409000"></trkpt>
      <trkpt lat="49.2213000" lon="9.9399700"></trkpt>
      <trkpt lat="49.2203100" lon="9.9367200"></trkpt>
      <trkpt lat="49.2190400" lon="9.9347100"></trkpt>
      <trkpt lat="49.2177000" lon="9.9314800"></trkpt>
      <trkpt lat="49.2178300" lon="9.9306500"></trkpt>
      <trkpt lat="49.2175000" lon="9.9291200"></trkpt>
      <trkpt lat="49.2169500" lon="9.9277900"></trkpt>
      <trkpt lat="49.2165200" lon="9.9258800"></trkpt>
      <trkpt lat="49.2163900" lon="9.9241500"></trkpt>
      <trkpt lat="49.2161200" lon="9.9229700"></trkpt>
      <trkpt lat="49.2161100" lon="9.9213300"></trkpt>
      <trkpt lat="49.2156500" lon="9.9205400"></trkpt>
      <trkpt lat="49.2138300" lon="9.9196400"></trkpt>
      <trkpt lat="49.2138300" lon="9.9194100"></trkpt>
      <trkpt lat="49.2149900" lon="9.9189300"></trkpt>
      <trkpt lat="49.2139400" lon="9.9180800"></trkpt>
      <trkpt lat="49.2134200" lon="9.9172100"></trkpt>
      <trkpt lat="49.2118100" lon="9.9165300"></trkpt>
      <trkpt lat="49.2118500" lon="9.9153000"></trkpt>
      <trkpt lat="49.2111400" lon="9.9145900"></trkpt>
      <trkpt lat="49.2113300" lon="9.9138400"></trkpt>
      <trkpt lat="49.2113400" lon="9.9119800"></trkpt>
      <trkpt lat="49.2109400" lon="9.9102200"></trkpt>
      <trkpt lat="49.2109500" lon="9.9091400"></trkpt>
      <trkpt lat="49.2116300" lon="9.9054400"></trkpt>
      <trkpt lat="49.2116500" lon="9.9028000"></trkpt>
      <trkpt lat="49.2121700" lon="9.9017200"></trkpt>
      <trkpt lat="49.2123900" lon="9.9004900"></trkpt>
      <trkpt lat="49.2121400" lon="9.8978400"></trkpt>
      <trkpt lat="49.2115900" lon="9.8945400"></trkpt>
      <trkpt lat="49.2131800" lon="9.8943900"></trkpt>
      <trkpt lat="49.2152000" lon="9.8938500"></trkpt>
      <trkpt lat="49.2142300" lon="9.8902700"></trkpt>
      <trkpt lat="49.2133000" lon="9.8854400"></trkpt>
      <trkpt lat="49.2129200" lon="9.8842500"></trkpt>
      <trkpt lat="49.2129900" lon="9.8834600"></trkpt>
      <trkpt lat="49.2134700" lon="9.8825100"></trkpt>
      <trkpt lat="49.2131500" lon="9.8801500"></trkpt>
      <trkpt lat="49.2133400" lon="9.8791400"></trkpt>
      <trkpt lat="49.2141000" lon="9.8770400"></trkpt>
      <trkpt lat="49.2143000" lon="9.8745700"></trkpt>
      <trkpt lat="49.2150500" lon="9.8722700"></trkpt>
      <trkpt lat="49.2155400" lon="9.8714100"></trkpt>
      <trkpt lat="49.2161100" lon="9.8687800"></trkpt>
      <trkpt lat="49.2174600" lon="9.8665000"></trkpt>
      <trkpt lat="49.2180400" lon="9.8648400"></trkpt>
      <trkpt lat="49.2187400" lon="9.8621800"></trkpt>
      <trkpt lat="49.2185500" lon="9.8604100"></trkpt>
      <trkpt lat="49.2196900" lon="9.8604800"></trkpt>
      <trkpt lat="49.2205200" lon="9.8594900"></trkpt>
      <trkpt lat="49.2208400" lon="9.8584500"></trkpt>
      <trkpt lat="49.2219000" lon="9.8574200"></trkpt>
      <trkpt lat="49.2230700" lon="9.8536400"></trkpt>
      <trkpt lat="49.2237800" lon="9.8519100"></trkpt>
      <trkpt lat="49.2239100" lon="9.8506800"></trkpt>
      <trkpt lat="49.2249400" lon="9.8491400"></trkpt>
      <trkpt lat="49.2248700" lon="9.8479900"></trkpt>
      <trkpt lat="49.2258400" lon="9.8471600"></trkpt>
      <trkpt lat="49.2261200" lon="9.8455100"></trkpt>
      <trkpt lat="49.2270300" lon="9.8447900"></trkpt>
      <trkpt lat="49.2273300" lon="9.8442600"></trkpt>
      <trkpt lat="49.2278600" lon="9.8412100"></trkpt>
      <trkpt lat="49.2279800" lon="9.8394500"></trkpt>
      <trkpt lat="49.2283800" lon="9.8365300"></trkpt>
      <trkpt lat="49.2283500" lon="9.8338000"></trkpt>
      <trkpt lat="49.2268700" lon="9.8285400"></trkpt>
      <trkpt lat="49.2266700" lon="9.8272300"></trkpt>
      <trkpt lat="49.2266600" lon="9.8250200"></trkpt>
      <trkpt lat="49.2264300" lon="9.8201900"></trkpt>
      <trkpt lat="49.2257700" lon="9.8156600"></trkpt>
      <trkpt lat="49.2254900" lon="9.8131700"></trkpt>
      <trkpt lat="49.2247300" lon="9.8105800"></trkpt>
      <trkpt lat="49.2239200" lon="9.8083900"></trkpt>
      <trkpt lat="49.2234600" lon="9.8050900"></trkpt>
      <trkpt lat="49.2233900" lon="9.8032200"></trkpt>
      <trkpt lat="49.2227200" lon="9.8000200"></trkpt>
      <trkpt lat="49.2218400" lon="9.7995700"></trkpt>
      <trkpt lat="49.2214600" lon="9.7987600"></trkpt>
      <trkpt lat="49.2213000" lon="9.7960000"></trkpt>
      <trkpt lat="49.2208600" lon="9.7940800"></trkpt>
      <trkpt lat="49.2207300" lon="9.7919600"></trkpt>
      <trkpt lat="49.2207700" lon="9.7888800"></trkpt>
      <trkpt lat="49.2203900" lon="9.7869300"></trkpt>
      <trkpt lat="49.2202300" lon="9.7851100"></trkpt>
      <trkpt lat="49.2198900" lon="9.7843400"></trkpt>
      <trkpt lat="49.2198300" lon="9.7822200"></trkpt>
      <trkpt lat="49.2191500" lon="9.7802000"></trkpt>
      <trkpt lat="49.2189000" lon="9.7778400"></trkpt>
      <trkpt lat="49.2186300" lon="9.7770600"></trkpt>
      <trkpt lat="49.2198000" lon="9.7759600"></trkpt>
      <trkpt lat="49.2204300" lon="9.7757800"></trkpt>
      <trkpt lat="49.2209000" lon="9.7725800"></trkpt>
      <trkpt lat="49.2212500" lon="9.7718100"></trkpt>
      <trkpt lat="49.2211700" lon="9.7692500"></trkpt>
      <trkpt lat="49.2217100" lon="9.7647900"></trkpt>
      <trkpt lat="49.2220900" lon="9.7623500"></trkpt>
      <trkpt lat="49.2225800" lon="9.7609900"></trkpt>
      <trkpt lat="49.2230300" lon="9.7589300"></trkpt>
      <trkpt lat="49.2230900" lon="9.7580400"></trkpt>
      <trkpt lat="49.2224600" lon="9.7550300"></trkpt>
      <trkpt lat="49.2221600" lon="9.7541000"></trkpt>
      <trkpt lat="49.2212800" lon="9.7525300"></trkpt>
      <trkpt lat="49.2212700" lon="9.7517400"></trkpt>
      <trkpt lat="49.2218300" lon="9.7502600"></trkpt>
      <trkpt lat="49.2222700" lon="9.7472400"></trkpt>
      <trkpt lat="49.2219400" lon="9.7454700"></trkpt>
      <trkpt lat="49.2219600" lon="9.7437300"></trkpt>
      <trkpt lat="49.2224000" lon="9.7393800"></trkpt>
      <trkpt lat="49.2224100" lon="9.7368900"></trkpt>
      <trkpt lat="49.2222900" lon="9.7327500"></trkpt>
      <trkpt lat="49.2227400" lon="9.7317900"></trkpt>
      <trkpt lat="49.2232400" lon="9.7296900"></trkpt>
      <trkpt lat="49.2232700" lon="9.7286000"></trkpt>
      <trkpt lat="49.2220300" lon="9.7190500"></trkpt>
      <trkpt lat="49.2210200" lon="9.7159800"></trkpt>
      <trkpt lat="49.2205500" lon="9.7128300"></trkpt>
      <trkpt lat="49.2204800" lon="9.7111600"></trkpt>
      <trkpt lat="49.2207200" lon="9.7090000"></trkpt>
      <trkpt lat="49.2215700" lon="9.7058700"></trkpt>
      <trkpt lat="49.2218700" lon="9.7032400"></trkpt>
      <trkpt lat="49.2236200" lon="9.6979800"></trkpt>
      <trkpt lat="49.2247400" lon="9.6951700"></trkpt>
      <trkpt lat="49.2252600" lon="9.6934000"></trkpt>
      <trkpt lat="49.2259800" lon="9.6916100"></trkpt>
      <trkpt lat="49.2258100" lon="9.6912000"></trkpt>
      <trkpt lat="49.2247600" lon="9.6903800"></trkpt>
      <trkpt lat="49.2242700" lon="9.6887100"></trkpt>
      <trkpt lat="49.2248400" lon="9.6881400"></trkpt>
      <trkpt lat="49.2232500" lon="9.6871900"></trkpt>
      <trkpt lat="49.2225400" lon="9.6859900"></trkpt>
      <trkpt lat="49.2214200" lon="9.6788400"></trkpt>
      <trkpt lat="49.2214600" lon="9.6775700"></trkpt>
      <trkpt lat="49.2212300" lon="9.6761500"></trkpt>
      <trkpt lat="49.2214600" lon="9.6732300"></trkpt>
      <trkpt lat="49.2211800" lon="9.6714300"></trkpt>
      <trkpt lat="49.2213000" lon="9.6692200"></trkpt>
      <trkpt lat="49.2209400" lon="9.6684100"></trkpt>
      <trkpt lat="49.2193700" lon="9.6666000"></trkpt>
      <trkpt lat="49.2183300" lon="9.6644500"></trkpt>
      <trkpt lat="49.2172700" lon="9.6637700"></trkpt>
      <trkpt lat="49.2159900" lon="9.6617400"></trkpt>
      <trkpt lat="49.2146000" lon="9.6597800"></trkpt>
      <trkpt lat="49.2139600" lon="9.6599600"></trkpt>
      <trkpt lat="49.2134900" lon="9.6592600"></trkpt>
      <trkpt lat="49.2118400" lon="9.6576200"></trkpt>
      <trkpt lat="49.2110600" lon="9.6562900"></trkpt>
      <trkpt lat="49.2106500" lon="9.6538800"></trkpt>
      <trkpt lat="49.2107800" lon="9.6524800"></trkpt>
      <trkpt lat="49.2115700" lon="9.6484700"></trkpt>
      <trkpt lat="49.2117500" lon="9.6470600"></trkpt>
      <trkpt lat="49.2115300" lon="9.6448400"></trkpt>
      <trkpt lat="49.2112700" lon="9.6439800"></trkpt>
      <trkpt lat="49.2101600" lon="9.6414900"></trkpt>
      <trkpt lat="49.2098100" lon="9.6403500"></trkpt>
      <trkpt lat="49.2095800" lon="9.6387400"></trkpt>
      <trkpt lat="49.2092200" lon="9.6332400"></trkpt>
      <trkpt lat="49.2095300" lon="9.6305800"></trkpt>
      <trkpt lat="49.2102700" lon="9.6285000"></trkpt>
      <trkpt lat="49.2130900" lon="9.6239900"></trkpt>
      <trkpt lat="49.2133100" lon="9.6233400"></trkpt>
      <trkpt lat="49.2134300" lon="9.6212200"></trkpt>
      <trkpt lat="49.2144300" lon="9.6176600"></trkpt>
      <trkpt lat="49.2147100" lon="9.6147100"></trkpt>
      <trkpt lat="49.2145900" lon="9.6129700"></trkpt>
      <trkpt lat="49.2139900" lon="9.6094300"></trkpt>
      <trkpt lat="49.2134700" lon="9.6072600"></trkpt>
      <trkpt lat="49.2125700" lon="9.6042500"></trkpt>
      <trkpt lat="49.2118400" lon="9.6025500"></trkpt>
      <trkpt lat="49.2107100" lon="9.6009800"></trkpt>
      <trkpt lat="49.2087000" lon="9.5988200"></trkpt>
      <trkpt lat="49.2079500" lon="9.5976500"></trkpt>
      <trkpt lat="49.2063000" lon="9.5939300"></trkpt>
      <trkpt lat="49.2052800" lon="9.5921800"></trkpt>
      <trkpt lat="49.2034700" lon="9.5904300"></trkpt>
      <trkpt lat="49.2024000" lon="9.5890600"></trkpt>
      <trkpt lat="49.2018200" lon="9.5879800"></trkpt>
      <trkpt lat="49.2010600" lon="9.5859300"></trkpt>
      <trkpt lat="49.2008000" lon="9.5847900"></trkpt>
      <trkpt lat="49.2005900" lon="9.5827700"></trkpt>
      <trkpt lat="49.2006600" lon="9.5807300"></trkpt>
      <trkpt lat="49.2011300" lon="9.5760300"></trkpt>
      <trkpt lat="49.2009000" lon="9.5733400"></trkpt>
      <trkpt lat="49.2005400" lon="9.5716800"></trkpt>
      <trkpt lat="49.1994100" lon="9.5690400"></trkpt>
      <trkpt lat="49.1965900" lon="9.5638100"></trkpt>
      <trkpt lat="49.1959100" lon="9.5620800"></trkpt>
      <trkpt lat="49.1954100" lon="9.5596300"></trkpt>
      <trkpt lat="49.1953400" lon="9.5582900"></trkpt>
      <trkpt lat="49.1955900" lon="9.5548400"></trkpt>
      <trkpt lat="49.1964500" lon="9.5524700"></trkpt>
      <trkpt lat="49.1978100" lon="9.5496500"></trkpt>
      <trkpt lat="49.1985200" lon="9.5473500"></trkpt>
      <trkpt lat="49.1986400" lon="9.5464400"></trkpt>
      <trkpt lat="49.1987000" lon="9.5436300"></trkpt>
      <trkpt lat="49.1982500" lon="9.5377500"></trkpt>
      <trkpt lat="49.1984000" lon="9.5348500"></trkpt>
      <trkpt lat="49.1979500" lon="9.5309700"></trkpt>
      <trkpt lat="49.1981400" lon="9.5302500"></trkpt>
      <trkpt lat="49.1987200" lon="9.5298300"></trkpt>
      <trkpt lat="49.1997000" lon="9.5280200"></trkpt>
      <trkpt lat="49.1998600" lon="9.5274300"></trkpt>
      <trkpt lat="49.2000500" lon="9.5231300"></trkpt>
      <trkpt lat="49.1996700" lon="9.5210300"></trkpt>
      <trkpt lat="49.1996200" lon="9.5169700"></trkpt>
      <trkpt lat="49.1998500" lon="9.5154300"></trkpt>
      <trkpt lat="49.2008000" lon="9.5125300"></trkpt>
      <trkpt lat="49.2010300" lon="9.5108000"></trkpt>
      <trkpt lat="49.2013000" lon="9.5070500"></trkpt>
      <trkpt lat="49.2022100" lon="9.5049600"></trkpt>
      <trkpt lat="49.2024300" lon="9.5041600"></trkpt>
      <trkpt lat="49.2024400" lon="9.5007200"></trkpt>
      <trkpt lat="49.2016900" lon="9.4983100"></trkpt>
      <trkpt lat="49.2016500" lon="9.4969500"></trkpt>
      <trkpt lat="49.2021600" lon="9.4953800"></trkpt>
      <trkpt lat="49.2030400" lon="9.4941100"></trkpt>
      <trkpt lat="49.2031800" lon="9.4933200"></trkpt>
      <trkpt lat="49.2008500" lon="9.4874200"></trkpt>
      <trkpt lat="49.2003500" lon="9.4856000"></trkpt>
      <trkpt lat="49.1992700" lon="9.4796900"></trkpt>
      <trkpt lat="49.1981300" lon="9.4756700"></trkpt>
      <trkpt lat="49.1978700" lon="9.4744300"></trkpt>
      <trkpt lat="49.1918100" lon="9.4522900"></trkpt>
      <trkpt lat="49.1900900" lon="9.4450200"></trkpt>
      <trkpt lat="49.1895900" lon="9.4440700"></trkpt>
      <trkpt lat="49.1898900" lon="9.4399100"></trkpt>
      <trkpt lat="49.1896400" lon="9.4382100"></trkpt>
      <trkpt lat="49.1888200" lon="9.4357200"></trkpt>
      <trkpt lat="49.1886900" lon="9.4341800"></trkpt>
      <trkpt lat="49.1889400" lon="9.4304000"></trkpt>
      <trkpt lat="49.1885300" lon="9.4266100"></trkpt>
      <trkpt lat="49.1871300" lon="9.4193400"></trkpt>
      <trkpt lat="49.1868000" lon="9.4164400"></trkpt>
      <trkpt lat="49.1860100" lon="9.4134300"></trkpt>
      <trkpt lat="49.1851100" lon="9.4089900"></trkpt>
      <trkpt lat="49.1847800" lon="9.4064500"></trkpt>
      <trkpt lat="49.1838400" lon="9.4042800"></trkpt>
      <trkpt lat="49.1828400" lon="9.4032400"></trkpt>
      <trkpt lat="49.1818800" lon="9.4019000"></trkpt>
      <trkpt lat="49.1813900" lon="9.4006800"></trkpt>
      <trkpt lat="49.1799400" lon="9.3960000"></trkpt>
      <trkpt lat="49.1796800" lon="9.3939100"></trkpt>
      <trkpt lat="49.1796600" lon="9.3910800"></trkpt>
      <trkpt lat="49.1798300" lon="9.3864900"></trkpt>
      <trkpt lat="49.1795600" lon="9.3779600"></trkpt>
      <trkpt lat="49.1783000" lon="9.3728800"></trkpt>
      <trkpt lat="49.1785200" lon="9.3690600"></trkpt>
      <trkpt lat="49.1792800" lon="9.3644500"></trkpt>
      <trkpt lat="49.1794600" lon="9.3629100"></trkpt>
      <trkpt lat="49.1794300" lon="9.3613600"></trkpt>
      <trkpt lat="49.1778800" lon="9.3514400"></trkpt>
      <trkpt lat="49.1787600" lon="9.3471200"></trkpt>
      <trkpt lat="49.1794900" lon="9.3454900"></trkpt>
      <trkpt lat="49.1795800" lon="9.3440000"></trkpt>
      <trkpt lat="49.1790400" lon="9.3408800"></trkpt>
      <trkpt lat="49.1788800" lon="9.3380400"></trkpt>
      <trkpt lat="49.1785600" lon="9.3354000"></trkpt>
      <trkpt lat="49.1782400" lon="9.3336000"></trkpt>
      <trkpt lat="49.1763400" lon="9.3245400"></trkpt>
      <trkpt lat="49.1760100" lon="9.3231500"></trkpt>
      <trkpt lat="49.1757000" lon="9.3228700"></trkpt>
      <trkpt lat="49.1757900" lon="9.3219900"></trkpt>
      <trkpt lat="49.1745400" lon="9.3160800"></trkpt>
      <trkpt lat="49.1741300" lon="9.3144900"></trkpt>
      <trkpt lat="49.1709100" lon="9.3086400"></trkpt>
      <trkpt lat="49.1705600" lon="9.3081100"></trkpt>
      <trkpt lat="49.1678000" lon="9.3047100"></trkpt>
      <trkpt lat="49.1666400" lon="9.3034300"></trkpt>
      <trkpt lat="49.1668800" lon="9.3026300"></trkpt>
      <trkpt lat="49.1657300" lon="9.3010700"></trkpt>
      <trkpt lat="49.1646300" lon="9.2998700"></trkpt>
      <trkpt lat="49.1630600" lon="9.2973800"></trkpt>
      <trkpt lat="49.1621700" lon="9.2953900"></trkpt>
      <trkpt lat="49.1628700" lon="9.2941200"></trkpt>
      <trkpt lat="49.1629200" lon="9.2925400"></trkpt>
      <trkpt lat="49.1634000" lon="9.2896400"></trkpt>
      <trkpt lat="49.1643200" lon="9.2869000"></trkpt>
      <trkpt lat="49.1646200" lon="9.2851500"></trkpt>
      <trkpt lat="49.1651500" lon="9.2832400"></trkpt>
      <trkpt lat="49.1655000" lon="9.2810900"></trkpt>
      <trkpt lat="49.1654500" lon="9.2801900"></trkpt>
      <trkpt lat="49.1650700" lon="9.2791400"></trkpt>
      <trkpt lat="49.1638800" lon="9.2776500"></trkpt>
      <trkpt lat="49.1637200" lon="9.2760200"></trkpt>
      <trkpt lat="49.1649200" lon="9.2712600"></trkpt>
      <trkpt lat="49.1655600" lon="9.2690500"></trkpt>
      <trkpt lat="49.1666400" lon="9.2661600"></trkpt>
      <trkpt lat="49.1667300" lon="9.2654400"></trkpt>
      <trkpt lat="49.1659600" lon="9.2646900"></trkpt>
      <trkpt lat="49.1654800" lon="9.2627800"></trkpt>
      <trkpt lat="49.1654700" lon="9.2621000"></trkpt>
      <trkpt lat="49.1646900" lon="9.2571800"></trkpt>
      <trkpt lat="49.1645500" lon="9.2555500"></trkpt>
      <trkpt lat="49.1645400" lon="9.2524300"></trkpt>
      <trkpt lat="49.1639500" lon="9.2521500"></trkpt>
      <trkpt lat="49.1636700" lon="9.2482900"></trkpt>
      <trkpt lat="49.1633400" lon="9.2467100"></trkpt>
      <trkpt lat="49.1623000" lon="9.2428100"></trkpt>
      <trkpt lat="49.1620800" lon="9.2414200"></trkpt>
      <trkpt lat="49.1621000" lon="9.2397400"></trkpt>
      <trkpt lat="49.1618200" lon="9.2380500"></trkpt>
      <trkpt lat="49.1620400" lon="9.2369200"></trkpt>
      <trkpt lat="49.1622500" lon="9.2344700"></trkpt>
      <trkpt lat="49.1619900" lon="9.2328100"></trkpt>
      <trkpt lat="49.1602000" lon="9.2298700"></trkpt>
      <trkpt lat="49.1587200" lon="9.2297300"></trkpt>
      <trkpt lat="49.1574700" lon="9.2300000"></trkpt>
      <trkpt lat="49.1564800" lon="9.2296800"></trkpt>
      <trkpt lat="49.1557300" lon="9.2284100"></trkpt>
      <trkpt lat="49.1538000" lon="9.2239700"></trkpt>
      <trkpt lat="49.1541300" lon="9.2219500"></trkpt>
      <trkpt lat="49.1538900" lon="9.2212800"></trkpt>
      <trkpt lat="49.1517200" lon="9.2203600"></trkpt>
      <trkpt lat="49.1512900" lon="9.2198900"></trkpt>
      <trkpt lat="49.1531200" lon="9.2132500"></trkpt>
      <trkpt lat="49.1530800" lon="9.2130500"></trkpt>
      <trkpt lat="49.1515300" lon="9.2120800"></trkpt>
      <trkpt lat="49.1510600" lon="9.2113000"></trkpt>
      <trkpt lat="49.1512700" lon="9.2103500"></trkpt>
      <trkpt lat="49.1514000" lon="9.2079400"></trkpt>
      <trkpt lat="49.1517300" lon="9.2067400"></trkpt>
      <trkpt lat="49.1521700" lon="9.2021200"></trkpt>
      <trkpt lat="49.1525900" lon="9.2002600"></trkpt>
      <trkpt lat="49.1521500" lon="9.1927000"></trkpt>
      <trkpt lat="49.1515900" lon="9.1877100"></trkpt>
      <trkpt lat="49.1513200" lon="9.1827900"></trkpt>
      <trkpt lat="49.1512800" lon="9.1795100"></trkpt>
      <trkpt lat="49.1502400" lon="9.1798700"></trkpt>
      <trkpt lat="49.1501800" lon="9.1773800"></trkpt>
      <trkpt lat="49.1504200" lon="9.1769500"></trkpt>
      <trkpt lat="49.1502300" lon="9.1692700"></trkpt>
      <trkpt lat="49.1495900" lon="9.1632100"></trkpt>
      <trkpt lat="49.1495900" lon="9.1615600"></trkpt>
      <trkpt lat="49.1499600" lon="9.1567300"></trkpt>
      <trkpt lat="49.1494400" lon="9.1565100"></trkpt>
      <trkpt lat="49.1493700" lon="9.1554300"></trkpt>
      <trkpt lat="49.1486100" lon="9.1548200"></trkpt>
      <trkpt lat="49.1449300" lon="9.1511900"></trkpt>
      <trkpt lat="49.1440500" lon="9.1500400"></trkpt>
      <trkpt lat="49.1431800" lon="9.1482500"></trkpt>
      <trkpt lat="49.1424500" lon="9.1458600"></trkpt>
      <trkpt lat="49.1423300" lon="9.1445600"></trkpt>
      <trkpt lat="49.1419600" lon="9.1440200"></trkpt>
      <trkpt lat="49.1426400" lon="9.1420700"></trkpt>
      <trkpt lat="49.1444800" lon="9.1384100"></trkpt>
      <trkpt lat="49.1444200" lon="9.1383400"></trkpt>
      <trkpt lat="49.1458700" lon="9.1355400"></trkpt>
      <trkpt lat="49.1469600" lon="9.1325900"></trkpt>
      <trkpt lat="49.1474600" lon="9.1299900"></trkpt>
      <trkpt lat="49.1478800" lon="9.1255900"></trkpt>
      <trkpt lat="49.1482900" lon="9.1233500"></trkpt>
      <trkpt lat="49.1493100" lon="9.1195100"></trkpt>
      <trkpt lat="49.1499800" lon="9.1155700"></trkpt>
      <trkpt lat="49.1506600" lon="9.1121300"></trkpt>
      <trkpt lat="49.1509400" lon="9.1102100"></trkpt>
      <trkpt lat="49.1511900" lon="9.1069700"></trkpt>
      <trkpt lat="49.1511500" lon="9.1046700"></trkpt>
      <trkpt lat="49.1507800" lon="9.1025700"></trkpt>
      <trkpt lat="49.1502400" lon="9.1009600"></trkpt>
      <trkpt lat="49.1492900" lon="9.0991800"></trkpt>
      <trkpt lat="49.1464300" lon="9.0947600"></trkpt>
      <trkpt lat="49.1453600" lon="9.0923600"></trkpt>
      <trkpt lat="49.1451300" lon="9.0913900"></trkpt>
      <trkpt lat="49.1448700" lon="9.0881600"></trkpt>
      <trkpt lat="49.1453200" lon="9.0775200"></trkpt>
      <trkpt lat="49.1457700" lon="9.0675100"></trkpt>
      <trkpt lat="49.1459500" lon="9.0658300"></trkpt>
      <trkpt lat="49.1472700" lon="9.0575200"></trkpt>
      <trkpt lat="49.1473900" lon="9.0553500"></trkpt>
      <trkpt lat="49.1473000" lon="9.0535500"></trkpt>
      <trkpt lat="49.1470200" lon="9.0517300"></trkpt>
      <trkpt lat="49.1464500" lon="9.0493000"></trkpt>
      <trkpt lat="49.1461300" lon="9.0473600"></trkpt>
      <trkpt lat="49.1461300" lon="9.0429000"></trkpt>
      <trkpt lat="49.1459500" lon="9.0408900"></trkpt>
      <trkpt lat="49.1446300" lon="9.0284500"></trkpt>
      <trkpt lat="49.1445600" lon="9.0266400"></trkpt>
      <trkpt lat="49.1448200" lon="9.0236700"></trkpt>
      <trkpt lat="49.1453500" lon="9.0205200"></trkpt>
      <trkpt lat="49.1466500" lon="9.0140900"></trkpt>
      <trkpt lat="49.1483200" lon="9.0072500"></trkpt>
      <trkpt lat="49.1490200" lon="9.0041000"></trkpt>
      <trkpt lat="49.1494900" lon="9.0015700"></trkpt>
      <trkpt lat="49.1498100" lon="8.9992500"></trkpt>
      <trkpt lat="49.1499900" lon="8.9962200"></trkpt>
      <trkpt lat="49.1499400" lon="8.9945500"></trkpt>
      <trkpt lat="49.1496900" lon="8.9921200"></trkpt>
      <trkpt lat="49.1491700" lon="8.9896900"></trkpt>
      <trkpt lat="49.1485100" lon="8.9877900"></trkpt>
      <trkpt lat="49.1459500" lon="8.9820200"></trkpt>
      <trkpt lat="49.1451800" lon="8.9792200"></trkpt>
      <trkpt lat="49.1448300" lon="8.9766300"></trkpt>
      <trkpt lat="49.1444900" lon="8.9716500"></trkpt>
      <trkpt lat="49.1441300" lon="8.9690500"></trkpt>
      <trkpt lat="49.1431900" lon="8.9651700"></trkpt>
      <trkpt lat="49.1423700" lon="8.9614900"></trkpt>
      <trkpt lat="49.1415000" lon="8.9572400"></trkpt>
      <trkpt lat="49.1397100" lon="8.9475200"></trkpt>
      <trkpt lat="49.1391900" lon="8.9444000"></trkpt>
      <trkpt lat="49.1389300" lon="8.9415800"></trkpt>
      <trkpt lat="49.1385300" lon="8.9413200"></trkpt>
      <trkpt lat="49.1376100" lon="8.9378300"></trkpt>
      <trkpt lat="49.1375000" lon="8.9371200"></trkpt>
      <trkpt lat="49.1370000" lon="8.9313600"></trkpt>
      <trkpt lat="49.1372700" lon="8.9241800"></trkpt>
      <trkpt lat="49.1372400" lon="8.9207700"></trkpt>
      <trkpt lat="49.1369500" lon="8.9193400"></trkpt>
      <trkpt lat="49.1354000" lon="8.9147700"></trkpt>
      <trkpt lat="49.1348900" lon="8.9128300"></trkpt>
      <trkpt lat="49.1348500" lon="8.9119400"></trkpt>
      <trkpt lat="49.1352100" lon="8.9116200"></trkpt>
      <trkpt lat="49.1343400" lon="8.9092400"></trkpt>
      <trkpt lat="49.1347900" lon="8.9088400"></trkpt>
      <trkpt lat="49.1343700" lon="8.9071500"></trkpt>
      <trkpt lat="49.1348400" lon="8.9068900"></trkpt>
      <trkpt lat="49.1343800" lon="8.9044500"></trkpt>
      <trkpt lat="49.1344100" lon="8.9015400"></trkpt>
      <trkpt lat="49.1340900" lon="8.8998000"></trkpt>
      <trkpt lat="49.1344300" lon="8.8990700"></trkpt>
      <trkpt lat="49.1342800" lon="8.8974300"></trkpt>
      <trkpt lat="49.1337200" lon="8.8937800"></trkpt>
      <trkpt lat="49.1334000" lon="8.8929300"></trkpt>
      <trkpt lat="49.1333900" lon="8.8916100"></trkpt>
      <trkpt lat="49.1328300" lon="8.8884300"></trkpt>
      <trkpt lat="49.1329900" lon="8.8877300"></trkpt>
      <trkpt lat="49.1322100" lon="8.8851600"></trkpt>
      <trkpt lat="49.1313900" lon="8.8800000"></trkpt>
      <trkpt lat="49.1307600" lon="8.8751300"></trkpt>
      <trkpt lat="49.1303400" lon="8.8725000"></trkpt>
      <trkpt lat="49.1295200" lon="8.8701600"></trkpt>
      <trkpt lat="49.1286500" lon="8.8685900"></trkpt>
      <trkpt lat="49.1267500" lon="8.8654700"></trkpt>
      <trkpt lat="49.1255700" lon="8.8628400"></trkpt>
      <trkpt lat="49.1246000" lon="8.8599600"></trkpt>
      <trkpt lat="49.1232000" lon="8.8569000"></trkpt>
      <trkpt lat="49.1225400" lon="8.8547900"></trkpt>
      <trkpt lat="49.1219400" lon="8.8519600"></trkpt>
      <trkpt lat="49.1206400" lon="8.8464400"></trkpt>
      <trkpt lat="49.1179500" lon="8.8346700"></trkpt>
      <trkpt lat="49.1173800" lon="8.8330800"></trkpt>
      <trkpt lat="49.1164200" lon="8.8314600"></trkpt>
      <trkpt lat="49.1155100" lon="8.8305200"></trkpt>
      <trkpt lat="49.1126900" lon="8.8287700"></trkpt>
      <trkpt lat="49.1100200" lon="8.8263000"></trkpt>
      <trkpt lat="49.1089400" lon="8.8249000"></trkpt>
      <trkpt lat="49.1084800" lon="8.8239900"></trkpt>
      <trkpt lat="49.1076100" lon="8.8216100"></trkpt>
      <trkpt lat="49.1066700" lon="8.8199300"></trkpt>
      <trkpt lat="49.1035400" lon="8.8154400"></trkpt>
      <trkpt lat="49.1020800" lon="8.8136900"></trkpt>
      <trkpt lat="49.0993300" lon="8.8106700"></trkpt>
      <trkpt lat="49.0975200" lon="8.8090300"></trkpt>
      <trkpt lat="49.0936500" lon="8.8045000"></trkpt>
      <trkpt lat="49.0919300" lon="8.8021400"></trkpt>
      <trkpt lat="49.0904500" lon="8.7996100"></trkpt>
      <trkpt lat="49.0875600" lon="8.7940300"></trkpt>
      <trkpt lat="49.0855000" lon="8.7905300"></trkpt>
      <trkpt lat="49.0818900" lon="8.7853000"></trkpt>
      <trkpt lat="49.0803100" lon="8.7825200"></trkpt>
      <trkpt lat="49.0787800" lon="8.7792500"></trkpt>
      <trkpt lat="49.0775100" lon="8.7759400"></trkpt>
      <trkpt lat="49.0751800" lon="8.7691800"></trkpt>
      <trkpt lat="49.0738400" lon="8.7661500"></trkpt>
      <trkpt lat="49.0722800" lon="8.7636300"></trkpt>
      <trkpt lat="49.0708200" lon="8.7619800"></trkpt>
      <trkpt lat="49.0682100" lon="8.7598400"></trkpt>
      <trkpt lat="49.0666700" lon="8.7582000"></trkpt>
      <trkpt lat="49.0660000" lon="8.7571000"></trkpt>
      <trkpt lat="49.0636400" lon="8.7521300"></trkpt>
      <trkpt lat="49.0628900" lon="8.7512100"></trkpt>
      <trkpt lat="49.0608500" lon="8.7499400"></trkpt>
      <trkpt lat="49.0603000" lon="8.7493400"></trkpt>
      <trkpt lat="49.0591400" lon="8.7473600"></trkpt>
      <trkpt lat="49.0574300" lon="8.7456900"></trkpt>
      <trkpt lat="49.0564500" lon="8.7442100"></trkpt>
      <trkpt lat="49.0557200" lon="8.7420500"></trkpt>
      <trkpt lat="49.0551000" lon="8.7413700"></trkpt>
      <trkpt lat="49.0546600" lon="8.7403600"></trkpt>
      <trkpt lat="49.0534200" lon="8.7383800"></trkpt>
      <trkpt lat="49.0509200" lon="8.7359300"></trkpt>
      <trkpt lat="49.0497600" lon="8.7339800"></trkpt>
      <trkpt lat="49.0492400" lon="8.7336800"></trkpt>
      <trkpt lat="49.0484900" lon="8.7316200"></trkpt>
      <trkpt lat="49.0477300" lon="8.7318900"></trkpt>
      <trkpt lat="49.0459900" lon="8.7270300"></trkpt>
      <trkpt lat="49.0452900" lon="8.7255600"></trkpt>
      <trkpt lat="49.0460200" lon="8.7243400"></trkpt>
      <trkpt lat="49.0459700" lon="8.7217600"></trkpt>
      <trkpt lat="49.0455100" lon="8.7206900"></trkpt>
      <trkpt lat="49.0443300" lon="8.7193000"></trkpt>
      <trkpt lat="49.0423000" lon="8.7183300"></trkpt>
      <trkpt lat="49.0411900" lon="8.7173500"></trkpt>
      <trkpt lat="49.0410000" lon="8.7166900"></trkpt>
      <trkpt lat="49.0412700" lon="8.7150400"></trkpt>
      <trkpt lat="49.0409500" lon="8.7138600"></trkpt>
      <trkpt lat="49.0424300" lon="8.7102200"></trkpt>
      <trkpt lat="49.0428000" lon="8.7088800"></trkpt>
      <trkpt lat="49.0432900" lon="8.7054700"></trkpt>
      <trkpt lat="49.0433000" lon="8.7030800"></trkpt>
      <trkpt lat="49.0429500" lon="8.6999300"></trkpt>
      <trkpt lat="49.0418900" lon="8.6959200"></trkpt>
      <trkpt lat="49.0413500" lon="8.6945900"></trkpt>
      <trkpt lat="49.0397700" lon="8.6915000"></trkpt>
      <trkpt lat="49.0381400" lon="8.6880800"></trkpt>
      <trkpt lat="49.0376600" lon="8.6865500"></trkpt>
      <trkpt lat="49.0377400" lon="8.6846500"></trkpt>
      <trkpt lat="49.0385100" lon="8.6817000"></trkpt>
      <trkpt lat="49.0385100" lon="8.6801500"></trkpt>
      <trkpt lat="49.0382300" lon="8.6787800"></trkpt>
      <trkpt lat="49.0373400" lon="8.6761500"></trkpt>
      <trkpt lat="49.0372900" lon="8.6746600"></trkpt>
      <trkpt lat="49.0374500" lon="8.6736100"></trkpt>
      <trkpt lat="49.0381600" lon="8.6722300"></trkpt>
      <trkpt lat="49.0382700" lon="8.6716400"></trkpt>
      <trkpt lat="49.0378300" lon="8.6697900"></trkpt>
      <trkpt lat="49.0327700" lon="8.6640200"></trkpt>
      <trkpt lat="49.0319800" lon="8.6625600"></trkpt>
      <trkpt lat="49.0311100" lon="8.6606000"></trkpt>
      <trkpt lat="49.0294600" lon="8.6577400"></trkpt>
      <trkpt lat="49.0270000" lon="8.6550800"></trkpt>
      <trkpt lat="49.0257000" lon="8.6528000"></trkpt>
      <trkpt lat="49.0252700" lon="8.6517400"></trkpt>
      <trkpt lat="49.0250600" lon="8.6499900"></trkpt>
      <trkpt lat="49.0250700" lon="8.6478700"></trkpt>
      <trkpt lat="49.0247100" lon="8.6459800"></trkpt>
      <trkpt lat="49.0235800" lon="8.6421400"></trkpt>
      <trkpt lat="49.0229200" lon="8.6390900"></trkpt>
      <trkpt lat="49.0224400" lon="8.6357300"></trkpt>
      <trkpt lat="49.0220700" lon="8.6312700"></trkpt>
      <trkpt lat="49.0219200" lon="8.6266900"></trkpt>
      <trkpt lat="49.0219500" lon="8.6245400"></trkpt>
      <trkpt lat="49.0222500" lon="8.6180000"></trkpt>
      <trkpt lat="49.0221800" lon="8.6145500"></trkpt>
      <trkpt lat="49.0217800" lon="8.6114300"></trkpt>
      <trkpt lat="49.0208600" lon="8.6077800"></trkpt>
      <trkpt lat="49.0198900" lon="8.6051700"></trkpt>
      <trkpt lat="49.0191800" lon="8.6027900"></trkpt>
      <trkpt lat="49.0188900" lon="8.6006800"></trkpt>
      <trkpt lat="49.0190600" lon="8.5977800"></trkpt>
      <trkpt lat="49.0195000" lon="8.5961300"></trkpt>
      <trkpt lat="49.0213200" lon="8.5921500"></trkpt>
      <trkpt lat="49.0225200" lon="8.5888900"></trkpt>
      <trkpt lat="49.0232500" lon="8.5863200"></trkpt>
      <trkpt lat="49.0237600" lon="8.5850000"></trkpt>
      <trkpt lat="49.0197800" lon="8.5796400"></trkpt>
      <trkpt lat="49.0173800" lon="8.5749500"></trkpt>
      <trkpt lat="49.0165200" lon="8.5740600"></trkpt>
      <trkpt lat="49.0146500" lon="8.5710100"></trkpt>
      <trkpt lat="49.0133700" lon="8.5673200"></trkpt>
      <trkpt lat="49.0127700" lon="8.5661700"></trkpt>
      <trkpt lat="49.0102000" lon="8.5618400"></trkpt>
      <trkpt lat="49.0096000" lon="8.5609600"></trkpt>
      <trkpt lat="49.0088200" lon="8.5605800"></trkpt>
      <trkpt lat="49.0084800" lon="8.5600600"></trkpt>
      <trkpt lat="49.0088300" lon="8.5592500"></trkpt>
      <trkpt lat="49.0088200" lon="8.5578800"></trkpt>
      <trkpt lat="49.0093000" lon="8.5516600"></trkpt>
      <trkpt lat="49.0087000" lon="8.5493000"></trkpt>
      <trkpt lat="49.0079800" lon="8.5476100"></trkpt>
      <trkpt lat="49.0066800" lon="8.5452900"></trkpt>
      <trkpt lat="49.0062900" lon="8.5443300"></trkpt>
      <trkpt lat="49.0059000" lon="8.5426700"></trkpt>
      <trkpt lat="49.0052000" lon="8.5362300"></trkpt>
      <trkpt lat="49.0053300" lon="8.5323700"></trkpt>
      <trkpt lat="49.0056600" lon="8.5313200"></trkpt>
      <trkpt lat="49.0052900" lon="8.5310200"></trkpt>
      <trkpt lat="49.0059600" lon="8.5290400"></trkpt>
      <trkpt lat="49.0061800" lon="8.5278700"></trkpt>
      <trkpt lat="49.0065000" lon="8.5246200"></trkpt>
      <trkpt lat="49.0063200" lon="8.5209100"></trkpt>
      <trkpt lat="49.0057500" lon="8.5138300"></trkpt>
      <trkpt lat="49.0053300" lon="8.5138200"></trkpt>
      <trkpt lat="49.0053700" lon="8.5122300"></trkpt>
      <trkpt lat="49.0051100" lon="8.5087700"></trkpt>
      <trkpt lat="49.0052100" lon="8.5076900"></trkpt>
      <trkpt lat="49.0043200" lon="8.5032100"></trkpt>
      <trkpt lat="49.0042100" lon="8.5007000"></trkpt>
      <trkpt lat="49.0042800" lon="8.4979700"></trkpt>
      <trkpt lat="49.0030800" lon="8.4979600"></trkpt>
      <trkpt lat="49.0027800" lon="8.4951300"></trkpt>
      <trkpt lat="49.0032800" lon="8.4927600"></trkpt>
      <trkpt lat="49.0031000" lon="8.4927200"></trkpt>
      <trkpt lat="49.0032000" lon="8.4907500"></trkpt>
      <trkpt lat="49.0025300" lon="8.4877200"></trkpt>
      <trkpt lat="49.0023700" lon="8.4861300"></trkpt>
      <trkpt lat="49.0027800" lon="8.4838000"></trkpt>
      <trkpt lat="49.0010000" lon="8.4812700"></trkpt>
      <trkpt lat="48.9997500" lon="8.4792100"></trkpt>
      <trkpt lat="48.9983600" lon="8.4776600"></trkpt>
      <trkpt lat="48.9949100" lon="8.4749400"></trkpt>
      <trkpt lat="48.9941700" lon="8.4746500"></trkpt>
      <trkpt lat="48.9929400" lon="8.4735400"></trkpt>
      <trkpt lat="48.9909800" lon="8.4726900"></trkpt>
      <trkpt lat="48.9888600" lon="8.4710800"></trkpt>
      <trkpt lat="48.9877900" lon="8.4700200"></trkpt>
      <trkpt lat="48.9855600" lon="8.4673600"></trkpt>
      <trkpt lat="48.9840800" lon="8.4641400"></trkpt>
      <trkpt lat="48.9828300" lon="8.4623800"></trkpt>
      <trkpt lat="48.9816200" lon="8.4615000"></trkpt>
      <trkpt lat="48.9804000" lon="8.4600800"></trkpt>
      <trkpt lat="48.9791900" lon="8.4592100"></trkpt>
      <trkpt lat="48.9773100" lon="8.4575400"></trkpt>
      <trkpt lat="48.9761400" lon="8.4559900"></trkpt>
      <trkpt lat="48.9750800" lon="8.4548300"></trkpt>
      <trkpt lat="48.9734500" lon="8.4522500"></trkpt>
      <trkpt lat="48.9714600" lon="8.4502200"></trkpt>
      <trkpt lat="48.9709300" lon="8.4501800"></trkpt>
      <trkpt lat="48.9701500" lon="8.4480900"></trkpt>
      <trkpt lat="48.9697900" lon="8.4464800"></trkpt>
      <trkpt lat="48.9680700" lon="8.4457900"></trkpt>
      <trkpt lat="48.9672400" lon="8.4449600"></trkpt>
      <trkpt lat="48.9661600" lon="8.4433500"></trkpt>
      <trkpt lat="48.9645900" lon="8.4406900"></trkpt>
      <trkpt lat="48.9602700" lon="8.4330600"></trkpt>
      <trkpt lat="48.9593200" lon="8.4315200"></trkpt>
      <trkpt lat="48.9577300" lon="8.4294000"></trkpt>
      <trkpt lat="48.9570000" lon="8.4281400"></trkpt>
      <trkpt lat="48.9548400" lon="8.4235400"></trkpt>
      <trkpt lat="48.9541800" lon="8.4224400"></trkpt>
      <trkpt lat="48.9532200" lon="8.4212700"></trkpt>
      <trkpt lat="48.9523200" lon="8.4197300"></trkpt>
      <trkpt lat="48.9508700" lon="8.4155600"></trkpt>
      <trkpt lat="48.9503800" lon="8.4145600"></trkpt>
      <trkpt lat="48.9491400" lon="8.4133000"></trkpt>
      <trkpt lat="48.9465900" lon="8.4123200"></trkpt>
      <trkpt lat="48.9454600" lon="8.4110600"></trkpt>
      <trkpt lat="48.9430800" lon="8.4095000"></trkpt>
      <trkpt lat="48.9434500" lon="8.4078800"></trkpt>
      <trkpt lat="48.9413200" lon="8.4051400"></trkpt>
      <trkpt lat="48.9403700" lon="8.4044600"></trkpt>
      <trkpt lat="48.9398400" lon="8.4022800"></trkpt>
      <trkpt lat="48.9393700" lon="8.4008800"></trkpt>
      <trkpt lat="48.9362300" lon="8.3932800"></trkpt>
      <trkpt lat="48.9318900" lon="8.3825300"></trkpt>
      <trkpt lat="48.9285300" lon="8.3744300"></trkpt>
      <trkpt lat="48.9274200" lon="8.3716700"></trkpt>
      <trkpt lat="48.9237100" lon="8.3627400"></trkpt>
      <trkpt lat="48.9222900" lon="8.3591900"></trkpt>
      <trkpt lat="48.9198600" lon="8.3535500"></trkpt>
      <trkpt lat="48.9196900" lon="8.3527500"></trkpt>
      <trkpt lat="48.9189700" lon="8.3514800"></trkpt>
      <trkpt lat="48.9159200" lon="8.3442900"></trkpt>
      <trkpt lat="48.9123400" lon="8.3360000"></trkpt>
      <trkpt lat="48.9109200" lon="8.3323300"></trkpt>
      <trkpt lat="48.9099100" lon="8.3300100"></trkpt>
      <trkpt lat="48.9019700" lon="8.3107900"></trkpt>
      <trkpt lat="48.8924500" lon="8.2873900"></trkpt>
      <trkpt lat="48.8857200" lon="8.2708900"></trkpt>
      <trkpt lat="48.8711200" lon="8.2351400"></trkpt>
      <trkpt lat="48.8684600" lon="8.2288600"></trkpt>
      <trkpt lat="48.8670400" lon="8.2251800"></trkpt>
      <trkpt lat="48.8652400" lon="8.2211000"></trkpt>
      <trkpt lat="48.8634300" lon="8.2166300"></trkpt>
      <trkpt lat="48.8623100" lon="8.2153000"></trkpt>
      <trkpt lat="48.8612200" lon="8.2149300"></trkpt>
      <trkpt lat="48.8602400" lon="8.2140600"></trkpt>
      <trkpt lat="48.8590700" lon="8.2105000"></trkpt>
      <trkpt lat="48.8578000" lon="8.2071100"></trkpt>
      <trkpt lat="48.8575700" lon="8.2068200"></trkpt>
      <trkpt lat="48.8566500" lon="8.2071100"></trkpt>
      <trkpt lat="48.8560200" lon="8.2067400"></trkpt>
      <trkpt lat="48.8549000" lon="8.2040600"></trkpt>
      <trkpt lat="48.8541600" lon="8.2037200"></trkpt>
      <trkpt lat="48.8527500" lon="8.2035400"></trkpt>
      <trkpt lat="48.8508700" lon="8.2039800"></trkpt>
      <trkpt lat="48.8501500" lon="8.2039800"></trkpt>
      <trkpt lat="48.8486000" lon="8.2032800"></trkpt>
      <trkpt lat="48.8480700" lon="8.2028300"></trkpt>
      <trkpt lat="48.8473200" lon="8.2015700"></trkpt>
      <trkpt lat="48.8453300" lon="8.1994300"></trkpt>
      <trkpt lat="48.8423000" lon="8.1944200"></trkpt>
      <trkpt lat="48.8414700" lon="8.1928800"></trkpt>
      <trkpt lat="48.8365600" lon="8.1848000"></trkpt>
      <trkpt lat="48.8337300" lon="8.1800600"></trkpt>
      <trkpt lat="48.8314500" lon="8.1760500"></trkpt>
      <trkpt lat="48.8307900" lon="8.1750600"></trkpt>
      <trkpt lat="48.8267000" lon="8.1681300"></trkpt>
      <trkpt lat="48.8231500" lon="8.1623400"></trkpt>
      <trkpt lat="48.8121100" lon="8.1439700"></trkpt>
      <trkpt lat="48.8111200" lon="8.1423900"></trkpt>
      <trkpt lat="48.8074900" lon="8.1361000"></trkpt>
      <trkpt lat="48.8007700" lon="8.1196200"></trkpt>
      <trkpt lat="48.7968100" lon="8.1098100"></trkpt>
      <trkpt lat="48.7955200" lon="8.1056000"></trkpt>
      <trkpt lat="48.7945900" lon="8.1033500"></trkpt>
      <trkpt lat="48.7942400" lon="8.1020100"></trkpt>
      <trkpt lat="48.7941400" lon="8.1004000"></trkpt>
      <trkpt lat="48.7943400" lon="8.0989300"></trkpt>
      <trkpt lat="48.7960700" lon="8.0916500"></trkpt>
      <trkpt lat="48.7962500" lon="8.0902600"></trkpt>
      <trkpt lat="48.7961100" lon="8.0884400"></trkpt>
      <trkpt lat="48.7955800" lon="8.0862800"></trkpt>
      <trkpt lat="48.7964900" lon="8.0848500"></trkpt>
      <trkpt lat="48.7961200" lon="8.0842000"></trkpt>
      <trkpt lat="48.7955300" lon="8.0820400"></trkpt>
      <trkpt lat="48.7913100" lon="8.0750900"></trkpt>
      <trkpt lat="48.7902400" lon="8.0729300"></trkpt>
      <trkpt lat="48.7895600" lon="8.0713000"></trkpt>
      <trkpt lat="48.7885800" lon="8.0685100"></trkpt>
      <trkpt lat="48.7877000" lon="8.0649800"></trkpt>
      <trkpt lat="48.7872400" lon="8.0623800"></trkpt>
      <trkpt lat="48.7870100" lon="8.0589900"></trkpt>
      <trkpt lat="48.7870500" lon="8.0576100"></trkpt>
      <trkpt lat="48.7875400" lon="8.0541400"></trkpt>
      <trkpt lat="48.7876100" lon="8.0520400"></trkpt>
      <trkpt lat="48.7870000" lon="8.0517500"></trkpt>
      <trkpt lat="48.7864800" lon="8.0509300"></trkpt>
      <trkpt lat="48.7858300" lon="8.0477900"></trkpt>
      <trkpt lat="48.7853200" lon="8.0464700"></trkpt>
      <trkpt lat="48.7847600" lon="8.0457700"></trkpt>
      <trkpt lat="48.7755400" lon="8.0352900"></trkpt>
      <trkpt lat="48.7703400" lon="8.0295100"></trkpt>
      <trkpt lat="48.7653100" lon="8.0238500"></trkpt>
      <trkpt lat="48.7652200" lon="8.0230800"></trkpt>
      <trkpt lat="48.7631000" lon="8.0206600"></trkpt>
      <trkpt lat="48.7618900" lon="8.0190400"></trkpt>
      <trkpt lat="48.7606400" lon="8.0169900"></trkpt>
      <trkpt lat="48.7588700" lon="8.0161200"></trkpt>
      <trkpt lat="48.7587300" lon="8.0157100"></trkpt>
      <trkpt lat="48.7590700" lon="8.0137300"></trkpt>
      <trkpt lat="48.7581700" lon="8.0107700"></trkpt>
      <trkpt lat="48.7574700" lon="8.0061400"></trkpt>
      <trkpt lat="48.7561300" lon="8.0034600"></trkpt>
      <trkpt lat="48.7553400" lon="8.0022600"></trkpt>
      <trkpt lat="48.7555600" lon="8.0003900"></trkpt>
      <trkpt lat="48.7557600" lon="8.0002000"></trkpt>
      <trkpt lat="48.7576000" lon="8.0003900"></trkpt>
      <trkpt lat="48.7578100" lon="7.9975400"></trkpt>
      <trkpt lat="48.7582500" lon="7.9946000"></trkpt>
      <trkpt lat="48.7594300" lon="7.9878600"></trkpt>
      <trkpt lat="48.7597700" lon="7.9851900"></trkpt>
      <trkpt lat="48.7596900" lon="7.9825000"></trkpt>
      <trkpt lat="48.7592600" lon="7.9796200"></trkpt>
      <trkpt lat="48.7585100" lon="7.9765600"></trkpt>
      <trkpt lat="48.7579000" lon="7.9749500"></trkpt>
      <trkpt lat="48.7569000" lon="7.9733600"></trkpt>
      <trkpt lat="48.7557000" lon="7.9722200"></trkpt>
      <trkpt lat="48.7543500" lon="7.9712600"></trkpt>
      <trkpt lat="48.7549000" lon="7.9711900"></trkpt>
      <trkpt lat="48.7561000" lon="7.9683300"></trkpt>
      <trkpt lat="48.7553200" lon="7.9676100"></trkpt>
      <trkpt lat="48.7551600" lon="7.9670500"></trkpt>
      <trkpt lat="48.7554400" lon="7.9659900"></trkpt>
      <trkpt lat="48.7548600" lon="7.9656700"></trkpt>
      <trkpt lat="48.7535400" lon="7.9656900"></trkpt>
      <trkpt lat="48.7473400" lon="7.9608300"></trkpt>
      <trkpt lat="48.7461800" lon="7.9602200"></trkpt>
      <trkpt lat="48.7417500" lon="7.9589700"></trkpt>
      <trkpt lat="48.7405600" lon="7.9582700"></trkpt>
      <trkpt lat="48.7372900" lon="7.9548200"></trkpt>
      <trkpt lat="48.7369300" lon="7.9541500"></trkpt>
      <trkpt lat="48.7360100" lon="7.9510000"></trkpt>
      <trkpt lat="48.7355600" lon="7.9501300"></trkpt>
      <trkpt lat="48.7346500" lon="7.9491400"></trkpt>
      <trkpt lat="48.7333800" lon="7.9487000"></trkpt>
      <trkpt lat="48.7318100" lon="7.9478700"></trkpt>
      <trkpt lat="48.7306500" lon="7.9479400"></trkpt>
      <trkpt lat="48.7248600" lon="7.9416800"></trkpt>
      <trkpt lat="48.7240900" lon="7.9409100"></trkpt>
      <trkpt lat="48.7241100" lon="7.9405100"></trkpt>
      <trkpt lat="48.7234800" lon="7.9379300"></trkpt>
      <trkpt lat="48.7221300" lon="7.9350000"></trkpt>
      <trkpt lat="48.7210100" lon="7.9332000"></trkpt>
      <trkpt lat="48.7202000" lon="7.9321400"></trkpt>
      <trkpt lat="48.7191900" lon="7.9313100"></trkpt>
      <trkpt lat="48.7180300" lon="7.9298200"></trkpt>
      <trkpt lat="48.7175000" lon="7.9287200"></trkpt>
      <trkpt lat="48.7164200" lon="7.9255700"></trkpt>
      <trkpt lat="48.7158700" lon="7.9230200"></trkpt>
      <trkpt lat="48.7152100" lon="7.9215100"></trkpt>
      <trkpt lat="48.7138000" lon="7.9189700"></trkpt>
      <trkpt lat="48.7122100" lon="7.9165000"></trkpt>
      <trkpt lat="48.7117900" lon="7.9139200"></trkpt>
      <trkpt lat="48.7110500" lon="7.9124800"></trkpt>
      <trkpt lat="48.7105100" lon="7.9118400"></trkpt>
      <trkpt lat="48.7096200" lon="7.9101300"></trkpt>
      <trkpt lat="48.7080600" lon="7.9090800"></trkpt>
      <trkpt lat="48.7058100" lon="7.9073000"></trkpt>
      <trkpt lat="48.7052500" lon="7.9066600"></trkpt>
      <trkpt lat="48.7025800" lon="7.9023500"></trkpt>
      <trkpt lat="48.7011400" lon="7.8994800"></trkpt>
      <trkpt lat="48.7002700" lon="7.8958800"></trkpt>
      <trkpt lat="48.6990600" lon="7.8934200"></trkpt>
      <trkpt lat="48.6983100" lon="7.8924200"></trkpt>
      <trkpt lat="48.6968300" lon="7.8911000"></trkpt>
      <trkpt lat="48.6955300" lon="7.8904200"></trkpt>
      <trkpt lat="48.6950300" lon="7.8891400"></trkpt>
      <trkpt lat="48.6949300" lon="7.8869400"></trkpt>
      <trkpt lat="48.6945500" lon="7.8865700"></trkpt>
      <trkpt lat="48.6949000" lon="7.8858700"></trkpt>
      <trkpt lat="48.6933900" lon="7.8829200"></trkpt>
      <trkpt lat="48.6918600" lon="7.8795800"></trkpt>
      <trkpt lat="48.6909900" lon="7.8768400"></trkpt>
      <trkpt lat="48.6904300" lon="7.8744700"></trkpt>
      <trkpt lat="48.6895800" lon="7.8726900"></trkpt>
      <trkpt lat="48.6888200" lon="7.8717500"></trkpt>
      <trkpt lat="48.6881500" lon="7.8705100"></trkpt>
      <trkpt lat="48.6874400" lon="7.8696400"></trkpt>
      <trkpt lat="48.6854200" lon="7.8685700"></trkpt>
      <trkpt lat="48.6829800" lon="7.8659600"></trkpt>
      <trkpt lat="48.6797100" lon="7.8611300"></trkpt>
      <trkpt lat="48.6792000" lon="7.8601200"></trkpt>
      <trkpt lat="48.6784400" lon="7.8575200"></trkpt>
      <trkpt lat="48.6784100" lon="7.8563100"></trkpt>
      <trkpt lat="48.6795000" lon="7.8549900"></trkpt>
      <trkpt lat="48.6795600" lon="7.8545500"></trkpt>
      <trkpt lat="48.6785700" lon="7.8528200"></trkpt>
      <trkpt lat="48.6776300" lon="7.8495800"></trkpt>
      <trkpt lat="48.6753000" lon="7.8439300"></trkpt>
      <trkpt lat="48.6743700" lon="7.8409900"></trkpt>
      <trkpt lat="48.6734200" lon="7.8384600"></trkpt>
      <trkpt lat="48.6715500" lon="7.8346800"></trkpt>
      <trkpt lat="48.6685600" lon="7.8284800"></trkpt>
      <trkpt lat="48.6670700" lon="7.8256600"></trkpt>
      <trkpt lat="48.6657900" lon="7.8238600"></trkpt>
      <trkpt lat="48.6631300" lon="7.8180700"></trkpt>
      <trkpt lat="48.6626600" lon="7.8162400"></trkpt>
      <trkpt lat="48.6626400" lon="7.8146000"></trkpt>
      <trkpt lat="48.6628800" lon="7.8132300"></trkpt>
      <trkpt lat="48.6643800" lon="7.8093200"></trkpt>
      <trkpt lat="48.6643500" lon="7.8092200"></trkpt>
      <trkpt lat="48.6688700" lon="7.7977700"></trkpt>
      <trkpt lat="48.6692300" lon="7.7958300"></trkpt>
      <trkpt lat="48.6696400" lon="7.7874400"></trkpt>
      <trkpt lat="48.6694900" lon="7.7853400"></trkpt>
      <trkpt lat="48.6689600" lon="7.7829500"></trkpt>
      <trkpt lat="48.6688600" lon="7.7801300"></trkpt>
      <trkpt lat="48.6691300" lon="7.7786800"></trkpt>
      <trkpt lat="48.6697900" lon="7.7765200"></trkpt>
      <trkpt lat="48.6701400" lon="7.7744100"></trkpt>
      <trkpt lat="48.6699900" lon="7.7715600"></trkpt>
      <trkpt lat="48.6694900" lon="7.7702300"></trkpt>
      <trkpt lat="48.6673100" lon="7.7651200"></trkpt>
      <trkpt lat="48.6661700" lon="7.7622600"></trkpt>
      <trkpt lat="48.6656700" lon="7.7613100"></trkpt>
      <trkpt lat="48.6647300" lon="7.7602400"></trkpt>
      <trkpt lat="48.6653200" lon="7.7591200"></trkpt>
      <trkpt lat="48.6651200" lon="7.7576200"></trkpt>
      <trkpt lat="48.6624600" lon="7.7540100"></trkpt>
      <trkpt lat="48.6621700" lon="7.7532500"></trkpt>
      <trkpt lat="48.6603400" lon="7.7448500"></trkpt>
      <trkpt lat="48.6590100" lon="7.7367200"></trkpt>
      <trkpt lat="48.6586300" lon="7.7333500"></trkpt>
      <trkpt lat="48.6583000" lon="7.7318500"></trkpt>
      <trkpt lat="48.6572600" lon="7.7288700"></trkpt>
      <trkpt lat="48.6564700" lon="7.7257200"></trkpt>
      <trkpt lat="48.6558600" lon="7.7239700"></trkpt>
      <trkpt lat="48.6551200" lon="7.7209700"></trkpt>
      <trkpt lat="48.6547100" lon="7.7167200"></trkpt>
      <trkpt lat="48.6543300" lon="7.7139300"></trkpt>
      <trkpt lat="48.6539700" lon="7.7102300"></trkpt>
      <trkpt lat="48.6535400" lon="7.7081300"></trkpt>
      <trkpt lat="48.6531800" lon="7.7049900"></trkpt>
      <trkpt lat="48.6521500" lon="7.7022900"></trkpt>
      <trkpt lat="48.6508000" lon="7.7008300"></trkpt>
      <trkpt lat="48.6502500" lon="7.6998500"></trkpt>
      <trkpt lat="48.6505500" lon="7.6985800"></trkpt>
      <trkpt lat="48.6491900" lon="7.6967600"></trkpt>
      <trkpt lat="48.6486000" lon="7.6936200"></trkpt>
      <trkpt lat="48.6469500" lon="7.6874900"></trkpt>
      <trkpt lat="48.6467400" lon="7.6858200"></trkpt>
      <trkpt lat="48.6467900" lon="7.6828900"></trkpt>
      <trkpt lat="48.6463800" lon="7.6791000"></trkpt>
      <trkpt lat="48.6458000" lon="7.6764500"></trkpt>
      <trkpt lat="48.6450800" lon="7.6742400"></trkpt>
      <trkpt lat="48.6449400" lon="7.6727900"></trkpt>
      <trkpt lat="48.6446200" lon="7.6723000"></trkpt>
      <trkpt lat="48.6441900" lon="7.6707200"></trkpt>
      <trkpt lat="48.6429900" lon="7.6707000"></trkpt>
      <trkpt lat="48.6428100" lon="7.6697400"></trkpt>
      <trkpt lat="48.6427800" lon="7.6677200"></trkpt>
      <trkpt lat="48.6417600" lon="7.6648500"></trkpt>
      <trkpt lat="48.6409700" lon="7.6616600"></trkpt>
      <trkpt lat="48.6407100" lon="7.6610200"></trkpt>
      <trkpt lat="48.6394200" lon="7.6588800"></trkpt>
      <trkpt lat="48.6391700" lon="7.6576800"></trkpt>
      <trkpt lat="48.6393400" lon="7.6545300"></trkpt>
      <trkpt lat="48.6390800" lon="7.6529600"></trkpt>
      <trkpt lat="48.6383300" lon="7.6510500"></trkpt>
      <trkpt lat="48.6380500" lon="7.6496500"></trkpt>
      <trkpt lat="48.6378600" lon="7.6433800"></trkpt>
      <trkpt lat="48.6380200" lon="7.6403900"></trkpt>
      <trkpt lat="48.6377800" lon="7.6375300"></trkpt>
      <trkpt lat="48.6375800" lon="7.6364000"></trkpt>
      <trkpt lat="48.6368500" lon="7.6340400"></trkpt>
      <trkpt lat="48.6363100" lon="7.6302300"></trkpt>
      <trkpt lat="48.6355600" lon="7.6267400"></trkpt>
      <trkpt lat="48.6350700" lon="7.6250200"></trkpt>
      <trkpt lat="48.6333800" lon="7.6214600"></trkpt>
      <trkpt lat="48.6326900" lon="7.6192800"></trkpt>
      <trkpt lat="48.6321500" lon="7.6181300"></trkpt>
      <trkpt lat="48.6311400" lon="7.6189800"></trkpt>
      <trkpt lat="48.6284900" lon="7.6197400"></trkpt>
      <trkpt lat="48.6276700" lon="7.6202400"></trkpt>
      <trkpt lat="48.6276700" lon="7.6186100"></trkpt>
      <trkpt lat="48.6274900" lon="7.6168300"></trkpt>
      <trkpt lat="48.6271300" lon="7.6161100"></trkpt>
      <trkpt lat="48.6259600" lon="7.6146500"></trkpt>
      <trkpt lat="48.6246700" lon="7.6124800"></trkpt>
      <trkpt lat="48.6235000" lon="7.6109100"></trkpt>
      <trkpt lat="48.6217400" lon="7.6094400"></trkpt>
      <trkpt lat="48.6197800" lon="7.6060000"></trkpt>
      <trkpt lat="48.6191200" lon="7.6030500"></trkpt>
      <trkpt lat="48.6180800" lon="7.6005800"></trkpt>
      <trkpt lat="48.6177000" lon="7.5990100"></trkpt>
      <trkpt lat="48.6179900" lon="7.5971300"></trkpt>
      <trkpt lat="48.6188900" lon="7.5926000"></trkpt>
      <trkpt lat="48.6170700" lon="7.5909600"></trkpt>
      <trkpt lat="48.6150000" lon="7.5887600"></trkpt>
      <trkpt lat="48.6148800" lon="7.5881000"></trkpt>
      <trkpt lat="48.6150200" lon="7.5857900"></trkpt>
      <trkpt lat="48.6145400" lon="7.5755700"></trkpt>
      <trkpt lat="48.6141800" lon="7.5692600"></trkpt>
      <trkpt lat="48.6135400" lon="7.5667700"></trkpt>
      <trkpt lat="48.6134700" lon="7.5646500"></trkpt>
      <trkpt lat="48.6129400" lon="7.5628500"></trkpt>
      <trkpt lat="48.6118900" lon="7.5612400"></trkpt>
      <trkpt lat="48.6102500" lon="7.5592900"></trkpt>
      <trkpt lat="48.6090800" lon="7.5588700"></trkpt>
      <trkpt lat="48.6081100" lon="7.5576100"></trkpt>
      <trkpt lat="48.6064500" lon="7.5548600"></trkpt>
      <trkpt lat="48.6054600" lon="7.5524800"></trkpt>
      <trkpt lat="48.6046900" lon="7.5494000"></trkpt>
      <trkpt lat="48.6045500" lon="7.5483600"></trkpt>
      <trkpt lat="48.6037300" lon="7.5452000"></trkpt>
      <trkpt lat="48.6034900" lon="7.5433300"></trkpt>
      <trkpt lat="48.6009700" lon="7.5438800"></trkpt>
      <trkpt lat="48.6009400" lon="7.5428500"></trkpt>
      <trkpt lat="48.6012100" lon="7.5384200"></trkpt>
      <trkpt lat="48.6016800" lon="7.5355400"></trkpt>
      <trkpt lat="48.6018000" lon="7.5338800"></trkpt>
      <trkpt lat="48.6021200" lon="7.5327200"></trkpt>
      <trkpt lat="48.6019000" lon="7.5296100"></trkpt>
      <trkpt lat="48.6009700" lon="7.5263000"></trkpt>
      <trkpt lat="48.5983300" lon="7.5186500"></trkpt>
      <trkpt lat="48.5971500" lon="7.5156400"></trkpt>
      <trkpt lat="48.5964100" lon="7.5127100"></trkpt>
      <trkpt lat="48.5959200" lon="7.5083700"></trkpt>
      <trkpt lat="48.5956900" lon="7.5036200"></trkpt>
      <trkpt lat="48.5954500" lon="7.5020000"></trkpt>
      <trkpt lat="48.5948900" lon="7.4993900"></trkpt>
      <trkpt lat="48.5939600" lon="7.4989600"></trkpt>
      <trkpt lat="48.5933800" lon="7.4979100"></trkpt>
      <trkpt lat="48.5935200" lon="7.4970600"></trkpt>
      <trkpt lat="48.5929500" lon="7.4965400"></trkpt>
      <trkpt lat="48.5932200" lon="7.4948900"></trkpt>
      <trkpt lat="48.5931500" lon="7.4911300"></trkpt>
      <trkpt lat="48.5923100" lon="7.4894900"></trkpt>
      <trkpt lat="48.5913000" lon="7.4880400"></trkpt>
      <trkpt lat="48.5912500" lon="7.4874400"></trkpt>
      <trkpt lat="48.5916200" lon="7.4863900"></trkpt>
      <trkpt lat="48.5917700" lon="7.4849800"></trkpt>
      <trkpt lat="48.5922100" lon="7.4834000"></trkpt>
      <trkpt lat="48.5928800" lon="7.4793800"></trkpt>
      <trkpt lat="48.5931400" lon="7.4787800"></trkpt>
      <trkpt lat="48.5933000" lon="7.4742100"></trkpt>
      <trkpt lat="48.5935000" lon="7.4727100"></trkpt>
      <trkpt lat="48.5942000" lon="7.4710400"></trkpt>
      <trkpt lat="48.5943600" lon="7.4696500"></trkpt>
      <trkpt lat="48.5947700" lon="7.4684700"></trkpt>
      <trkpt lat="48.5945000" lon="7.4668400"></trkpt>
      <trkpt lat="48.5931600" lon="7.4669000"></trkpt>
      <trkpt lat="48.5928300" lon="7.4658300"></trkpt>
      <trkpt lat="48.5924500" lon="7.4635800"></trkpt>
      <trkpt lat="48.5915000" lon="7.4592400"></trkpt>
      <trkpt lat="48.5913600" lon="7.4574200"></trkpt>
      <trkpt lat="48.5907900" lon="7.4540400"></trkpt>
      <trkpt lat="48.5901300" lon="7.4506200"></trkpt>
      <trkpt lat="48.5900400" lon="7.4487100"></trkpt>
      <trkpt lat="48.5894900" lon="7.4479600"></trkpt>
      <trkpt lat="48.5874800" lon="7.4429000"></trkpt>
      <trkpt lat="48.5870000" lon="7.4414500"></trkpt>
      <trkpt lat="48.5855500" lon="7.4398500"></trkpt>
      <trkpt lat="48.5841400" lon="7.4373100"></trkpt>
      <trkpt lat="48.5836300" lon="7.4371100"></trkpt>
      <trkpt lat="48.5831700" lon="7.4354300"></trkpt>
      <trkpt lat="48.5826900" lon="7.4346000"></trkpt>
      <trkpt lat="48.5826900" lon="7.4312400"></trkpt>
      <trkpt lat="48.5825000" lon="7.4282100"></trkpt>
      <trkpt lat="48.5819400" lon="7.4267800"></trkpt>
      <trkpt lat="48.5814400" lon="7.4248000"></trkpt>
      <trkpt lat="48.5814300" lon="7.4238700"></trkpt>
      <trkpt lat="48.5818600" lon="7.4215300"></trkpt>
      <trkpt lat="48.5818900" lon="7.4189000"></trkpt>
      <trkpt lat="48.5820400" lon="7.4166200"></trkpt>
      <trkpt lat="48.5826800" lon="7.4151800"></trkpt>
      <trkpt lat="48.5825600" lon="7.4132000"></trkpt>
      <trkpt lat="48.5821900" lon="7.4093600"></trkpt>
      <trkpt lat="48.5816800" lon="7.4064100"></trkpt>
      <trkpt lat="48.5812400" lon="7.4022000"></trkpt>
      <trkpt lat="48.5816500" lon="7.3951200"></trkpt>
      <trkpt lat="48.5815600" lon="7.3936900"></trkpt>
      <trkpt lat="48.5816600" lon="7.3902400"></trkpt>
      <trkpt lat="48.5813500" lon="7.3879000"></trkpt>
      <trkpt lat="48.5810100" lon="7.3863200"></trkpt>
      <trkpt lat="48.5805500" lon="7.3850600"></trkpt>
      <trkpt lat="48.5792600" lon="7.3832700"></trkpt>
      <trkpt lat="48.5784600" lon="7.3816800"></trkpt>
      <trkpt lat="48.5770100" lon="7.3819900"></trkpt>
      <trkpt lat="48.5757200" lon="7.3801400"></trkpt>
      <trkpt lat="48.5748500" lon="7.3779600"></trkpt>
      <trkpt lat="48.5743800" lon="7.3753300"></trkpt>
      <trkpt lat="48.5731900" lon="7.3715400"></trkpt>
      <trkpt lat="48.5717300" lon="7.3680100"></trkpt>
      <trkpt lat="48.5709600" lon="7.3658900"></trkpt>
      <trkpt lat="48.5703200" lon="7.3647300"></trkpt>
      <trkpt lat="48.5689800" lon="7.3646200"></trkpt>
      <trkpt lat="48.5669500" lon="7.3626900"></trkpt>
      <trkpt lat="48.5640700" lon="7.3587500"></trkpt>
      <trkpt lat="48.5618700" lon="7.3547900"></trkpt>
      <trkpt lat="48.5610500" lon="7.3527500"></trkpt>
      <trkpt lat="48.5607300" lon="7.3504600"></trkpt>
      <trkpt lat="48.5601900" lon="7.3493700"></trkpt>
      <trkpt lat="48.5589400" lon="7.3476000"></trkpt>
      <trkpt lat="48.5579600" lon="7.3455600"></trkpt>
      <trkpt lat="48.5576600" lon="7.3441800"></trkpt>
      <trkpt lat="48.5572700" lon="7.3433300"></trkpt>
      <trkpt lat="48.5560600" lon="7.3414100"></trkpt>
      <trkpt lat="48.5556700" lon="7.3402200"></trkpt>
      <trkpt lat="48.5533800" lon="7.3385700"></trkpt>
      <trkpt lat="48.5528400" lon="7.3373000"></trkpt>
      <trkpt lat="48.5517300" lon="7.3356600"></trkpt>
      <trkpt lat="48.5518500" lon="7.3348400"></trkpt>
      <trkpt lat="48.5516700" lon="7.3332000"></trkpt>
      <trkpt lat="48.5513300" lon="7.3320200"></trkpt>
      <trkpt lat="48.5493900" lon="7.3315400"></trkpt>
      <trkpt lat="48.5501600" lon="7.3298000"></trkpt>
      <trkpt lat="48.5499700" lon="7.3274200"></trkpt>
      <trkpt lat="48.5502400" lon="7.3263000"></trkpt>
      <trkpt lat="48.5502000" lon="7.3254100"></trkpt>
      <trkpt lat="48.5505600" lon="7.3243000"></trkpt>
      <trkpt lat="48.5503900" lon="7.3229200"></trkpt>
      <trkpt lat="48.5498400" lon="7.3214200"></trkpt>
      <trkpt lat="48.5498900" lon="7.3200400"></trkpt>
      <trkpt lat="48.5494900" lon="7.3191400"></trkpt>
      <trkpt lat="48.5483100" lon="7.3175500"></trkpt>
      <trkpt lat="48.5475500" lon="7.3168300"></trkpt>
      <trkpt lat="48.5471600" lon="7.3150300"></trkpt>
      <trkpt lat="48.5466700" lon="7.3139100"></trkpt>
      <trkpt lat="48.5463200" lon="7.3140400"></trkpt>
      <trkpt lat="48.5447000" lon="7.3112400"></trkpt>
      <trkpt lat="48.5445000" lon="7.3104500"></trkpt>
      <trkpt lat="48.5437000" lon="7.3086800"></trkpt>
      <trkpt lat="48.5432300" lon="7.3083400"></trkpt>
      <trkpt lat="48.5418400" lon="7.3065500"></trkpt>
      <trkpt lat="48.5415300" lon="7.3055900"></trkpt>
      <trkpt lat="48.5414000" lon="7.3040300"></trkpt>
      <trkpt lat="48.5418000" lon="7.3017000"></trkpt>
      <trkpt lat="48.5420200" lon="7.2989300"></trkpt>
      <trkpt lat="48.5427800" lon="7.2976600"></trkpt>
      <trkpt lat="48.5431600" lon="7.2956100"></trkpt>
      <trkpt lat="48.5438400" lon="7.2951100"></trkpt>
      <trkpt lat="48.5441700" lon="7.2937000"></trkpt>
      <trkpt lat="48.5439500" lon="7.2924200"></trkpt>
      <trkpt lat="48.5432300" lon="7.2900600"></trkpt>
      <trkpt lat="48.5431800" lon="7.2890300"></trkpt>
      <trkpt lat="48.5428900" lon="7.2884200"></trkpt>
      <trkpt lat="48.5427000" lon="7.2865200"></trkpt>
      <trkpt lat="48.5418100" lon="7.2848000"></trkpt>
      <trkpt lat="48.5404100" lon="7.2831300"></trkpt>
      <trkpt lat="48.5406300" lon="7.2819100"></trkpt>
      <trkpt lat="48.5404300" lon="7.2803600"></trkpt>
      <trkpt lat="48.5397100" lon="7.2783500"></trkpt>
      <trkpt lat="48.5396900" lon="7.2778500"></trkpt>
      <trkpt lat="48.5411700" lon="7.2765700"></trkpt>
      <trkpt lat="48.5421700" lon="7.2734300"></trkpt>
      <trkpt lat="48.5426100" lon="7.2724200"></trkpt>
      <trkpt lat="48.5416400" lon="7.2697400"></trkpt>
      <trkpt lat="48.5413200" lon="7.2680200"></trkpt>
      <trkpt lat="48.5414700" lon="7.2669300"></trkpt>
      <trkpt lat="48.5423700" lon="7.2657000"></trkpt>
      <trkpt lat="48.5422800" lon="7.2634200"></trkpt>
      <trkpt lat="48.5426500" lon="7.2626300"></trkpt>
      <trkpt lat="48.5429000" lon="7.2611100"></trkpt>
      <trkpt lat="48.5426600" lon="7.2606600"></trkpt>
      <trkpt lat="48.5423300" lon="7.2578600"></trkpt>
      <trkpt lat="48.5417900" lon="7.2578600"></trkpt>
      <trkpt lat="48.5409900" lon="7.2586000"></trkpt>
      <trkpt lat="48.5420000" lon="7.2549600"></trkpt>
      <trkpt lat="48.5429200" lon="7.2512500"></trkpt>
      <trkpt lat="48.5415200" lon="7.2476700"></trkpt>
      <trkpt lat="48.5423200" lon="7.2471000"></trkpt>
      <trkpt lat="48.5436600" lon="7.2466600"></trkpt>
      <trkpt lat="48.5446200" lon="7.2456200"></trkpt>
      <trkpt lat="48.5442300" lon="7.2450900"></trkpt>
      <trkpt lat="48.5448400" lon="7.2432500"></trkpt>
      <trkpt lat="48.5449100" lon="7.2413700"></trkpt>
      <trkpt lat="48.5445600" lon="7.2392100"></trkpt>
      <trkpt lat="48.5445600" lon="7.2381500"></trkpt>
      <trkpt lat="48.5450000" lon="7.2367900"></trkpt>
      <trkpt lat="48.5461600" lon="7.2353900"></trkpt>
      <trkpt lat="48.5462800" lon="7.2346000"></trkpt>
      <trkpt lat="48.5460600" lon="7.2325100"></trkpt>
      <trkpt lat="48.5448900" lon="7.2295100"></trkpt>
      <trkpt lat="48.5439400" lon="7.2279900"></trkpt>
      <trkpt lat="48.5432100" lon="7.2254200"></trkpt>
      <trkpt lat="48.5428200" lon="7.2216000"></trkpt>
      <trkpt lat="48.5428700" lon="7.2193400"></trkpt>
      <trkpt lat="48.5430600" lon="7.2182600"></trkpt>
      <trkpt lat="48.5437300" lon="7.2166800"></trkpt>
      <trkpt lat="48.5434800" lon="7.2151600"></trkpt>
      <trkpt lat="48.5418600" lon="7.2129200"></trkpt>
      <trkpt lat="48.5418100" lon="7.2112200"></trkpt>
      <trkpt lat="48.5424000" lon="7.2095500"></trkpt>
      <trkpt lat="48.5431000" lon="7.2083100"></trkpt>
      <trkpt lat="48.5432400" lon="7.2071300"></trkpt>
      <trkpt lat="48.5428800" lon="7.2050600"></trkpt>
      <trkpt lat="48.5430600" lon="7.2036200"></trkpt>
      <trkpt lat="48.5434700" lon="7.2027100"></trkpt>
      <trkpt lat="48.5442000" lon="7.2020500"></trkpt>
      <trkpt lat="48.5451800" lon="7.2016300"></trkpt>
      <trkpt lat="48.5459900" lon="7.2017300"></trkpt>
      <trkpt lat="48.5479700" lon="7.2027300"></trkpt>
      <trkpt lat="48.5488900" lon="7.2035200"></trkpt>
      <trkpt lat="48.5492200" lon="7.2028900"></trkpt>
      <trkpt lat="48.5495100" lon="7.2014300"></trkpt>
      <trkpt lat="48.5494300" lon="7.2005000"></trkpt>
      <trkpt lat="48.5486800" lon="7.1981700"></trkpt>
      <trkpt lat="48.5474300" lon="7.1938100"></trkpt>
      <trkpt lat="48.5468000" lon="7.1925400"></trkpt>
      <trkpt lat="48.5456900" lon="7.1911700"></trkpt>
      <trkpt lat="48.5451900" lon="7.1900100"></trkpt>
      <trkpt lat="48.5441700" lon="7.1901800"></trkpt>
      <trkpt lat="48.5433800" lon="7.1898500"></trkpt>
      <trkpt lat="48.5424200" lon="7.1881100"></trkpt>
      <trkpt lat="48.5419800" lon="7.1879300"></trkpt>
      <trkpt lat="48.5399400" lon="7.1888900"></trkpt>
      <trkpt lat="48.5389600" lon="7.1879200"></trkpt>
      <trkpt lat="48.5384700" lon="7.1869600"></trkpt>
      <trkpt lat="48.5379000" lon="7.1850600"></trkpt>
      <trkpt lat="48.5370300" lon="7.1833400"></trkpt>
      <trkpt lat="48.5363700" lon="7.1806200"></trkpt>
      <trkpt lat="48.5368500" lon="7.1794800"></trkpt>
      <trkpt lat="48.5370200" lon="7.1780200"></trkpt>
      <trkpt lat="48.5367400" lon="7.1769600"></trkpt>
      <trkpt lat="48.5331100" lon="7.1722900"></trkpt>
      <trkpt lat="48.5321100" lon="7.1716200"></trkpt>
      <trkpt lat="48.5307200" lon="7.1699600"></trkpt>
      <trkpt lat="48.5297200" lon="7.1691000"></trkpt>
      <trkpt lat="48.5284400" lon="7.1685900"></trkpt>
      <trkpt lat="48.5266500" lon="7.1667800"></trkpt>
      <trkpt lat="48.5241400" lon="7.1658700"></trkpt>
      <trkpt lat="48.5230700" lon="7.1659500"></trkpt>
      <trkpt lat="48.5225600" lon="7.1663200"></trkpt>
      <trkpt lat="48.5217100" lon="7.1676500"></trkpt>
      <trkpt lat="48.5209600" lon="7.1681500"></trkpt>
      <trkpt lat="48.5200800" lon="7.1683000"></trkpt>
      <trkpt lat="48.5191100" lon="7.1680800"></trkpt>
      <trkpt lat="48.5179700" lon="7.1681000"></trkpt>
      <trkpt lat="48.5177100" lon="7.1674300"></trkpt>
      <trkpt lat="48.5180000" lon="7.1666500"></trkpt>
      <trkpt lat="48.5184300" lon="7.1639900"></trkpt>
      <trkpt lat="48.5182200" lon="7.1625600"></trkpt>
      <trkpt lat="48.5177200" lon="7.1608900"></trkpt>
      <trkpt lat="48.5168700" lon="7.1593100"></trkpt>
      <trkpt lat="48.5151400" lon="7.1575900"></trkpt>
      <trkpt lat="48.5135000" lon="7.1563800"></trkpt>
      <trkpt lat="48.5123300" lon="7.1552800"></trkpt>
      <trkpt lat="48.5116500" lon="7.1543400"></trkpt>
      <trkpt lat="48.5111500" lon="7.1543400"></trkpt>
      <trkpt lat="48.5105200" lon="7.1532300"></trkpt>
      <trkpt lat="48.5087200" lon="7.1515100"></trkpt>
      <trkpt lat="48.5081300" lon="7.1494400"></trkpt>
      <trkpt lat="48.5077300" lon="7.1460100"></trkpt>
      <trkpt lat="48.5072300" lon="7.1463000"></trkpt>
      <trkpt lat="48.5054200" lon="7.1417700"></trkpt>
      <trkpt lat="48.5054500" lon="7.1404800"></trkpt>
      <trkpt lat="48.5062400" lon="7.1389700"></trkpt>
      <trkpt lat="48.5067900" lon="7.1353200"></trkpt>
      <trkpt lat="48.5067600" lon="7.1335000"></trkpt>
      <trkpt lat="48.5040100" lon="7.1275700"></trkpt>
      <trkpt lat="48.5039400" lon="7.1269700"></trkpt>
      <trkpt lat="48.5046700" lon="7.1229000"></trkpt>
      <trkpt lat="48.5060800" lon="7.1170700"></trkpt>
      <trkpt lat="48.5061100" lon="7.1157700"></trkpt>
      <trkpt lat="48.5056100" lon="7.1132400"></trkpt>
      <trkpt lat="48.5057000" lon="7.1111900"></trkpt>
      <trkpt lat="48.5062700" lon="7.1098800"></trkpt>
      <trkpt lat="48.5072000" lon="7.1092700"></trkpt>
      <trkpt lat="48.5071800" lon="7.1071900"></trkpt>
      <trkpt lat="48.5068400" lon="7.1060900"></trkpt>
      <trkpt lat="48.5063200" lon="7.1052300"></trkpt>
      <trkpt lat="48.5077300" lon="7.1041200"></trkpt>
      <trkpt lat="48.5081500" lon="7.1017000"></trkpt>
      <trkpt lat="48.5083600" lon="7.1011900"></trkpt>
      <trkpt lat="48.5095900" lon="7.0996100"></trkpt>
      <trkpt lat="48.5099400" lon="7.0994900"></trkpt>
      <trkpt lat="48.5107500" lon="7.0982600"></trkpt>
      <trkpt lat="48.5111500" lon="7.0967800"></trkpt>
      <trkpt lat="48.5105700" lon="7.0934400"></trkpt>
      <trkpt lat="48.5097700" lon="7.0921100"></trkpt>
      <trkpt lat="48.5092200" lon="7.0904800"></trkpt>
      <trkpt lat="48.5090700" lon="7.0891300"></trkpt>
      <trkpt lat="48.5084700" lon="7.0866100"></trkpt>
      <trkpt lat="48.5072200" lon="7.0829900"></trkpt>
      <trkpt lat="48.5066400" lon="7.0817400"></trkpt>
      <trkpt lat="48.5050000" lon="7.0794000"></trkpt>
      <trkpt lat="48.5047900" lon="7.0778500"></trkpt>
      <trkpt lat="48.5035800" lon="7.0763600"></trkpt>
      <trkpt lat="48.5027900" lon="7.0745200"></trkpt>
      <trkpt lat="48.5010700" lon="7.0713900"></trkpt>
      <trkpt lat="48.5010200" lon="7.0703100"></trkpt>
      <trkpt lat="48.5005500" lon="7.0684200"></trkpt>
      <trkpt lat="48.4985900" lon="7.0659300"></trkpt>
      <trkpt lat="48.4978000" lon="7.0646400"></trkpt>
      <trkpt lat="48.4974600" lon="7.0627200"></trkpt>
      <trkpt lat="48.4973700" lon="7.0610600"></trkpt>
      <trkpt lat="48.4966700" lon="7.0571100"></trkpt>
      <trkpt lat="48.4961000" lon="7.0554000"></trkpt>
      <trkpt lat="48.4948900" lon="7.0510100"></trkpt>
      <trkpt lat="48.4943300" lon="7.0478100"></trkpt>
      <trkpt lat="48.4944800" lon="7.0457100"></trkpt>
      <trkpt lat="48.4941800" lon="7.0446900"></trkpt>
      <trkpt lat="48.4936500" lon="7.0440000"></trkpt>
      <trkpt lat="48.4933200" lon="7.0428500"></trkpt>
      <trkpt lat="48.4933100" lon="7.0412600"></trkpt>
      <trkpt lat="48.4924900" lon="7.0369200"></trkpt>
      <trkpt lat="48.4921400" lon="7.0344500"></trkpt>
      <trkpt lat="48.4921900" lon="7.0319200"></trkpt>
      <trkpt lat="48.4919300" lon="7.0306000"></trkpt>
      <trkpt lat="48.4907300" lon="7.0284700"></trkpt>
      <trkpt lat="48.4903400" lon="7.0268400"></trkpt>
      <trkpt lat="48.4904600" lon="7.0246000"></trkpt>
      <trkpt lat="48.4903500" lon="7.0241700"></trkpt>
      <trkpt lat="48.4882800" lon="7.0216200"></trkpt>
      <trkpt lat="48.4869900" lon="7.0204000"></trkpt>
      <trkpt lat="48.4858000" lon="7.0187500"></trkpt>
      <trkpt lat="48.4853600" lon="7.0177300"></trkpt>
      <trkpt lat="48.4848400" lon="7.0156800"></trkpt>
      <trkpt lat="48.4836800" lon="7.0144300"></trkpt>
      <trkpt lat="48.4826900" lon="7.0127800"></trkpt>
      <trkpt lat="48.4824200" lon="7.0107700"></trkpt>
      <trkpt lat="48.4811800" lon="7.0092500"></trkpt>
      <trkpt lat="48.4808000" lon="7.0080600"></trkpt>
      <trkpt lat="48.4805600" lon="7.0060200"></trkpt>
      <trkpt lat="48.4803100" lon="7.0023700"></trkpt>
      <trkpt lat="48.4796700" lon="6.9991500"></trkpt>
      <trkpt lat="48.4795200" lon="6.9960100"></trkpt>
      <trkpt lat="48.4797000" lon="6.9945600"></trkpt>
      <trkpt lat="48.4800800" lon="6.9931600"></trkpt>
      <trkpt lat="48.4798800" lon="6.9919100"></trkpt>
      <trkpt lat="48.4789900" lon="6.9897800"></trkpt>
      <trkpt lat="48.4787200" lon="6.9875100"></trkpt>
      <trkpt lat="48.4787800" lon="6.9856600"></trkpt>
      <trkpt lat="48.4785600" lon="6.9837100"></trkpt>
      <trkpt lat="48.4778100" lon="6.9812900"></trkpt>
      <trkpt lat="48.4770100" lon="6.9803900"></trkpt>
      <trkpt lat="48.4746600" lon="6.9785500"></trkpt>
      <trkpt lat="48.4730300" lon="6.9762000"></trkpt>
      <trkpt lat="48.4699100" lon="6.9667100"></trkpt>
      <trkpt lat="48.4692100" lon="6.9651500"></trkpt>
      <trkpt lat="48.4669600" lon="6.9632800"></trkpt>
      <trkpt lat="48.4664500" lon="6.9626000"></trkpt>
      <trkpt lat="48.4654600" lon="6.9591200"></trkpt>
      <trkpt lat="48.4647300" lon="6.9581000"></trkpt>
      <trkpt lat="48.4610400" lon="6.9556300"></trkpt>
      <trkpt lat="48.4604800" lon="6.9553300"></trkpt>
      <trkpt lat="48.4598000" lon="6.9554600"></trkpt>
      <trkpt lat="48.4586800" lon="6.9537700"></trkpt>
      <trkpt lat="48.4576400" lon="6.9507600"></trkpt>
      <trkpt lat="48.4564800" lon="6.9491300"></trkpt>
      <trkpt lat="48.4556600" lon="6.9475400"></trkpt>
      <trkpt lat="48.4548800" lon="6.9474400"></trkpt>
      <trkpt lat="48.4535200" lon="6.9456500"></trkpt>
      <trkpt lat="48.4529100" lon="6.9445200"></trkpt>
      <trkpt lat="48.4519700" lon="6.9437500"></trkpt>
      <trkpt lat="48.4512800" lon="6.9436300"></trkpt>
      <trkpt lat="48.4502400" lon="6.9428600"></trkpt>
      <trkpt lat="48.4487900" lon="6.9411400"></trkpt>
      <trkpt lat="48.4459600" lon="6.9389400"></trkpt>
      <trkpt lat="48.4449300" lon="6.9376000"></trkpt>
      <trkpt lat="48.4430000" lon="6.9341500"></trkpt>
      <trkpt lat="48.4420400" lon="6.9330200"></trkpt>
      <trkpt lat="48.4402100" lon="6.9303200"></trkpt>
      <trkpt lat="48.4396300" lon="6.9277200"></trkpt>
      <trkpt lat="48.4389200" lon="6.9263000"></trkpt>
      <trkpt lat="48.4370900" lon="6.9257300"></trkpt>
      <trkpt lat="48.4356000" lon="6.9244600"></trkpt>
      <trkpt lat="48.4336800" lon="6.9213900"></trkpt>
      <trkpt lat="48.4322800" lon="6.9187500"></trkpt>
      <trkpt lat="48.4317800" lon="6.9171500"></trkpt>
      <trkpt lat="48.4316500" lon="6.9158100"></trkpt>
      <trkpt lat="48.4312200" lon="6.9140600"></trkpt>
      <trkpt lat="48.4293000" lon="6.9107700"></trkpt>
      <trkpt lat="48.4285500" lon="6.9091400"></trkpt>
      <trkpt lat="48.4275300" lon="6.9075100"></trkpt>
      <trkpt lat="48.4250300" lon="6.9039600"></trkpt>
      <trkpt lat="48.4245900" lon="6.9022100"></trkpt>
      <trkpt lat="48.4234200" lon="6.9009300"></trkpt>
      <trkpt lat="48.4224100" lon="6.8993500"></trkpt>
      <trkpt lat="48.4211700" lon="6.8980000"></trkpt>
      <trkpt lat="48.4187800" lon="6.8943200"></trkpt>
      <trkpt lat="48.4174100" lon="6.8915800"></trkpt>
      <trkpt lat="48.4172700" lon="6.8905100"></trkpt>
      <trkpt lat="48.4176200" lon="6.8893100"></trkpt>
      <trkpt lat="48.4176700" lon="6.8883500"></trkpt>
      <trkpt lat="48.4162100" lon="6.8829900"></trkpt>
      <trkpt lat="48.4160500" lon="6.8796100"></trkpt>
      <trkpt lat="48.4163700" lon="6.8778300"></trkpt>
      <trkpt lat="48.4159400" lon="6.8754400"></trkpt>
      <trkpt lat="48.4148300" lon="6.8730200"></trkpt>
      <trkpt lat="48.4146000" lon="6.8719300"></trkpt>
      <trkpt lat="48.4146500" lon="6.8703300"></trkpt>
      <trkpt lat="48.4133200" lon="6.8679200"></trkpt>
      <trkpt lat="48.4127500" lon="6.8649500"></trkpt>
      <trkpt lat="48.4128300" lon="6.8636200"></trkpt>
      <trkpt lat="48.4124700" lon="6.8590600"></trkpt>
      <trkpt lat="48.4123000" lon="6.8580800"></trkpt>
      <trkpt lat="48.4107700" lon="6.8547200"></trkpt>
      <trkpt lat="48.4101700" lon="6.8527900"></trkpt>
      <trkpt lat="48.4098400" lon="6.8496400"></trkpt>
      <trkpt lat="48.4094700" lon="6.8472100"></trkpt>
      <trkpt lat="48.4091200" lon="6.8456400"></trkpt>
      <trkpt lat="48.4086800" lon="6.8450300"></trkpt>
      <trkpt lat="48.4071000" lon="6.8439000"></trkpt>
      <trkpt lat="48.4074000" lon="6.8429300"></trkpt>
      <trkpt lat="48.4060800" lon="6.8415800"></trkpt>
      <trkpt lat="48.4045300" lon="6.8402000"></trkpt>
      <trkpt lat="48.4041200" lon="6.8395100"></trkpt>
      <trkpt lat="48.3992600" lon="6.8258500"></trkpt>
      <trkpt lat="48.3989600" lon="6.8251300"></trkpt>
      <trkpt lat="48.3936900" lon="6.8157600"></trkpt>
      <trkpt lat="48.3926800" lon="6.8141600"></trkpt>
      <trkpt lat="48.3910600" lon="6.8126100"></trkpt>
      <trkpt lat="48.3898200" lon="6.8109300"></trkpt>
      <trkpt lat="48.3893300" lon="6.8091600"></trkpt>
      <trkpt lat="48.3889400" lon="6.8085300"></trkpt>
      <trkpt lat="48.3868400" lon="6.8067600"></trkpt>
      <trkpt lat="48.3856100" lon="6.8059800"></trkpt>
      <trkpt lat="48.3844100" lon="6.8047800"></trkpt>
      <trkpt lat="48.3813100" lon="6.7990500"></trkpt>
      <trkpt lat="48.3802800" lon="6.7962500"></trkpt>
      <trkpt lat="48.3790600" lon="6.7944900"></trkpt>
      <trkpt lat="48.3793200" lon="6.7931200"></trkpt>
      <trkpt lat="48.3786800" lon="6.7922200"></trkpt>
      <trkpt lat="48.3780400" lon="6.7920400"></trkpt>
      <trkpt lat="48.3757600" lon="6.7920900"></trkpt>
      <trkpt lat="48.3753500" lon="6.7919000"></trkpt>
      <trkpt lat="48.3749000" lon="6.7905000"></trkpt>
      <trkpt lat="48.3734600" lon="6.7893000"></trkpt>
      <trkpt lat="48.3738300" lon="6.7877100"></trkpt>
      <trkpt lat="48.3735000" lon="6.7869300"></trkpt>
      <trkpt lat="48.3728700" lon="6.7864000"></trkpt>
      <trkpt lat="48.3721600" lon="6.7840600"></trkpt>
      <trkpt lat="48.3711800" lon="6.7826300"></trkpt>
      <trkpt lat="48.3706400" lon="6.7811300"></trkpt>
      <trkpt lat="48.3699800" lon="6.7800300"></trkpt>
      <trkpt lat="48.3692400" lon="6.7774100"></trkpt>
      <trkpt lat="48.3693700" lon="6.7760800"></trkpt>
      <trkpt lat="48.3703500" lon="6.7741300"></trkpt>
      <trkpt lat="48.3704300" lon="6.7729900"></trkpt>
      <trkpt lat="48.3692200" lon="6.7707800"></trkpt>
      <trkpt lat="48.3687800" lon="6.7690000"></trkpt>
      <trkpt lat="48.3680000" lon="6.7646500"></trkpt>
      <trkpt lat="48.3682400" lon="6.7617400"></trkpt>
      <trkpt lat="48.3677000" lon="6.7594400"></trkpt>
      <trkpt lat="48.3669400" lon="6.7576200"></trkpt>
      <trkpt lat="48.3664600" lon="6.7548600"></trkpt>
      <trkpt lat="48.3661200" lon="6.7542500"></trkpt>
      <trkpt lat="48.3639900" lon="6.7518400"></trkpt>
      <trkpt lat="48.3625700" lon="6.7488100"></trkpt>
      <trkpt lat="48.3610300" lon="6.7460600"></trkpt>
      <trkpt lat="48.3596700" lon="6.7426400"></trkpt>
      <trkpt lat="48.3594800" lon="6.7410300"></trkpt>
      <trkpt lat="48.3597600" lon="6.7391000"></trkpt>
      <trkpt lat="48.3594800" lon="6.7364800"></trkpt>
      <trkpt lat="48.3585100" lon="6.7331200"></trkpt>
      <trkpt lat="48.3582100" lon="6.7311300"></trkpt>
      <trkpt lat="48.3573700" lon="6.7277400"></trkpt>
      <trkpt lat="48.3568000" lon="6.7259100"></trkpt>
      <trkpt lat="48.3556200" lon="6.7236500"></trkpt>
      <trkpt lat="48.3528800" lon="6.7178000"></trkpt>
      <trkpt lat="48.3526100" lon="6.7167700"></trkpt>
      <trkpt lat="48.3507900" lon="6.7051700"></trkpt>
      <trkpt lat="48.3488200" lon="6.6952000"></trkpt>
      <trkpt lat="48.3473700" lon="6.6874900"></trkpt>
      <trkpt lat="48.3473700" lon="6.6866200"></trkpt>
      <trkpt lat="48.3478500" lon="6.6840400"></trkpt>
      <trkpt lat="48.3480900" lon="6.6809300"></trkpt>
      <trkpt lat="48.3479700" lon="6.6794400"></trkpt>
      <trkpt lat="48.3472900" lon="6.6765500"></trkpt>
      <trkpt lat="48.3442500" lon="6.6595200"></trkpt>
      <trkpt lat="48.3435300" lon="6.6555900"></trkpt>
      <trkpt lat="48.3428800" lon="6.6538400"></trkpt>
      <trkpt lat="48.3421500" lon="6.6530700"></trkpt>
      <trkpt lat="48.3414100" lon="6.6534300"></trkpt>
      <trkpt lat="48.3408800" lon="6.6530700"></trkpt>
      <trkpt lat="48.3403400" lon="6.6520100"></trkpt>
      <trkpt lat="48.3386200" lon="6.6513900"></trkpt>
      <trkpt lat="48.3375900" lon="6.6514000"></trkpt>
      <trkpt lat="48.3359100" lon="6.6521100"></trkpt>
      <trkpt lat="48.3351000" lon="6.6522500"></trkpt>
      <trkpt lat="48.3340500" lon="6.6518600"></trkpt>
      <trkpt lat="48.3332600" lon="6.6509400"></trkpt>
      <trkpt lat="48.3290600" lon="6.6422900"></trkpt>
      <trkpt lat="48.3282500" lon="6.6407000"></trkpt>
      <trkpt lat="48.3272600" lon="6.6377900"></trkpt>
      <trkpt lat="48.3264300" lon="6.6346200"></trkpt>
      <trkpt lat="48.3254800" lon="6.6324000"></trkpt>
      <trkpt lat="48.3245900" lon="6.6312900"></trkpt>
      <trkpt lat="48.3235800" lon="6.6305200"></trkpt>
      <trkpt lat="48.3202800" lon="6.6295900"></trkpt>
      <trkpt lat="48.3182700" lon="6.6301400"></trkpt>
      <trkpt lat="48.3172900" lon="6.6301200"></trkpt>
      <trkpt lat="48.3163400" lon="6.6295700"></trkpt>
      <trkpt lat="48.3154200" lon="6.6281000"></trkpt>
      <trkpt lat="48.3140800" lon="6.6241800"></trkpt>
      <trkpt lat="48.3113100" lon="6.6199000"></trkpt>
      <trkpt lat="48.3092600" lon="6.6151900"></trkpt>
      <trkpt lat="48.3087300" lon="6.6129400"></trkpt>
      <trkpt lat="48.3078100" lon="6.6104900"></trkpt>
      <trkpt lat="48.3071700" lon="6.6083100"></trkpt>
      <trkpt lat="48.3043200" lon="6.6031700"></trkpt>
      <trkpt lat="48.2984500" lon="6.5947100"></trkpt>
      <trkpt lat="48.2956200" lon="6.5914600"></trkpt>
      <trkpt lat="48.2924900" lon="6.5865300"></trkpt>
      <trkpt lat="48.2918800" lon="6.5853700"></trkpt>
      <trkpt lat="48.2910400" lon="6.5822900"></trkpt>
      <trkpt lat="48.2903000" lon="6.5807000"></trkpt>
      <trkpt lat="48.2888800" lon="6.5791600"></trkpt>
      <trkpt lat="48.2860800" lon="6.5771600"></trkpt>
      <trkpt lat="48.2853800" lon="6.5764600"></trkpt>
      <trkpt lat="48.2843400" lon="6.5750000"></trkpt>
      <trkpt lat="48.2825100" lon="6.5714400"></trkpt>
      <trkpt lat="48.2818300" lon="6.5688800"></trkpt>
      <trkpt lat="48.2813500" lon="6.5679200"></trkpt>
      <trkpt lat="48.2778800" lon="6.5643200"></trkpt>
      <trkpt lat="48.2772700" lon="6.5637700"></trkpt>
      <trkpt lat="48.2760500" lon="6.5631800"></trkpt>
      <trkpt lat="48.2737500" lon="6.5629100"></trkpt>
      <trkpt lat="48.2730200" lon="6.5626200"></trkpt>
      <trkpt lat="48.2718100" lon="6.5616800"></trkpt>
      <trkpt lat="48.2699800" lon="6.5597100"></trkpt>
      <trkpt lat="48.2693000" lon="6.5586900"></trkpt>
      <trkpt lat="48.2635600" lon="6.5462600"></trkpt>
      <trkpt lat="48.2584600" lon="6.5375600"></trkpt>
      <trkpt lat="48.2574000" lon="6.5344300"></trkpt>
      <trkpt lat="48.2564100" lon="6.5333700"></trkpt>
      <trkpt lat="48.2546800" lon="6.5331600"></trkpt>
      <trkpt lat="48.2533500" lon="6.5320800"></trkpt>
      <trkpt lat="48.2515100" lon="6.5309900"></trkpt>
      <trkpt lat="48.2505000" lon="6.5301200"></trkpt>
      <trkpt lat="48.2461400" lon="6.5257800"></trkpt>
      <trkpt lat="48.2452300" lon="6.5251700"></trkpt>
      <trkpt lat="48.2404000" lon="6.5225000"></trkpt>
      <trkpt lat="48.2399500" lon="6.5223300"></trkpt>
      <trkpt lat="48.2351800" lon="6.5212200"></trkpt>
      <trkpt lat="48.2330000" lon="6.5205500"></trkpt>
      <trkpt lat="48.2299800" lon="6.5192400"></trkpt>
      <trkpt lat="48.2260100" lon="6.5181400"></trkpt>
      <trkpt lat="48.2250400" lon="6.5176000"></trkpt>
      <trkpt lat="48.2235300" lon="6.5159100"></trkpt>
      <trkpt lat="48.2227600" lon="6.5142800"></trkpt>
      <trkpt lat="48.2218900" lon="6.5109300"></trkpt>
      <trkpt lat="48.2213900" lon="6.5094100"></trkpt>
      <trkpt lat="48.2207800" lon="6.5083900"></trkpt>
      <trkpt lat="48.2200300" lon="6.5075700"></trkpt>
      <trkpt lat="48.2155800" lon="6.5041100"></trkpt>
      <trkpt lat="48.2146200" lon="6.5030500"></trkpt>
      <trkpt lat="48.2138200" lon="6.5016600"></trkpt>
      <trkpt lat="48.2128900" lon="6.4990600"></trkpt>
      <trkpt lat="48.2119900" lon="6.4970800"></trkpt>
      <trkpt lat="48.2094700" lon="6.4927900"></trkpt>
      <trkpt lat="48.2084200" lon="6.4914300"></trkpt>
      <trkpt lat="48.2071100" lon="6.4902600"></trkpt>
      <trkpt lat="48.2064800" lon="6.4894800"></trkpt>
      <trkpt lat="48.2048900" lon="6.4865400"></trkpt>
      <trkpt lat="48.2009500" lon="6.4805500"></trkpt>
      <trkpt lat="48.1985100" lon="6.4764200"></trkpt>
      <trkpt lat="48.1968900" lon="6.4720800"></trkpt>
      <trkpt lat="48.1965400" lon="6.4700600"></trkpt>
      <trkpt lat="48.1949800" lon="6.4589100"></trkpt>
      <trkpt lat="48.1946700" lon="6.4578300"></trkpt>
      <trkpt lat="48.1926100" lon="6.4519900"></trkpt>
      <trkpt lat="48.1928600" lon="6.4507300"></trkpt>
      <trkpt lat="48.1939000" lon="6.4487000"></trkpt>
      <trkpt lat="48.1938700" lon="6.4441200"></trkpt>
      <trkpt lat="48.1937600" lon="6.4433100"></trkpt>
      <trkpt lat="48.1929500" lon="6.4401000"></trkpt>
      <trkpt lat="48.1923400" lon="6.4389500"></trkpt>
      <trkpt lat="48.1925700" lon="6.4379700"></trkpt>
      <trkpt lat="48.1924800" lon="6.4370000"></trkpt>
      <trkpt lat="48.1912400" lon="6.4348900"></trkpt>
      <trkpt lat="48.1906300" lon="6.4333300"></trkpt>
      <trkpt lat="48.1907000" lon="6.4261400"></trkpt>
      <trkpt lat="48.1907700" lon="6.4245100"></trkpt>
      <trkpt lat="48.1903100" lon="6.4233800"></trkpt>
      <trkpt lat="48.1882800" lon="6.4198100"></trkpt>
      <trkpt lat="48.1850900" lon="6.4139400"></trkpt>
      <trkpt lat="48.1830900" lon="6.4104300"></trkpt>
      <trkpt lat="48.1795400" lon="6.4043300"></trkpt>
      <trkpt lat="48.1761600" lon="6.3983200"></trkpt>
      <trkpt lat="48.1755300" lon="6.3977500"></trkpt>
      <trkpt lat="48.1754900" lon="6.3970400"></trkpt>
      <trkpt lat="48.1737500" lon="6.3942900"></trkpt>
      <trkpt lat="48.1729100" lon="6.3902000"></trkpt>
      <trkpt lat="48.1723700" lon="6.3886400"></trkpt>
      <trkpt lat="48.1717700" lon="6.3860800"></trkpt>
      <trkpt lat="48.1707000" lon="6.3805000"></trkpt>
      <trkpt lat="48.1705500" lon="6.3788400"></trkpt>
      <trkpt lat="48.1705400" lon="6.3751500"></trkpt>
      <trkpt lat="48.1702000" lon="6.3734500"></trkpt>
      <trkpt lat="48.1699200" lon="6.3708800"></trkpt>
      <trkpt lat="48.1700000" lon="6.3685200"></trkpt>
      <trkpt lat="48.1700400" lon="6.3638400"></trkpt>
      <trkpt lat="48.1699100" lon="6.3612200"></trkpt>
      <trkpt lat="48.1694400" lon="6.3572600"></trkpt>
      <trkpt lat="48.1691500" lon="6.3536500"></trkpt>
      <trkpt lat="48.1687900" lon="6.3526500"></trkpt>
      <trkpt lat="48.1680400" lon="6.3489000"></trkpt>
      <trkpt lat="48.1678000" lon="6.3443500"></trkpt>
      <trkpt lat="48.1673100" lon="6.3404500"></trkpt>
      <trkpt lat="48.1667600" lon="6.3373500"></trkpt>
      <trkpt lat="48.1675600" lon="6.3368900"></trkpt>
      <trkpt lat="48.1677700" lon="6.3326900"></trkpt>
      <trkpt lat="48.1682800" lon="6.3290300"></trkpt>
      <trkpt lat="48.1687800" lon="6.3273600"></trkpt>
      <trkpt lat="48.1688100" lon="6.3243500"></trkpt>
      <trkpt lat="48.1692100" lon="6.3247500"></trkpt>
      <trkpt lat="48.1682500" lon="6.3220000"></trkpt>
      <trkpt lat="48.1673100" lon="6.3201300"></trkpt>
      <trkpt lat="48.1663400" lon="6.3175900"></trkpt>
      <trkpt lat="48.1654400" lon="6.3136000"></trkpt>
      <trkpt lat="48.1651900" lon="6.3097900"></trkpt>
      <trkpt lat="48.1656600" lon="6.3085600"></trkpt>
      <trkpt lat="48.1654000" lon="6.3082300"></trkpt>
      <trkpt lat="48.1641900" lon="6.3083600"></trkpt>
      <trkpt lat="48.1638300" lon="6.3075600"></trkpt>
      <trkpt lat="48.1633300" lon="6.3048200"></trkpt>
      <trkpt lat="48.1624100" lon="6.3032500"></trkpt>
      <trkpt lat="48.1584500" lon="6.3002500"></trkpt>
      <trkpt lat="48.1576700" lon="6.2992700"></trkpt>
      <trkpt lat="48.1559000" lon="6.2957100"></trkpt>
      <trkpt lat="48.1550200" lon="6.2927600"></trkpt>
      <trkpt lat="48.1537300" lon="6.2891500"></trkpt>
      <trkpt lat="48.1534500" lon="6.2867300"></trkpt>
      <trkpt lat="48.1531400" lon="6.2855800"></trkpt>
      <trkpt lat="48.1522000" lon="6.2837300"></trkpt>
      <trkpt lat="48.1501500" lon="6.2817000"></trkpt>
      <trkpt lat="48.1453400" lon="6.2726300"></trkpt>
      <trkpt lat="48.1395100" lon="6.2615700"></trkpt>
      <trkpt lat="48.1387000" lon="6.2605200"></trkpt>
      <trkpt lat="48.1380900" lon="6.2601800"></trkpt>
      <trkpt lat="48.1375200" lon="6.2593600"></trkpt>
      <trkpt lat="48.1368300" lon="6.2570000"></trkpt>
      <trkpt lat="48.1363200" lon="6.2543200"></trkpt>
      <trkpt lat="48.1353700" lon="6.2512300"></trkpt>
      <trkpt lat="48.1347600" lon="6.2406500"></trkpt>
      <trkpt lat="48.1336800" lon="6.2402200"></trkpt>
      <trkpt lat="48.1324900" lon="6.2394000"></trkpt>
      <trkpt lat="48.1308900" lon="6.2376600"></trkpt>
      <trkpt lat="48.1298200" lon="6.2368200"></trkpt>
      <trkpt lat="48.1289100" lon="6.2354700"></trkpt>
      <trkpt lat="48.1265200" lon="6.2363100"></trkpt>
      <trkpt lat="48.1250900" lon="6.2370200"></trkpt>
      <trkpt lat="48.1245600" lon="6.2369300"></trkpt>
      <trkpt lat="48.1233300" lon="6.2359600"></trkpt>
      <trkpt lat="48.1218800" lon="6.2351200"></trkpt>
      <trkpt lat="48.1198700" lon="6.2334700"></trkpt>
      <trkpt lat="48.1179900" lon="6.2311000"></trkpt>
      <trkpt lat="48.1171100" lon="6.2303300"></trkpt>
      <trkpt lat="48.1142200" lon="6.2275000"></trkpt>
      <trkpt lat="48.1129500" lon="6.2252300"></trkpt>
      <trkpt lat="48.1111300" lon="6.2238200"></trkpt>
      <trkpt lat="48.1099600" lon="6.2237000"></trkpt>
      <trkpt lat="48.1084900" lon="6.2227100"></trkpt>
      <trkpt lat="48.1070000" lon="6.2206700"></trkpt>
      <trkpt lat="48.1065000" lon="6.2213300"></trkpt>
      <trkpt lat="48.1059800" lon="6.2214900"></trkpt>
      <trkpt lat="48.1046000" lon="6.2230400"></trkpt>
      <trkpt lat="48.0993400" lon="6.2167600"></trkpt>
      <trkpt lat="48.0959600" lon="6.2128600"></trkpt>
      <trkpt lat="48.0968900" lon="6.2115600"></trkpt>
      <trkpt lat="48.0968200" lon="6.2094100"></trkpt>
      <trkpt lat="48.0962100" lon="6.2061000"></trkpt>
      <trkpt lat="48.0958300" lon="6.2013800"></trkpt>
      <trkpt lat="48.0953500" lon="6.1944200"></trkpt>
      <trkpt lat="48.0949700" lon="6.1919400"></trkpt>
      <trkpt lat="48.0941600" lon="6.1883800"></trkpt>
      <trkpt lat="48.0941300" lon="6.1868800"></trkpt>
      <trkpt lat="48.0938700" lon="6.1855900"></trkpt>
      <trkpt lat="48.0937600" lon="6.1836100"></trkpt>
      <trkpt lat="48.0934600" lon="6.1821100"></trkpt>
      <trkpt lat="48.0925000" lon="6.1823300"></trkpt>
      <trkpt lat="48.0913200" lon="6.1816500"></trkpt>
      <trkpt lat="48.0905700" lon="6.1815700"></trkpt>
      <trkpt lat="48.0898500" lon="6.1818900"></trkpt>
      <trkpt lat="48.0887100" lon="6.1828600"></trkpt>
      <trkpt lat="48.0878500" lon="6.1833600"></trkpt>
      <trkpt lat="48.0754700" lon="6.1832700"></trkpt>
      <trkpt lat="48.0740900" lon="6.1832000"></trkpt>
      <trkpt lat="48.0717000" lon="6.1814200"></trkpt>
      <trkpt lat="48.0702200" lon="6.1800900"></trkpt>
      <trkpt lat="48.0690600" lon="6.1787400"></trkpt>
      <trkpt lat="48.0676900" lon="6.1768600"></trkpt>
      <trkpt lat="48.0661200" lon="6.1754500"></trkpt>
      <trkpt lat="48.0655200" lon="6.1740100"></trkpt>
      <trkpt lat="48.0618200" lon="6.1686800"></trkpt>
      <trkpt lat="48.0614300" lon="6.1674300"></trkpt>
      <trkpt lat="48.0612600" lon="6.1649300"></trkpt>
      <trkpt lat="48.0608000" lon="6.1636600"></trkpt>
      <trkpt lat="48.0565000" lon="6.1554000"></trkpt>
      <trkpt lat="48.0572100" lon="6.1542700"></trkpt>
      <trkpt lat="48.0576100" lon="6.1528200"></trkpt>
      <trkpt lat="48.0572600" lon="6.1515400"></trkpt>
      <trkpt lat="48.0568000" lon="6.1510900"></trkpt>
      <trkpt lat="48.0561800" lon="6.1498400"></trkpt>
      <trkpt lat="48.0548200" lon="6.1485200"></trkpt>
      <trkpt lat="48.0536200" lon="6.1464200"></trkpt>
      <trkpt lat="48.0525300" lon="6.1453100"></trkpt>
      <trkpt lat="48.0519600" lon="6.1442700"></trkpt>
      <trkpt lat="48.0504100" lon="6.1405800"></trkpt>
      <trkpt lat="48.0489100" lon="6.1390400"></trkpt>
      <trkpt lat="48.0481100" lon="6.1375900"></trkpt>
      <trkpt lat="48.0480100" lon="6.1366200"></trkpt>
      <trkpt lat="48.0475800" lon="6.1352500"></trkpt>
      <trkpt lat="48.0477500" lon="6.1341300"></trkpt>
      <trkpt lat="48.0483000" lon="6.1329900"></trkpt>
      <trkpt lat="48.0477000" lon="6.1313200"></trkpt>
      <trkpt lat="48.0472500" lon="6.1267700"></trkpt>
      <trkpt lat="48.0468400" lon="6.1267100"></trkpt>
      <trkpt lat="48.0456700" lon="6.1254300"></trkpt>
      <trkpt lat="48.0448300" lon="6.1249800"></trkpt>
      <trkpt lat="48.0430200" lon="6.1233200"></trkpt>
      <trkpt lat="48.0425700" lon="6.1210900"></trkpt>
      <trkpt lat="48.0400700" lon="6.1172000"></trkpt>
      <trkpt lat="48.0384500" lon="6.1155500"></trkpt>
      <trkpt lat="48.0384200" lon="6.1135000"></trkpt>
      <trkpt lat="48.0380000" lon="6.1125200"></trkpt>
      <trkpt lat="48.0372900" lon="6.1117400"></trkpt>
      <trkpt lat="48.0346300" lon="6.1099300"></trkpt>
      <trkpt lat="48.0267700" lon="6.1047400"></trkpt>
      <trkpt lat="48.0246100" lon="6.1034000"></trkpt>
      <trkpt lat="48.0242100" lon="6.1041600"></trkpt>
      <trkpt lat="48.0233000" lon="6.1068600"></trkpt>
      <trkpt lat="48.0196600" lon="6.1075800"></trkpt>
      <trkpt lat="48.0184200" lon="6.1076200"></trkpt>
      <trkpt lat="48.0175300" lon="6.1073500"></trkpt>
      <trkpt lat="48.0162800" lon="6.1077300"></trkpt>
      <trkpt lat="48.0152800" lon="6.1082700"></trkpt>
      <trkpt lat="48.0138300" lon="6.1094600"></trkpt>
      <trkpt lat="48.0131000" lon="6.1096900"></trkpt>
      <trkpt lat="48.0125800" lon="6.1093100"></trkpt>
      <trkpt lat="48.0119000" lon="6.1040900"></trkpt>
      <trkpt lat="48.0117100" lon="6.1037800"></trkpt>
      <trkpt lat="48.0103500" lon="6.1030800"></trkpt>
      <trkpt lat="48.0069600" lon="6.0999300"></trkpt>
      <trkpt lat="48.0055600" lon="6.0992900"></trkpt>
      <trkpt lat="48.0044600" lon="6.0981600"></trkpt>
      <trkpt lat="48.0032600" lon="6.0976200"></trkpt>
      <trkpt lat="48.0011000" lon="6.0969200"></trkpt>
      <trkpt lat="47.9985000" lon="6.0956900"></trkpt>
      <trkpt lat="47.9966800" lon="6.0939500"></trkpt>
      <trkpt lat="47.9939600" lon="6.0882700"></trkpt>
      <trkpt lat="47.9919000" lon="6.0842300"></trkpt>
      <trkpt lat="47.9864400" lon="6.0714800"></trkpt>
      <trkpt lat="47.9849300" lon="6.0681100"></trkpt>
      <trkpt lat="47.9839700" lon="6.0657300"></trkpt>
      <trkpt lat="47.9821900" lon="6.0617100"></trkpt>
      <trkpt lat="47.9805100" lon="6.0574200"></trkpt>
      <trkpt lat="47.9785400" lon="6.0530500"></trkpt>
      <trkpt lat="47.9771100" lon="6.0495200"></trkpt>
      <trkpt lat="47.9756600" lon="6.0478900"></trkpt>
      <trkpt lat="47.9751000" lon="6.0463400"></trkpt>
      <trkpt lat="47.9750600" lon="6.0452900"></trkpt>
      <trkpt lat="47.9754800" lon="6.0448200"></trkpt>
      <trkpt lat="47.9742400" lon="6.0436900"></trkpt>
      <trkpt lat="47.9735500" lon="6.0425700"></trkpt>
      <trkpt lat="47.9729400" lon="6.0400200"></trkpt>
      <trkpt lat="47.9721800" lon="6.0395800"></trkpt>
      <trkpt lat="47.9711600" lon="6.0401200"></trkpt>
      <trkpt lat="47.9701900" lon="6.0391000"></trkpt>
      <trkpt lat="47.9701200" lon="6.0386400"></trkpt>
      <trkpt lat="47.9710600" lon="6.0362600"></trkpt>
      <trkpt lat="47.9709100" lon="6.0351500"></trkpt>
      <trkpt lat="47.9705700" lon="6.0344300"></trkpt>
      <trkpt lat="47.9700900" lon="6.0344100"></trkpt>
      <trkpt lat="47.9682100" lon="6.0329500"></trkpt>
      <trkpt lat="47.9670300" lon="6.0312300"></trkpt>
      <trkpt lat="47.9658300" lon="6.0273100"></trkpt>
      <trkpt lat="47.9654400" lon="6.0266700"></trkpt>
      <trkpt lat="47.9620800" lon="6.0225300"></trkpt>
      <trkpt lat="47.9563800" lon="6.0177200"></trkpt>
      <trkpt lat="47.9560700" lon="6.0172300"></trkpt>
      <trkpt lat="47.9548600" lon="6.0143400"></trkpt>
      <trkpt lat="47.9535400" lon="6.0099600"></trkpt>
      <trkpt lat="47.9522700" lon="6.0046600"></trkpt>
      <trkpt lat="47.9520100" lon="6.0039000"></trkpt>
      <trkpt lat="47.9511400" lon="6.0030700"></trkpt>
      <trkpt lat="47.9491500" lon="6.0022700"></trkpt>
      <trkpt lat="47.9483200" lon="6.0013300"></trkpt>
      <trkpt lat="47.9469500" lon="5.9984100"></trkpt>
      <trkpt lat="47.9465200" lon="5.9979400"></trkpt>
      <trkpt lat="47.9451100" lon="5.9945300"></trkpt>
      <trkpt lat="47.9435500" lon="5.9933700"></trkpt>
      <trkpt lat="47.9419200" lon="5.9904000"></trkpt>
      <trkpt lat="47.9410700" lon="5.9894600"></trkpt>
      <trkpt lat="47.9406700" lon="5.9879000"></trkpt>
      <trkpt lat="47.9410200" lon="5.9860000"></trkpt>
      <trkpt lat="47.9405900" lon="5.9840700"></trkpt>
      <trkpt lat="47.9401100" lon="5.9827900"></trkpt>
      <trkpt lat="47.9391100" lon="5.9792500"></trkpt>
      <trkpt lat="47.9386100" lon="5.9782100"></trkpt>
      <trkpt lat="47.9368300" lon="5.9738800"></trkpt>
      <trkpt lat="47.9360500" lon="5.9727100"></trkpt>
      <trkpt lat="47.9350200" lon="5.9695800"></trkpt>
      <trkpt lat="47.9347600" lon="5.9683900"></trkpt>
      <trkpt lat="47.9312200" lon="5.9620800"></trkpt>
      <trkpt lat="47.9306700" lon="5.9592100"></trkpt>
      <trkpt lat="47.9299500" lon="5.9582400"></trkpt>
      <trkpt lat="47.9290700" lon="5.9576900"></trkpt>
      <trkpt lat="47.9268400" lon="5.9558100"></trkpt>
      <trkpt lat="47.9257100" lon="5.9540400"></trkpt>
      <trkpt lat="47.9237000" lon="5.9514900"></trkpt>
      <trkpt lat="47.9234100" lon="5.9505000"></trkpt>
      <trkpt lat="47.9238300" lon="5.9484000"></trkpt>
      <trkpt lat="47.9236700" lon="5.9439500"></trkpt>
      <trkpt lat="47.9233000" lon="5.9433600"></trkpt>
      <trkpt lat="47.9232700" lon="5.9408400"></trkpt>
      <trkpt lat="47.9228300" lon="5.9389600"></trkpt>
      <trkpt lat="47.9216800" lon="5.9372200"></trkpt>
      <trkpt lat="47.9209000" lon="5.9364000"></trkpt>
      <trkpt lat="47.9194300" lon="5.9357600"></trkpt>
      <trkpt lat="47.9180000" lon="5.9348300"></trkpt>
      <trkpt lat="47.9170500" lon="5.9338300"></trkpt>
      <trkpt lat="47.9136700" lon="5.9313500"></trkpt>
      <trkpt lat="47.9111900" lon="5.9291700"></trkpt>
      <trkpt lat="47.9087000" lon="5.9266700"></trkpt>
      <trkpt lat="47.9070200" lon="5.9266000"></trkpt>
      <trkpt lat="47.9057100" lon="5.9268700"></trkpt>
      <trkpt lat="47.9048500" lon="5.9266800"></trkpt>
      <trkpt lat="47.9028100" lon="5.9253200"></trkpt>
      <trkpt lat="47.9026900" lon="5.9227800"></trkpt>
      <trkpt lat="47.9021400" lon="5.9227300"></trkpt>
      <trkpt lat="47.9013100" lon="5.9231700"></trkpt>
      <trkpt lat="47.9004200" lon="5.9233000"></trkpt>
      <trkpt lat="47.8994400" lon="5.9239800"></trkpt>
      <trkpt lat="47.8978200" lon="5.9239800"></trkpt>
      <trkpt lat="47.8982000" lon="5.9218800"></trkpt>
      <trkpt lat="47.8983300" lon="5.9199500"></trkpt>
      <trkpt lat="47.8976300" lon="5.9172600"></trkpt>
      <trkpt lat="47.8966800" lon="5.9115700"></trkpt>
      <trkpt lat="47.8965900" lon="5.9080900"></trkpt>
      <trkpt lat="47.8967700" lon="5.9068400"></trkpt>
      <trkpt lat="47.8966600" lon="5.9058100"></trkpt>
      <trkpt lat="47.8960400" lon="5.9038100"></trkpt>
      <trkpt lat="47.8954800" lon="5.9012700"></trkpt>
      <trkpt lat="47.8946700" lon="5.9001900"></trkpt>
      <trkpt lat="47.8933300" lon="5.8974000"></trkpt>
      <trkpt lat="47.8923000" lon="5.8962800"></trkpt>
      <trkpt lat="47.8919600" lon="5.8956500"></trkpt>
      <trkpt lat="47.8916400" lon="5.8942000"></trkpt>
      <trkpt lat="47.8917500" lon="5.8925800"></trkpt>
      <trkpt lat="47.8900000" lon="5.8895800"></trkpt>
      <trkpt lat="47.8898300" lon="5.8887200"></trkpt>
      <trkpt lat="47.8902500" lon="5.8872600"></trkpt>
      <trkpt lat="47.8889600" lon="5.8836700"></trkpt>
      <trkpt lat="47.8872200" lon="5.8809400"></trkpt>
      <trkpt lat="47.8861500" lon="5.8797900"></trkpt>
      <trkpt lat="47.8848900" lon="5.8787600"></trkpt>
      <trkpt lat="47.8842000" lon="5.8779700"></trkpt>
      <trkpt lat="47.8836200" lon="5.8767200"></trkpt>
      <trkpt lat="47.8825000" lon="5.8751600"></trkpt>
      <trkpt lat="47.8819100" lon="5.8726700"></trkpt>
      <trkpt lat="47.8805100" lon="5.8705800"></trkpt>
      <trkpt lat="47.8794300" lon="5.8691900"></trkpt>
      <trkpt lat="47.8787300" lon="5.8688500"></trkpt>
      <trkpt lat="47.8789400" lon="5.8677600"></trkpt>
      <trkpt lat="47.8781500" lon="5.8665800"></trkpt>
      <trkpt lat="47.8783400" lon="5.8661200"></trkpt>
      <trkpt lat="47.8779400" lon="5.8654500"></trkpt>
      <trkpt lat="47.8760800" lon="5.8641200"></trkpt>
      <trkpt lat="47.8740200" lon="5.8616300"></trkpt>
      <trkpt lat="47.8722700" lon="5.8599500"></trkpt>
      <trkpt lat="47.8706500" lon="5.8573700"></trkpt>
      <trkpt lat="47.8700000" lon="5.8557900"></trkpt>
      <trkpt lat="47.8667600" lon="5.8499600"></trkpt>
      <trkpt lat="47.8654000" lon="5.8482500"></trkpt>
      <trkpt lat="47.8647300" lon="5.8468400"></trkpt>
      <trkpt lat="47.8627900" lon="5.8469900"></trkpt>
      <trkpt lat="47.8627100" lon="5.8455600"></trkpt>
      <trkpt lat="47.8621000" lon="5.8432300"></trkpt>
      <trkpt lat="47.8619600" lon="5.8411700"></trkpt>
      <trkpt lat="47.8616900" lon="5.8399200"></trkpt>
      <trkpt lat="47.8599500" lon="5.8344300"></trkpt>
      <trkpt lat="47.8575500" lon="5.8168100"></trkpt>
      <trkpt lat="47.8570000" lon="5.8146000"></trkpt>
      <trkpt lat="47.8564200" lon="5.8151700"></trkpt>
      <trkpt lat="47.8554900" lon="5.8155700"></trkpt>
      <trkpt lat="47.8501300" lon="5.8171300"></trkpt>
      <trkpt lat="47.8494000" lon="5.8170100"></trkpt>
      <trkpt lat="47.8479300" lon="5.8161300"></trkpt>
      <trkpt lat="47.8472400" lon="5.8147500"></trkpt>
      <trkpt lat="47.8439200" lon="5.8069800"></trkpt>
      <trkpt lat="47.8436100" lon="5.8059700"></trkpt>
      <trkpt lat="47.8419500" lon="5.8018100"></trkpt>
      <trkpt lat="47.8399800" lon="5.7975000"></trkpt>
      <trkpt lat="47.8367100" lon="5.7898400"></trkpt>
      <trkpt lat="47.8363500" lon="5.7877900"></trkpt>
      <trkpt lat="47.8355500" lon="5.7857700"></trkpt>
      <trkpt lat="47.8348000" lon="5.7845300"></trkpt>
      <trkpt lat="47.8329900" lon="5.7820100"></trkpt>
      <trkpt lat="47.8328600" lon="5.7811700"></trkpt>
      <trkpt lat="47.8294900" lon="5.7762800"></trkpt>
      <trkpt lat="47.8289800" lon="5.7754300"></trkpt>
      <trkpt lat="47.8278600" lon="5.7748700"></trkpt>
      <trkpt lat="47.8271800" lon="5.7738900"></trkpt>
      <trkpt lat="47.8266200" lon="5.7721700"></trkpt>
      <trkpt lat="47.8256300" lon="5.7708400"></trkpt>
      <trkpt lat="47.8244500" lon="5.7700000"></trkpt>
      <trkpt lat="47.8237600" lon="5.7691400"></trkpt>
      <trkpt lat="47.8232000" lon="5.7672700"></trkpt>
      <trkpt lat="47.8219300" lon="5.7647800"></trkpt>
      <trkpt lat="47.8210000" lon="5.7637700"></trkpt>
      <trkpt lat="47.8204900" lon="5.7635900"></trkpt>
      <trkpt lat="47.8183200" lon="5.7635600"></trkpt>
      <trkpt lat="47.8175600" lon="5.7632300"></trkpt>
      <trkpt lat="47.8172500" lon="5.7622800"></trkpt>
      <trkpt lat="47.8166200" lon="5.7621200"></trkpt>
      <trkpt lat="47.8155600" lon="5.7613700"></trkpt>
      <trkpt lat="47.8148700" lon="5.7597500"></trkpt>
      <trkpt lat="47.8140900" lon="5.7588200"></trkpt>
      <trkpt lat="47.8139200" lon="5.7567600"></trkpt>
      <trkpt lat="47.8130000" lon="5.7508500"></trkpt>
      <trkpt lat="47.8129300" lon="5.7493600"></trkpt>
      <trkpt lat="47.8122300" lon="5.7463600"></trkpt>
      <trkpt lat="47.8119400" lon="5.7456500"></trkpt>
      <trkpt lat="47.8080700" lon="5.7399300"></trkpt>
      <trkpt lat="47.8062400" lon="5.7352800"></trkpt>
      <trkpt lat="47.8052200" lon="5.7329700"></trkpt>
      <trkpt lat="47.8047500" lon="5.7314600"></trkpt>
      <trkpt lat="47.8042300" lon="5.7287700"></trkpt>
      <trkpt lat="47.8040700" lon="5.7269700"></trkpt>
      <trkpt lat="47.8022200" lon="5.7190800"></trkpt>
      <trkpt lat="47.8011400" lon="5.7138900"></trkpt>
      <trkpt lat="47.8000900" lon="5.7104100"></trkpt>
      <trkpt lat="47.7997300" lon="5.7096100"></trkpt>
      <trkpt lat="47.7975700" lon="5.7063200"></trkpt>
      <trkpt lat="47.7972000" lon="5.7048000"></trkpt>
      <trkpt lat="47.7959700" lon="5.7026900"></trkpt>
      <trkpt lat="47.7954000" lon="5.7014200"></trkpt>
      <trkpt lat="47.7947600" lon="5.7005000"></trkpt>
      <trkpt lat="47.7939100" lon="5.6986100"></trkpt>
      <trkpt lat="47.7921400" lon="5.6956600"></trkpt>
      <trkpt lat="47.7901200" lon="5.6924400"></trkpt>
      <trkpt lat="47.7869400" lon="5.6854100"></trkpt>
      <trkpt lat="47.7857000" lon="5.6825000"></trkpt>
      <trkpt lat="47.7842700" lon="5.6785400"></trkpt>
      <trkpt lat="47.7825600" lon="5.6746000"></trkpt>
      <trkpt lat="47.7825400" lon="5.6734900"></trkpt>
      <trkpt lat="47.7821500" lon="5.6723100"></trkpt>
      <trkpt lat="47.7801300" lon="5.6698200"></trkpt>
      <trkpt lat="47.7775400" lon="5.6679100"></trkpt>
      <trkpt lat="47.7756600" lon="5.6671500"></trkpt>
      <trkpt lat="47.7742000" lon="5.6672100"></trkpt>
      <trkpt lat="47.7724900" lon="5.6660600"></trkpt>
      <trkpt lat="47.7727400" lon="5.6632100"></trkpt>
      <trkpt lat="47.7737600" lon="5.6574900"></trkpt>
      <trkpt lat="47.7743500" lon="5.6562800"></trkpt>
      <trkpt lat="47.7754200" lon="5.6548100"></trkpt>
      <trkpt lat="47.7760300" lon="5.6535100"></trkpt>
      <trkpt lat="47.7600500" lon="5.6343700"></trkpt>
      <trkpt lat="47.7502700" lon="5.6214600"></trkpt>
      <trkpt lat="47.7493600" lon="5.6204600"></trkpt>
      <trkpt lat="47.7478300" lon="5.6193400"></trkpt>
      <trkpt lat="47.7464000" lon="5.6186200"></trkpt>
      <trkpt lat="47.7333700" lon="5.6129700"></trkpt>
      <trkpt lat="47.7288400" lon="5.6110600"></trkpt>
      <trkpt lat="47.7254000" lon="5.6095000"></trkpt>
      <trkpt lat="47.7210900" lon="5.6059400"></trkpt>
      <trkpt lat="47.7195600" lon="5.6044900"></trkpt>
      <trkpt lat="47.7166800" lon="5.6026400"></trkpt>
      <trkpt lat="47.7153900" lon="5.6013100"></trkpt>
      <trkpt lat="47.7149500" lon="5.6005300"></trkpt>
      <trkpt lat="47.7134100" lon="5.5956300"></trkpt>
      <trkpt lat="47.7099500" lon="5.5881700"></trkpt>
      <trkpt lat="47.7096000" lon="5.5877500"></trkpt>
      <trkpt lat="47.7042000" lon="5.5822300"></trkpt>
      <trkpt lat="47.7036900" lon="5.5820000"></trkpt>
      <trkpt lat="47.7022100" lon="5.5818900"></trkpt>
      <trkpt lat="47.6915200" lon="5.5720700"></trkpt>
      <trkpt lat="47.6826200" lon="5.5639200"></trkpt>
      <trkpt lat="47.6773700" lon="5.5596100"></trkpt>
      <trkpt lat="47.6622400" lon="5.5473600"></trkpt>
      <trkpt lat="47.6604500" lon="5.5453200"></trkpt>
      <trkpt lat="47.6594300" lon="5.5445500"></trkpt>
      <trkpt lat="47.6584200" lon="5.5441800"></trkpt>
      <trkpt lat="47.6562500" lon="5.5437500"></trkpt>
      <trkpt lat="47.6533400" lon="5.5426700"></trkpt>
      <trkpt lat="47.6523900" lon="5.5425300"></trkpt>
      <trkpt lat="47.6506400" lon="5.5417900"></trkpt>
      <trkpt lat="47.6487900" lon="5.5403700"></trkpt>
      <trkpt lat="47.6476900" lon="5.5397100"></trkpt>
      <trkpt lat="47.6458100" lon="5.5389700"></trkpt>
      <trkpt lat="47.6448600" lon="5.5384000"></trkpt>
      <trkpt lat="47.6432900" lon="5.5377500"></trkpt>
      <trkpt lat="47.6424800" lon="5.5372300"></trkpt>
      <trkpt lat="47.6386300" lon="5.5337800"></trkpt>
      <trkpt lat="47.6379300" lon="5.5333800"></trkpt>
      <trkpt lat="47.6365500" lon="5.5330700"></trkpt>
      <trkpt lat="47.6356000" lon="5.5324800"></trkpt>
      <trkpt lat="47.6340600" lon="5.5309100"></trkpt>
      <trkpt lat="47.6326800" lon="5.5302000"></trkpt>
      <trkpt lat="47.6317700" lon="5.5293200"></trkpt>
      <trkpt lat="47.6310600" lon="5.5282600"></trkpt>
      <trkpt lat="47.6305900" lon="5.5268000"></trkpt>
      <trkpt lat="47.6294600" lon="5.5254400"></trkpt>
      <trkpt lat="47.6269000" lon="5.5232700"></trkpt>
      <trkpt lat="47.6261200" lon="5.5223300"></trkpt>
      <trkpt lat="47.6256300" lon="5.5212700"></trkpt>
      <trkpt lat="47.6243500" lon="5.5199900"></trkpt>
      <trkpt lat="47.6223100" lon="5.5198500"></trkpt>
      <trkpt lat="47.6202900" lon="5.5186500"></trkpt>
      <trkpt lat="47.6185900" lon="5.5178900"></trkpt>
      <trkpt lat="47.6163400" lon="5.5177700"></trkpt>
      <trkpt lat="47.6155700" lon="5.5158000"></trkpt>
      <trkpt lat="47.6155800" lon="5.5136200"></trkpt>
      <trkpt lat="47.6145800" lon="5.5143000"></trkpt>
      <trkpt lat="47.6133100" lon="5.5120500"></trkpt>
      <trkpt lat="47.6120600" lon="5.5092700"></trkpt>
      <trkpt lat="47.6098100" lon="5.5064200"></trkpt>
      <trkpt lat="47.6045200" lon="5.4969900"></trkpt>
      <trkpt lat="47.6030800" lon="5.4950900"></trkpt>
      <trkpt lat="47.6006500" lon="5.4926400"></trkpt>
      <trkpt lat="47.6001200" lon="5.4919000"></trkpt>
      <trkpt lat="47.5990400" lon="5.4897800"></trkpt>
      <trkpt lat="47.5984300" lon="5.4888800"></trkpt>
      <trkpt lat="47.5978300" lon="5.4884500"></trkpt>
      <trkpt lat="47.5961100" lon="5.4879900"></trkpt>
      <trkpt lat="47.5952700" lon="5.4868500"></trkpt>
      <trkpt lat="47.5935200" lon="5.4824800"></trkpt>
      <trkpt lat="47.5905300" lon="5.4766800"></trkpt>
      <trkpt lat="47.5896300" lon="5.4746500"></trkpt>
      <trkpt lat="47.5891900" lon="5.4739700"></trkpt>
      <trkpt lat="47.5865200" lon="5.4713500"></trkpt>
      <trkpt lat="47.5848200" lon="5.4705000"></trkpt>
      <trkpt lat="47.5838300" lon="5.4677200"></trkpt>
      <trkpt lat="47.5828200" lon="5.4666000"></trkpt>
      <trkpt lat="47.5815300" lon="5.4647500"></trkpt>
      <trkpt lat="47.5809700" lon="5.4641800"></trkpt>
      <trkpt lat="47.5795600" lon="5.4615000"></trkpt>
      <trkpt lat="47.5791000" lon="5.4600400"></trkpt>
      <trkpt lat="47.5789800" lon="5.4590900"></trkpt>
      <trkpt lat="47.5783800" lon="5.4573000"></trkpt>
      <trkpt lat="47.5775900" lon="5.4555500"></trkpt>
      <trkpt lat="47.5773400" lon="5.4528200"></trkpt>
      <trkpt lat="47.5773400" lon="5.4512100"></trkpt>
      <trkpt lat="47.5771200" lon="5.4489900"></trkpt>
      <trkpt lat="47.5771000" lon="5.4469500"></trkpt>
      <trkpt lat="47.5769300" lon="5.4457000"></trkpt>
      <trkpt lat="47.5760500" lon="5.4434900"></trkpt>
      <trkpt lat="47.5747400" lon="5.4418700"></trkpt>
      <trkpt lat="47.5736500" lon="5.4396200"></trkpt>
      <trkpt lat="47.5718600" lon="5.4378800"></trkpt>
      <trkpt lat="47.5713900" lon="5.4375700"></trkpt>
      <trkpt lat="47.5672000" lon="5.4364700"></trkpt>
      <trkpt lat="47.5675400" lon="5.4358400"></trkpt>
      <trkpt lat="47.5674400" lon="5.4350700"></trkpt>
      <trkpt lat="47.5665900" lon="5.4336000"></trkpt>
      <trkpt lat="47.5659400" lon="5.4320300"></trkpt>
      <trkpt lat="47.5647800" lon="5.4283900"></trkpt>
      <trkpt lat="47.5635300" lon="5.4270900"></trkpt>
      <trkpt lat="47.5633000" lon="5.4260600"></trkpt>
      <trkpt lat="47.5639700" lon="5.4241100"></trkpt>
      <trkpt lat="47.5615100" lon="5.4229700"></trkpt>
      <trkpt lat="47.5600900" lon="5.4210000"></trkpt>
      <trkpt lat="47.5592900" lon="5.4201500"></trkpt>
      <trkpt lat="47.5580100" lon="5.4184200"></trkpt>
      <trkpt lat="47.5570700" lon="5.4166100"></trkpt>
      <trkpt lat="47.5542400" lon="5.4148100"></trkpt>
      <trkpt lat="47.5520500" lon="5.4145800"></trkpt>
      <trkpt lat="47.5514000" lon="5.4137100"></trkpt>
      <trkpt lat="47.5499400" lon="5.4126100"></trkpt>
      <trkpt lat="47.5489000" lon="5.4091800"></trkpt>
      <trkpt lat="47.5471900" lon="5.4063600"></trkpt>
      <trkpt lat="47.5430700" lon="5.3998700"></trkpt>
      <trkpt lat="47.5373800" lon="5.3907500"></trkpt>
      <trkpt lat="47.5344400" lon="5.3859800"></trkpt>
      <trkpt lat="47.5338000" lon="5.3854100"></trkpt>
      <trkpt lat="47.5330600" lon="5.3852100"></trkpt>
      <trkpt lat="47.5325400" lon="5.3845100"></trkpt>
      <trkpt lat="47.5313800" lon="5.3818700"></trkpt>
      <trkpt lat="47.5308800" lon="5.3809700"></trkpt>
      <trkpt lat="47.5294200" lon="5.3790100"></trkpt>
      <trkpt lat="47.5287100" lon="5.3774900"></trkpt>
      <trkpt lat="47.5275600" lon="5.3732300"></trkpt>
      <trkpt lat="47.5265500" lon="5.3711800"></trkpt>
      <trkpt lat="47.5268900" lon="5.3698900"></trkpt>
      <trkpt lat="47.5263200" lon="5.3687000"></trkpt>
      <trkpt lat="47.5244400" lon="5.3617000"></trkpt>
      <trkpt lat="47.5242300" lon="5.3607000"></trkpt>
      <trkpt lat="47.5216300" lon="5.3515200"></trkpt>
      <trkpt lat="47.5200000" lon="5.3465300"></trkpt>
      <trkpt lat="47.5188200" lon="5.3425800"></trkpt>
      <trkpt lat="47.5141700" lon="5.3278400"></trkpt>
      <trkpt lat="47.5122200" lon="5.3217600"></trkpt>
      <trkpt lat="47.5110700" lon="5.3183600"></trkpt>
      <trkpt lat="47.5046700" lon="5.3009100"></trkpt>
      <trkpt lat="47.5030600" lon="5.2988600"></trkpt>
      <trkpt lat="47.5018400" lon="5.2979600"></trkpt>
      <trkpt lat="47.5000600" lon="5.2960300"></trkpt>
      <trkpt lat="47.5004100" lon="5.2945400"></trkpt>
      <trkpt lat="47.5006100" lon="5.2926100"></trkpt>
      <trkpt lat="47.5002400" lon="5.2913700"></trkpt>
      <trkpt lat="47.5003600" lon="5.2892000"></trkpt>
      <trkpt lat="47.4999800" lon="5.2776800"></trkpt>
      <trkpt lat="47.4999800" lon="5.2759500"></trkpt>
      <trkpt lat="47.5016500" lon="5.2619300"></trkpt>
      <trkpt lat="47.5014500" lon="5.2607400"></trkpt>
      <trkpt lat="47.4986900" lon="5.2517900"></trkpt>
      <trkpt lat="47.4974700" lon="5.2483000"></trkpt>
      <trkpt lat="47.4958900" lon="5.2435400"></trkpt>
      <trkpt lat="47.4891200" lon="5.2235200"></trkpt>
      <trkpt lat="47.4900700" lon="5.2198600"></trkpt>
      <trkpt lat="47.4901600" lon="5.2191800"></trkpt>
      <trkpt lat="47.4900700" lon="5.2118700"></trkpt>
      <trkpt lat="47.4905800" lon="5.2093100"></trkpt>
      <trkpt lat="47.4877800" lon="5.2078700"></trkpt>
      <trkpt lat="47.4856000" lon="5.2066300"></trkpt>
      <trkpt lat="47.4814200" lon="5.2047600"></trkpt>
      <trkpt lat="47.4776500" lon="5.2025200"></trkpt>
      <trkpt lat="47.4778700" lon="5.2007300"></trkpt>
      <trkpt lat="47.4775000" lon="5.1990600"></trkpt>
      <trkpt lat="47.4733500" lon="5.1939600"></trkpt>
      <trkpt lat="47.4716600" lon="5.1915400"></trkpt>
      <trkpt lat="47.4701000" lon="5.1884000"></trkpt>
      <trkpt lat="47.4695900" lon="5.1857600"></trkpt>
      <trkpt lat="47.4691400" lon="5.1846900"></trkpt>
      <trkpt lat="47.4684700" lon="5.1818500"></trkpt>
      <trkpt lat="47.4683500" lon="5.1800400"></trkpt>
      <trkpt lat="47.4656500" lon="5.1669000"></trkpt>
      <trkpt lat="47.4646800" lon="5.1641200"></trkpt>
      <trkpt lat="47.4638800" lon="5.1625400"></trkpt>
      <trkpt lat="47.4637000" lon="5.1614700"></trkpt>
      <trkpt lat="47.4636600" lon="5.1583800"></trkpt>
      <trkpt lat="47.4633000" lon="5.1567700"></trkpt>
      <trkpt lat="47.4625600" lon="5.1549300"></trkpt>
      <trkpt lat="47.4622500" lon="5.1529400"></trkpt>
      <trkpt lat="47.4619400" lon="5.1525800"></trkpt>
      <trkpt lat="47.4617700" lon="5.1497800"></trkpt>
      <trkpt lat="47.4614700" lon="5.1474600"></trkpt>
      <trkpt lat="47.4615800" lon="5.1465100"></trkpt>
      <trkpt lat="47.4609800" lon="5.1426500"></trkpt>
      <trkpt lat="47.4604700" lon="5.1415600"></trkpt>
      <trkpt lat="47.4592000" lon="5.1399300"></trkpt>
      <trkpt lat="47.4580000" lon="5.1393600"></trkpt>
      <trkpt lat="47.4547500" lon="5.1365400"></trkpt>
      <trkpt lat="47.4536200" lon="5.1353000"></trkpt>
      <trkpt lat="47.4504000" lon="5.1314700"></trkpt>
      <trkpt lat="47.4488600" lon="5.1289900"></trkpt>
      <trkpt lat="47.4470100" lon="5.1264800"></trkpt>
      <trkpt lat="47.4460200" lon="5.1254100"></trkpt>
      <trkpt lat="47.4447900" lon="5.1222100"></trkpt>
      <trkpt lat="47.4439600" lon="5.1216900"></trkpt>
      <trkpt lat="47.4434000" lon="5.1220300"></trkpt>
      <trkpt lat="47.4434100" lon="5.1209700"></trkpt>
      <trkpt lat="47.4440200" lon="5.1201100"></trkpt>
      <trkpt lat="47.4434000" lon="5.1193300"></trkpt>
      <trkpt lat="47.4430600" lon="5.1178500"></trkpt>
      <trkpt lat="47.4423000" lon="5.1166700"></trkpt>
      <trkpt lat="47.4423300" lon="5.1156400"></trkpt>
      <trkpt lat="47.4420200" lon="5.1133900"></trkpt>
      <trkpt lat="47.4417200" lon="5.1100100"></trkpt>
      <trkpt lat="47.4423000" lon="5.1062500"></trkpt>
      <trkpt lat="47.4423300" lon="5.1051800"></trkpt>
      <trkpt lat="47.4419800" lon="5.1028000"></trkpt>
      <trkpt lat="47.4420900" lon="5.1011300"></trkpt>
      <trkpt lat="47.4415300" lon="5.0992500"></trkpt>
      <trkpt lat="47.4412100" lon="5.0976300"></trkpt>
      <trkpt lat="47.4415400" lon="5.0954100"></trkpt>
      <trkpt lat="47.4405300" lon="5.0948500"></trkpt>
      <trkpt lat="47.4409600" lon="5.0929200"></trkpt>
      <trkpt lat="47.4406700" lon="5.0921200"></trkpt>
      <trkpt lat="47.4409600" lon="5.0912200"></trkpt>
      <trkpt lat="47.4410500" lon="5.0900400"></trkpt>
      <trkpt lat="47.4397300" lon="5.0892300"></trkpt>
      <trkpt lat="47.4395100" lon="5.0887800"></trkpt>
      <trkpt lat="47.4391200" lon="5.0866600"></trkpt>
      <trkpt lat="47.4388200" lon="5.0839700"></trkpt>
      <trkpt lat="47.4372900" lon="5.0805100"></trkpt>
      <trkpt lat="47.4358300" lon="5.0776600"></trkpt>
      <trkpt lat="47.4324500" lon="5.0693800"></trkpt>
      <trkpt lat="47.4319400" lon="5.0676100"></trkpt>
      <trkpt lat="47.4321000" lon="5.0669000"></trkpt>
      <trkpt lat="47.4316500" lon="5.0664100"></trkpt>
      <trkpt lat="47.4308700" lon="5.0632600"></trkpt>
      <trkpt lat="47.4307000" lon="5.0611000"></trkpt>
      <trkpt lat="47.4300500" lon="5.0565600"></trkpt>
      <trkpt lat="47.4300400" lon="5.0545300"></trkpt>
      <trkpt lat="47.4296300" lon="5.0543400"></trkpt>
      <trkpt lat="47.4303800" lon="5.0524700"></trkpt>
      <trkpt lat="47.4280700" lon="5.0504200"></trkpt>
      <trkpt lat="47.4260200" lon="5.0492700"></trkpt>
      <trkpt lat="47.4255500" lon="5.0486600"></trkpt>
      <trkpt lat="47.4247900" lon="5.0441100"></trkpt>
      <trkpt lat="47.4243900" lon="5.0432100"></trkpt>
      <trkpt lat="47.4232600" lon="5.0413600"></trkpt>
      <trkpt lat="47.4217700" lon="5.0383200"></trkpt>
      <trkpt lat="47.4190100" lon="5.0341500"></trkpt>
      <trkpt lat="47.4175500" lon="5.0325500"></trkpt>
      <trkpt lat="47.4158900" lon="5.0291000"></trkpt>
      <trkpt lat="47.4131700" lon="5.0251300"></trkpt>
      <trkpt lat="47.4127300" lon="5.0239200"></trkpt>
      <trkpt lat="47.4118200" lon="5.0227000"></trkpt>
      <trkpt lat="47.4092600" lon="5.0204500"></trkpt>
      <trkpt lat="47.4087200" lon="5.0192400"></trkpt>
      <trkpt lat="47.4070200" lon="5.0189000"></trkpt>
      <trkpt lat="47.4062200" lon="5.0174500"></trkpt>
      <trkpt lat="47.4060700" lon="5.0165200"></trkpt>
      <trkpt lat="47.4066400" lon="5.0151000"></trkpt>
      <trkpt lat="47.4068300" lon="5.0136000"></trkpt>
      <trkpt lat="47.4080700" lon="5.0093500"></trkpt>
      <trkpt lat="47.4082700" lon="5.0074900"></trkpt>
      <trkpt lat="47.4084600" lon="5.0041800"></trkpt>
      <trkpt lat="47.4071900" lon="5.0031400"></trkpt>
      <trkpt lat="47.4070200" lon="5.0026400"></trkpt>
      <trkpt lat="47.4071700" lon="5.0008200"></trkpt>
      <trkpt lat="47.4065300" lon="4.9965600"></trkpt>
      <trkpt lat="47.4060100" lon="4.9954800"></trkpt>
      <trkpt lat="47.4051600" lon="4.9945800"></trkpt>
      <trkpt lat="47.4029500" lon="4.9926700"></trkpt>
      <trkpt lat="47.4014300" lon="4.9908100"></trkpt>
      <trkpt lat="47.4005700" lon="4.9888800"></trkpt>
      <trkpt lat="47.3999900" lon="4.9871200"></trkpt>
      <trkpt lat="47.3989300" lon="4.9854600"></trkpt>
      <trkpt lat="47.3984300" lon="4.9842300"></trkpt>
      <trkpt lat="47.3977400" lon="4.9804000"></trkpt>
      <trkpt lat="47.3977600" lon="4.9790500"></trkpt>
      <trkpt lat="47.3975300" lon="4.9784700"></trkpt>
      <trkpt lat="47.3959900" lon="4.9771600"></trkpt>
      <trkpt lat="47.3949500" lon="4.9760200"></trkpt>
      <trkpt lat="47.3934900" lon="4.9732100"></trkpt>
      <trkpt lat="47.3942800" lon="4.9700500"></trkpt>
      <trkpt lat="47.3943600" lon="4.9685100"></trkpt>
      <trkpt lat="47.3931400" lon="4.9655500"></trkpt>
      <trkpt lat="47.3929600" lon="4.9647300"></trkpt>
      <trkpt lat="47.3918600" lon="4.9652100"></trkpt>
      <trkpt lat="47.3916100" lon="4.9638100"></trkpt>
      <trkpt lat="47.3914600" lon="4.9615300"></trkpt>
      <trkpt lat="47.3909300" lon="4.9598800"></trkpt>
      <trkpt lat="47.3910900" lon="4.9594600"></trkpt>
      <trkpt lat="47.3904700" lon="4.9580000"></trkpt>
      <trkpt lat="47.3902900" lon="4.9580900"></trkpt>
      <trkpt lat="47.3897800" lon="4.9556600"></trkpt>
      <trkpt lat="47.3897900" lon="4.9542500"></trkpt>
      <trkpt lat="47.3902500" lon="4.9529000"></trkpt>
      <trkpt lat="47.3902100" lon="4.9496600"></trkpt>
      <trkpt lat="47.3907800" lon="4.9478800"></trkpt>
      <trkpt lat="47.3911000" lon="4.9441500"></trkpt>
      <trkpt lat="47.3915000" lon="4.9430800"></trkpt>
      <trkpt lat="47.3915100" lon="4.9408600"></trkpt>
      <trkpt lat="47.3902000" lon="4.9386800"></trkpt>
      <trkpt lat="47.3899900" lon="4.9373500"></trkpt>
      <trkpt lat="47.3891900" lon="4.9349900"></trkpt>
      <trkpt lat="47.3881600" lon="4.9344700"></trkpt>
      <trkpt lat="47.3865100" lon="4.9299900"></trkpt>
      <trkpt lat="47.3836200" lon="4.9218500"></trkpt>
      <trkpt lat="47.3827300" lon="4.9171700"></trkpt>
      <trkpt lat="47.3822800" lon="4.9154100"></trkpt>
      <trkpt lat="47.3810800" lon="4.9117900"></trkpt>
      <trkpt lat="47.3801900" lon="4.9093400"></trkpt>
      <trkpt lat="47.3796400" lon="4.9065000"></trkpt>
      <trkpt lat="47.3780100" lon="4.9014900"></trkpt>
      <trkpt lat="47.3767500" lon="4.8991100"></trkpt>
      <trkpt lat="47.3750100" lon="4.8985900"></trkpt>
      <trkpt lat="47.3746300" lon="4.8987000"></trkpt>
      <trkpt lat="47.3734400" lon="4.8957300"></trkpt>
      <trkpt lat="47.3726200" lon="4.8930800"></trkpt>
      <trkpt lat="47.3723400" lon="4.8894000"></trkpt>
      <trkpt lat="47.3715800" lon="4.8836800"></trkpt>
      <trkpt lat="47.3707800" lon="4.8800700"></trkpt>
      <trkpt lat="47.3701400" lon="4.8775600"></trkpt>
      <trkpt lat="47.3696800" lon="4.8747200"></trkpt>
      <trkpt lat="47.3695200" lon="4.8729500"></trkpt>
      <trkpt lat="47.3683400" lon="4.8693100"></trkpt>
      <trkpt lat="47.3670500" lon="4.8640500"></trkpt>
      <trkpt lat="47.3658400" lon="4.8621000"></trkpt>
      <trkpt lat="47.3655300" lon="4.8612600"></trkpt>
      <trkpt lat="47.3643500" lon="4.8593800"></trkpt>
      <trkpt lat="47.3639100" lon="4.8575900"></trkpt>
      <trkpt lat="47.3649200" lon="4.8540200"></trkpt>
      <trkpt lat="47.3648000" lon="4.8515700"></trkpt>
      <trkpt lat="47.3650200" lon="4.8500600"></trkpt>
      <trkpt lat="47.3652500" lon="4.8473100"></trkpt>
      <trkpt lat="47.3652900" lon="4.8451700"></trkpt>
      <trkpt lat="47.3646200" lon="4.8415000"></trkpt>
      <trkpt lat="47.3644100" lon="4.8394000"></trkpt>
      <trkpt lat="47.3643600" lon="4.8375900"></trkpt>
      <trkpt lat="47.3646000" lon="4.8368000"></trkpt>
      <trkpt lat="47.3645700" lon="4.8358000"></trkpt>
      <trkpt lat="47.3655300" lon="4.8329000"></trkpt>
      <trkpt lat="47.3660100" lon="4.8326000"></trkpt>
      <trkpt lat="47.3661000" lon="4.8311100"></trkpt>
      <trkpt lat="47.3665400" lon="4.8296900"></trkpt>
      <trkpt lat="47.3660400" lon="4.8291300"></trkpt>
      <trkpt lat="47.3661600" lon="4.8270900"></trkpt>
      <trkpt lat="47.3670400" lon="4.8253900"></trkpt>
      <trkpt lat="47.3674200" lon="4.8241100"></trkpt>
      <trkpt lat="47.3677600" lon="4.8208700"></trkpt>
      <trkpt lat="47.3676900" lon="4.8183500"></trkpt>
      <trkpt lat="47.3677900" lon="4.8167900"></trkpt>
      <trkpt lat="47.3655700" lon="4.8124000"></trkpt>
      <trkpt lat="47.3651600" lon="4.8111600"></trkpt>
      <trkpt lat="47.3651400" lon="4.8095300"></trkpt>
      <trkpt lat="47.3659300" lon="4.8051600"></trkpt>
      <trkpt lat="47.3668900" lon="4.8019500"></trkpt>
      <trkpt lat="47.3670400" lon="4.8001100"></trkpt>
      <trkpt lat="47.3665800" lon="4.7987700"></trkpt>
      <trkpt lat="47.3665500" lon="4.7977400"></trkpt>
      <trkpt lat="47.3669200" lon="4.7964800"></trkpt>
      <trkpt lat="47.3659800" lon="4.7957100"></trkpt>
      <trkpt lat="47.3646200" lon="4.7931500"></trkpt>
      <trkpt lat="47.3640700" lon="4.7912300"></trkpt>
      <trkpt lat="47.3641100" lon="4.7865800"></trkpt>
      <trkpt lat="47.3639800" lon="4.7856300"></trkpt>
      <trkpt lat="47.3633400" lon="4.7842400"></trkpt>
      <trkpt lat="47.3618600" lon="4.7818800"></trkpt>
      <trkpt lat="47.3619400" lon="4.7809200"></trkpt>
      <trkpt lat="47.3610000" lon="4.7755900"></trkpt>
      <trkpt lat="47.3587400" lon="4.7753400"></trkpt>
      <trkpt lat="47.3569100" lon="4.7749300"></trkpt>
      <trkpt lat="47.3544300" lon="4.7755600"></trkpt>
      <trkpt lat="47.3538100" lon="4.7754500"></trkpt>
      <trkpt lat="47.3509000" lon="4.7741500"></trkpt>
      <trkpt lat="47.3499200" lon="4.7734800"></trkpt>
      <trkpt lat="47.3486200" lon="4.7720500"></trkpt>
      <trkpt lat="47.3479200" lon="4.7703000"></trkpt>
      <trkpt lat="47.3448100" lon="4.7651800"></trkpt>
      <trkpt lat="47.3441200" lon="4.7646200"></trkpt>
      <trkpt lat="47.3429000" lon="4.7645300"></trkpt>
      <trkpt lat="47.3418700" lon="4.7641300"></trkpt>
      <trkpt lat="47.3401000" lon="4.7629900"></trkpt>
      <trkpt lat="47.3393900" lon="4.7618900"></trkpt>
      <trkpt lat="47.3391900" lon="4.7608000"></trkpt>
      <trkpt lat="47.3393400" lon="4.7579600"></trkpt>
      <trkpt lat="47.3392200" lon="4.7549200"></trkpt>
      <trkpt lat="47.3396700" lon="4.7524600"></trkpt>
      <trkpt lat="47.3397400" lon="4.7511100"></trkpt>
      <trkpt lat="47.3394100" lon="4.7481800"></trkpt>
      <trkpt lat="47.3388800" lon="4.7466700"></trkpt>
      <trkpt lat="47.3343900" lon="4.7403200"></trkpt>
      <trkpt lat="47.3299400" lon="4.7343300"></trkpt>
      <trkpt lat="47.3292400" lon="4.7332500"></trkpt>
      <trkpt lat="47.3198000" lon="4.7214500"></trkpt>
      <trkpt lat="47.3177000" lon="4.7203100"></trkpt>
      <trkpt lat="47.3169600" lon="4.7197600"></trkpt>
      <trkpt lat="47.3150900" lon="4.7169700"></trkpt>
      <trkpt lat="47.3127300" lon="4.7111800"></trkpt>
      <trkpt lat="47.3120500" lon="4.7097900"></trkpt>
      <trkpt lat="47.3099600" lon="4.7089300"></trkpt>
      <trkpt lat="47.3088800" lon="4.7095000"></trkpt>
      <trkpt lat="47.3083000" lon="4.7088900"></trkpt>
      <trkpt lat="47.3075000" lon="4.7070200"></trkpt>
      <trkpt lat="47.3066500" lon="4.7042800"></trkpt>
      <trkpt lat="47.3064600" lon="4.7028400"></trkpt>
      <trkpt lat="47.3057300" lon="4.7017900"></trkpt>
      <trkpt lat="47.3044500" lon="4.7007400"></trkpt>
      <trkpt lat="47.3021400" lon="4.7009900"></trkpt>
      <trkpt lat="47.3010400" lon="4.7017300"></trkpt>
      <trkpt lat="47.3003800" lon="4.7018900"></trkpt>
      <trkpt lat="47.2997000" lon="4.7016300"></trkpt>
      <trkpt lat="47.2973700" lon="4.6991900"></trkpt>
      <trkpt lat="47.2962100" lon="4.6986800"></trkpt>
      <trkpt lat="47.2952200" lon="4.6987000"></trkpt>
      <trkpt lat="47.2936000" lon="4.6984500"></trkpt>
      <trkpt lat="47.2918000" lon="4.6970900"></trkpt>
      <trkpt lat="47.2902700" lon="4.6970200"></trkpt>
      <trkpt lat="47.2882300" lon="4.6953000"></trkpt>
      <trkpt lat="47.2875200" lon="4.6939100"></trkpt>
      <trkpt lat="47.2871300" lon="4.6902400"></trkpt>
      <trkpt lat="47.2865700" lon="4.6870400"></trkpt>
      <trkpt lat="47.2859600" lon="4.6845100"></trkpt>
      <trkpt lat="47.2854800" lon="4.6814600"></trkpt>
      <trkpt lat="47.2857000" lon="4.6799400"></trkpt>
      <trkpt lat="47.2851500" lon="4.6787900"></trkpt>
      <trkpt lat="47.2831200" lon="4.6779200"></trkpt>
      <trkpt lat="47.2822600" lon="4.6765700"></trkpt>
      <trkpt lat="47.2815400" lon="4.6746500"></trkpt>
      <trkpt lat="47.2808900" lon="4.6739700"></trkpt>
      <trkpt lat="47.2793900" lon="4.6707600"></trkpt>
      <trkpt lat="47.2779700" lon="4.6690600"></trkpt>
      <trkpt lat="47.2731500" lon="4.6630400"></trkpt>
      <trkpt lat="47.2694100" lon="4.6584300"></trkpt>
      <trkpt lat="47.2680600" lon="4.6578100"></trkpt>
      <trkpt lat="47.2666900" lon="4.6566200"></trkpt>
      <trkpt lat="47.2664000" lon="4.6559000"></trkpt>
      <trkpt lat="47.2648500" lon="4.6495200"></trkpt>
      <trkpt lat="47.2643100" lon="4.6486200"></trkpt>
      <trkpt lat="47.2622500" lon="4.6475100"></trkpt>
      <trkpt lat="47.2594600" lon="4.6470000"></trkpt>
      <trkpt lat="47.2579500" lon="4.6462500"></trkpt>
      <trkpt lat="47.2569500" lon="4.6470200"></trkpt>
      <trkpt lat="47.2566200" lon="4.6480600"></trkpt>
      <trkpt lat="47.2567600" lon="4.6490800"></trkpt>
      <trkpt lat="47.2557300" lon="4.6511200"></trkpt>
      <trkpt lat="47.2547600" lon="4.6510300"></trkpt>
      <trkpt lat="47.2529700" lon="4.6494600"></trkpt>
      <trkpt lat="47.2501600" lon="4.6480700"></trkpt>
      <trkpt lat="47.2481700" lon="4.6467500"></trkpt>
      <trkpt lat="47.2436900" lon="4.6434300"></trkpt>
      <trkpt lat="47.2361800" lon="4.6360500"></trkpt>
      <trkpt lat="47.2346000" lon="4.6344500"></trkpt>
      <trkpt lat="47.2344800" lon="4.6338800"></trkpt>
      <trkpt lat="47.2348600" lon="4.6319200"></trkpt>
      <trkpt lat="47.2343600" lon="4.6297900"></trkpt>
      <trkpt lat="47.2339000" lon="4.6288900"></trkpt>
      <trkpt lat="47.2322000" lon="4.6269400"></trkpt>
      <trkpt lat="47.2278000" lon="4.6235200"></trkpt>
      <trkpt lat="47.2261000" lon="4.6226800"></trkpt>
      <trkpt lat="47.2256300" lon="4.6222700"></trkpt>
      <trkpt lat="47.2222400" lon="4.6165100"></trkpt>
      <trkpt lat="47.2206500" lon="4.6157800"></trkpt>
      <trkpt lat="47.2194100" lon="4.6157500"></trkpt>
      <trkpt lat="47.2187400" lon="4.6154400"></trkpt>
      <trkpt lat="47.2178900" lon="4.6137100"></trkpt>
      <trkpt lat="47.2175500" lon="4.6127000"></trkpt>
      <trkpt lat="47.2140500" lon="4.5943800"></trkpt>
      <trkpt lat="47.2119900" lon="4.5835000"></trkpt>
      <trkpt lat="47.2111500" lon="4.5768900"></trkpt>
      <trkpt lat="47.2110800" lon="4.5734000"></trkpt>
      <trkpt lat="47.2110900" lon="4.5702300"></trkpt>
      <trkpt lat="47.2098300" lon="4.5695200"></trkpt>
      <trkpt lat="47.2091900" lon="4.5669900"></trkpt>
      <trkpt lat="47.2078600" lon="4.5651100"></trkpt>
      <trkpt lat="47.2077000" lon="4.5642300"></trkpt>
      <trkpt lat="47.2065400" lon="4.5627100"></trkpt>
      <trkpt lat="47.2069000" lon="4.5619800"></trkpt>
      <trkpt lat="47.2072700" lon="4.5587900"></trkpt>
      <trkpt lat="47.2066300" lon="4.5577700"></trkpt>
      <trkpt lat="47.2043600" lon="4.5512300"></trkpt>
      <trkpt lat="47.2037700" lon="4.5499800"></trkpt>
      <trkpt lat="47.2029100" lon="4.5475700"></trkpt>
      <trkpt lat="47.2017200" lon="4.5462100"></trkpt>
      <trkpt lat="47.1983900" lon="4.5421000"></trkpt>
      <trkpt lat="47.1971300" lon="4.5401200"></trkpt>
      <trkpt lat="47.1945000" lon="4.5372200"></trkpt>
      <trkpt lat="47.1918900" lon="4.5341800"></trkpt>
      <trkpt lat="47.1883100" lon="4.5312500"></trkpt>
      <trkpt lat="47.1800500" lon="4.5236100"></trkpt>
      <trkpt lat="47.1792800" lon="4.5228000"></trkpt>
      <trkpt lat="47.1769800" lon="4.5189700"></trkpt>
      <trkpt lat="47.1763700" lon="4.5183600"></trkpt>
      <trkpt lat="47.1755600" lon="4.5179900"></trkpt>
      <trkpt lat="47.1738100" lon="4.5176800"></trkpt>
      <trkpt lat="47.1732400" lon="4.5173600"></trkpt>
      <trkpt lat="47.1708100" lon="4.5151300"></trkpt>
      <trkpt lat="47.1656400" lon="4.5102300"></trkpt>
      <trkpt lat="47.1641500" lon="4.5084800"></trkpt>
      <trkpt lat="47.1599500" lon="4.5018500"></trkpt>
      <trkpt lat="47.1564000" lon="4.4961300"></trkpt>
      <trkpt lat="47.1537700" lon="4.4914600"></trkpt>
      <trkpt lat="47.1528300" lon="4.4907600"></trkpt>
      <trkpt lat="47.1438500" lon="4.4880800"></trkpt>
      <trkpt lat="47.1369900" lon="4.4851800"></trkpt>
      <trkpt lat="47.1362700" lon="4.4849700"></trkpt>
      <trkpt lat="47.1359500" lon="4.4853500"></trkpt>
      <trkpt lat="47.1350900" lon="4.4851800"></trkpt>
      <trkpt lat="47.1349800" lon="4.4842800"></trkpt>
      <trkpt lat="47.1345900" lon="4.4841900"></trkpt>
      <trkpt lat="47.1342000" lon="4.4834000"></trkpt>
      <trkpt lat="47.1326200" lon="4.4824100"></trkpt>
      <trkpt lat="47.1319500" lon="4.4805800"></trkpt>
      <trkpt lat="47.1312700" lon="4.4801400"></trkpt>
      <trkpt lat="47.1314200" lon="4.4790600"></trkpt>
      <trkpt lat="47.1283900" lon="4.4765500"></trkpt>
      <trkpt lat="47.1276000" lon="4.4752200"></trkpt>
      <trkpt lat="47.1269300" lon="4.4746200"></trkpt>
      <trkpt lat="47.1256400" lon="4.4730500"></trkpt>
      <trkpt lat="47.1245400" lon="4.4714500"></trkpt>
      <trkpt lat="47.1231100" lon="4.4676700"></trkpt>
      <trkpt lat="47.1224000" lon="4.4662200"></trkpt>
      <trkpt lat="47.1203100" lon="4.4624400"></trkpt>
      <trkpt lat="47.1197400" lon="4.4617900"></trkpt>
      <trkpt lat="47.1188000" lon="4.4612500"></trkpt>
      <trkpt lat="47.1179500" lon="4.4602200"></trkpt>
      <trkpt lat="47.1162400" lon="4.4572900"></trkpt>
      <trkpt lat="47.1155900" lon="4.4546700"></trkpt>
      <trkpt lat="47.1153300" lon="4.4531200"></trkpt>
      <trkpt lat="47.1152400" lon="4.4514600"></trkpt>
      <trkpt lat="47.1145100" lon="4.4489200"></trkpt>
      <trkpt lat="47.1146700" lon="4.4461800"></trkpt>
      <trkpt lat="47.1151800" lon="4.4353100"></trkpt>
      <trkpt lat="47.1152100" lon="4.4332900"></trkpt>
      <trkpt lat="47.1147600" lon="4.4302900"></trkpt>
      <trkpt lat="47.1138700" lon="4.4278700"></trkpt>
      <trkpt lat="47.1116900" lon="4.4240600"></trkpt>
      <trkpt lat="47.1104100" lon="4.4205800"></trkpt>
      <trkpt lat="47.1098900" lon="4.4188900"></trkpt>
      <trkpt lat="47.1090800" lon="4.4167500"></trkpt>
      <trkpt lat="47.1073400" lon="4.4112000"></trkpt>
      <trkpt lat="47.1065700" lon="4.4091200"></trkpt>
      <trkpt lat="47.1058100" lon="4.4066900"></trkpt>
      <trkpt lat="47.1056000" lon="4.4055000"></trkpt>
      <trkpt lat="47.1055400" lon="4.4017600"></trkpt>
      <trkpt lat="47.1050600" lon="4.3936900"></trkpt>
      <trkpt lat="47.1048000" lon="4.3923100"></trkpt>
      <trkpt lat="47.1042200" lon="4.3910000"></trkpt>
      <trkpt lat="47.1035400" lon="4.3901400"></trkpt>
      <trkpt lat="47.1020400" lon="4.3891100"></trkpt>
      <trkpt lat="47.1000300" lon="4.3882800"></trkpt>
      <trkpt lat="47.0984800" lon="4.3867200"></trkpt>
      <trkpt lat="47.0965400" lon="4.3853100"></trkpt>
      <trkpt lat="47.0960500" lon="4.3844800"></trkpt>
      <trkpt lat="47.0952800" lon="4.3824800"></trkpt>
      <trkpt lat="47.0937000" lon="4.3787400"></trkpt>
      <trkpt lat="47.0929200" lon="4.3760800"></trkpt>
      <trkpt lat="47.0922100" lon="4.3740700"></trkpt>
      <trkpt lat="47.0909200" lon="4.3711600"></trkpt>
      <trkpt lat="47.0896600" lon="4.3696400"></trkpt>
      <trkpt lat="47.0843700" lon="4.3656900"></trkpt>
      <trkpt lat="47.0831600" lon="4.3652100"></trkpt>
      <trkpt lat="47.0818700" lon="4.3651000"></trkpt>
      <trkpt lat="47.0804100" lon="4.3646300"></trkpt>
      <trkpt lat="47.0745600" lon="4.3612900"></trkpt>
      <trkpt lat="47.0660500" lon="4.3562400"></trkpt>
      <trkpt lat="47.0638900" lon="4.3550000"></trkpt>
      <trkpt lat="47.0589300" lon="4.3519400"></trkpt>
      <trkpt lat="47.0522300" lon="4.3479100"></trkpt>
      <trkpt lat="47.0386200" lon="4.3398300"></trkpt>
      <trkpt lat="47.0347800" lon="4.3367200"></trkpt>
      <trkpt lat="47.0303100" lon="4.3331700"></trkpt>
      <trkpt lat="47.0294800" lon="4.3325700"></trkpt>
      <trkpt lat="47.0272300" lon="4.3316000"></trkpt>
      <trkpt lat="47.0262800" lon="4.3307300"></trkpt>
      <trkpt lat="47.0242500" lon="4.3285600"></trkpt>
      <trkpt lat="47.0234200" lon="4.3278700"></trkpt>
      <trkpt lat="47.0178300" lon="4.3250800"></trkpt>
      <trkpt lat="47.0147700" lon="4.3243600"></trkpt>
      <trkpt lat="47.0138800" lon="4.3237400"></trkpt>
      <trkpt lat="47.0117400" lon="4.3217900"></trkpt>
      <trkpt lat="47.0101400" lon="4.3210200"></trkpt>
      <trkpt lat="47.0087800" lon="4.3209300"></trkpt>
      <trkpt lat="47.0065300" lon="4.3210800"></trkpt>
      <trkpt lat="47.0058100" lon="4.3213300"></trkpt>
      <trkpt lat="47.0045100" lon="4.3214200"></trkpt>
      <trkpt lat="47.0038900" lon="4.3212500"></trkpt>
      <trkpt lat="47.0002200" lon="4.3197800"></trkpt>
      <trkpt lat="46.9925800" lon="4.3160800"></trkpt>
      <trkpt lat="46.9789900" lon="4.3096500"></trkpt>
      <trkpt lat="46.9766500" lon="4.3084300"></trkpt>
      <trkpt lat="46.9750300" lon="4.3070000"></trkpt>
      <trkpt lat="46.9742500" lon="4.3067300"></trkpt>
      <trkpt lat="46.9727900" lon="4.3066400"></trkpt>
      <trkpt lat="46.9686600" lon="4.3052700"></trkpt>
      <trkpt lat="46.9676000" lon="4.3050300"></trkpt>
      <trkpt lat="46.9670500" lon="4.3052200"></trkpt>
      <trkpt lat="46.9655000" lon="4.3042000"></trkpt>
      <trkpt lat="46.9661400" lon="4.3027200"></trkpt>
      <trkpt lat="46.9659900" lon="4.2982500"></trkpt>
      <trkpt lat="46.9662300" lon="4.2957900"></trkpt>
      <trkpt lat="46.9662100" lon="4.2941100"></trkpt>
      <trkpt lat="46.9648000" lon="4.2940900"></trkpt>
      <trkpt lat="46.9612700" lon="4.2944800"></trkpt>
      <trkpt lat="46.9610800" lon="4.2936700"></trkpt>
      <trkpt lat="46.9611100" lon="4.2921900"></trkpt>
      <trkpt lat="46.9615300" lon="4.2902400"></trkpt>
      <trkpt lat="46.9614700" lon="4.2876000"></trkpt>
      <trkpt lat="46.9616400" lon="4.2874700"></trkpt>
      <trkpt lat="46.9618400" lon="4.2856600"></trkpt>
      <trkpt lat="46.9619100" lon="4.2813400"></trkpt>
      <trkpt lat="46.9617700" lon="4.2763000"></trkpt>
      <trkpt lat="46.9615800" lon="4.2746800"></trkpt>
      <trkpt lat="46.9612800" lon="4.2735700"></trkpt>
      <trkpt lat="46.9599700" lon="4.2712100"></trkpt>
      <trkpt lat="46.9586100" lon="4.2710800"></trkpt>
      <trkpt lat="46.9591600" lon="4.2662700"></trkpt>
      <trkpt lat="46.9591500" lon="4.2644400"></trkpt>
      <trkpt lat="46.9589600" lon="4.2632800"></trkpt>
      <trkpt lat="46.9580900" lon="4.2607600"></trkpt>
      <trkpt lat="46.9570500" lon="4.2583600"></trkpt>
      <trkpt lat="46.9558400" lon="4.2558800"></trkpt>
      <trkpt lat="46.9545500" lon="4.2523200"></trkpt>
      <trkpt lat="46.9538300" lon="4.2496100"></trkpt>
      <trkpt lat="46.9522300" lon="4.2452500"></trkpt>
      <trkpt lat="46.9513100" lon="4.2429800"></trkpt>
      <trkpt lat="46.9505100" lon="4.2416400"></trkpt>
      <trkpt lat="46.9498300" lon="4.2408900"></trkpt>
      <trkpt lat="46.9483300" lon="4.2396700"></trkpt>
      <trkpt lat="46.9458800" lon="4.2381300"></trkpt>
      <trkpt lat="46.9449600" lon="4.2369200"></trkpt>
      <trkpt lat="46.9435100" lon="4.2336100"></trkpt>
      <trkpt lat="46.9422600" lon="4.2302900"></trkpt>
      <trkpt lat="46.9416100" lon="4.2282300"></trkpt>
      <trkpt lat="46.9412900" lon="4.2267200"></trkpt>
      <trkpt lat="46.9407100" lon="4.2251800"></trkpt>
      <trkpt lat="46.9395700" lon="4.2228300"></trkpt>
      <trkpt lat="46.9375600" lon="4.2174400"></trkpt>
      <trkpt lat="46.9362500" lon="4.2135600"></trkpt>
      <trkpt lat="46.9355500" lon="4.2127800"></trkpt>
      <trkpt lat="46.9342600" lon="4.2120900"></trkpt>
      <trkpt lat="46.9331400" lon="4.2108000"></trkpt>
      <trkpt lat="46.9322700" lon="4.2081500"></trkpt>
      <trkpt lat="46.9316300" lon="4.2073300"></trkpt>
      <trkpt lat="46.9300400" lon="4.2060300"></trkpt>
      <trkpt lat="46.9289000" lon="4.2041700"></trkpt>
      <trkpt lat="46.9267500" lon="4.2010500"></trkpt>
      <trkpt lat="46.9247100" lon="4.1968000"></trkpt>
      <trkpt lat="46.9221300" lon="4.1930500"></trkpt>
      <trkpt lat="46.9204100" lon="4.1908800"></trkpt>
      <trkpt lat="46.9194000" lon="4.1890600"></trkpt>
      <trkpt lat="46.9183500" lon="4.1857200"></trkpt>
      <trkpt lat="46.9182200" lon="4.1848200"></trkpt>
      <trkpt lat="46.9182700" lon="4.1831200"></trkpt>
      <trkpt lat="46.9181600" lon="4.1815600"></trkpt>
      <trkpt lat="46.9177700" lon="4.1800700"></trkpt>
      <trkpt lat="46.9169300" lon="4.1785400"></trkpt>
      <trkpt lat="46.9153400" lon="4.1766800"></trkpt>
      <trkpt lat="46.9124900" lon="4.1718600"></trkpt>
      <trkpt lat="46.9117600" lon="4.1704700"></trkpt>
      <trkpt lat="46.9089900" lon="4.1647400"></trkpt>
      <trkpt lat="46.9078700" lon="4.1633900"></trkpt>
      <trkpt lat="46.9068500" lon="4.1630600"></trkpt>
      <trkpt lat="46.9050100" lon="4.1630200"></trkpt>
      <trkpt lat="46.9034500" lon="4.1627800"></trkpt>
      <trkpt lat="46.8997500" lon="4.1616300"></trkpt>
      <trkpt lat="46.8990200" lon="4.1610700"></trkpt>
      <trkpt lat="46.8985400" lon="4.1602600"></trkpt>
      <trkpt lat="46.8975900" lon="4.1572400"></trkpt>
      <trkpt lat="46.8968800" lon="4.1563200"></trkpt>
      <trkpt lat="46.8951200" lon="4.1549600"></trkpt>
      <trkpt lat="46.8943500" lon="4.1541500"></trkpt>
      <trkpt lat="46.8918500" lon="4.1506000"></trkpt>
      <trkpt lat="46.8908800" lon="4.1497700"></trkpt>
      <trkpt lat="46.8899000" lon="4.1495200"></trkpt>
      <trkpt lat="46.8861300" lon="4.1499400"></trkpt>
      <trkpt lat="46.8851600" lon="4.1497500"></trkpt>
      <trkpt lat="46.8841900" lon="4.1492100"></trkpt>
      <trkpt lat="46.8828900" lon="4.1478300"></trkpt>
      <trkpt lat="46.8810400" lon="4.1447000"></trkpt>
      <trkpt lat="46.8800100" lon="4.1419100"></trkpt>
      <trkpt lat="46.8793300" lon="4.1406500"></trkpt>
      <trkpt lat="46.8777700" lon="4.1385900"></trkpt>
      <trkpt lat="46.8762800" lon="4.1356600"></trkpt>
      <trkpt lat="46.8757100" lon="4.1349300"></trkpt>
      <trkpt lat="46.8740500" lon="4.1333900"></trkpt>
      <trkpt lat="46.8723100" lon="4.1312000"></trkpt>
      <trkpt lat="46.8709000" lon="4.1286400"></trkpt>
      <trkpt lat="46.8683500" lon="4.1252000"></trkpt>
      <trkpt lat="46.8675900" lon="4.1239800"></trkpt>
      <trkpt lat="46.8667800" lon="4.1219800"></trkpt>
      <trkpt lat="46.8659200" lon="4.1202900"></trkpt>
      <trkpt lat="46.8655200" lon="4.1191000"></trkpt>
      <trkpt lat="46.8638700" lon="4.1134200"></trkpt>
      <trkpt lat="46.8632700" lon="4.1118000"></trkpt>
      <trkpt lat="46.8629400" lon="4.1102100"></trkpt>
      <trkpt lat="46.8628700" lon="4.1080900"></trkpt>
      <trkpt lat="46.8623100" lon="4.1063200"></trkpt>
      <trkpt lat="46.8597400" lon="4.1022400"></trkpt>
      <trkpt lat="46.8591500" lon="4.1005400"></trkpt>
      <trkpt lat="46.8582800" lon="4.0934500"></trkpt>
      <trkpt lat="46.8581200" lon="4.0926700"></trkpt>
      <trkpt lat="46.8561500" lon="4.0875700"></trkpt>
      <trkpt lat="46.8557900" lon="4.0868100"></trkpt>
      <trkpt lat="46.8495700" lon="4.0757700"></trkpt>
      <trkpt lat="46.8493100" lon="4.0751700"></trkpt>
      <trkpt lat="46.8463800" lon="4.0659700"></trkpt>
      <trkpt lat="46.8439000" lon="4.0578300"></trkpt>
      <trkpt lat="46.8434000" lon="4.0567100"></trkpt>
      <trkpt lat="46.8423300" lon="4.0551700"></trkpt>
      <trkpt lat="46.8412900" lon="4.0531700"></trkpt>
      <trkpt lat="46.8379100" lon="4.0484000"></trkpt>
      <trkpt lat="46.8375000" lon="4.0473500"></trkpt>
      <trkpt lat="46.8363500" lon="4.0414400"></trkpt>
      <trkpt lat="46.8361400" lon="4.0400000"></trkpt>
      <trkpt lat="46.8355100" lon="4.0342000"></trkpt>
      <trkpt lat="46.8351400" lon="4.0329900"></trkpt>
      <trkpt lat="46.8341100" lon="4.0317800"></trkpt>
      <trkpt lat="46.8343000" lon="4.0304300"></trkpt>
      <trkpt lat="46.8354800" lon="4.0288100"></trkpt>
      <trkpt lat="46.8368400" lon="4.0284700"></trkpt>
      <trkpt lat="46.8371300" lon="4.0280800"></trkpt>
      <trkpt lat="46.8376500" lon="4.0263900"></trkpt>
      <trkpt lat="46.8365800" lon="4.0252000"></trkpt>
      <trkpt lat="46.8361900" lon="4.0237900"></trkpt>
      <trkpt lat="46.8346300" lon="4.0199600"></trkpt>
      <trkpt lat="46.8346900" lon="4.0176000"></trkpt>
      <trkpt lat="46.8345900" lon="4.0157700"></trkpt>
      <trkpt lat="46.8342700" lon="4.0136400"></trkpt>
      <trkpt lat="46.8338600" lon="4.0100500"></trkpt>
      <trkpt lat="46.8332100" lon="4.0069400"></trkpt>
      <trkpt lat="46.8325400" lon="4.0047100"></trkpt>
      <trkpt lat="46.8312600" lon="4.0023500"></trkpt>
      <trkpt lat="46.8296100" lon="3.9977700"></trkpt>
      <trkpt lat="46.8293600" lon="3.9966500"></trkpt>
      <trkpt lat="46.8288400" lon="3.9953800"></trkpt>
      <trkpt lat="46.8286000" lon="3.9912600"></trkpt>
      <trkpt lat="46.8287400" lon="3.9901100"></trkpt>
      <trkpt lat="46.8286200" lon="3.9885600"></trkpt>
      <trkpt lat="46.8287300" lon="3.9876600"></trkpt>
      <trkpt lat="46.8285700" lon="3.9816400"></trkpt>
      <trkpt lat="46.8284300" lon="3.9811000"></trkpt>
      <trkpt lat="46.8280800" lon="3.9771500"></trkpt>
      <trkpt lat="46.8280900" lon="3.9738200"></trkpt>
      <trkpt lat="46.8278900" lon="3.9716700"></trkpt>
      <trkpt lat="46.8276600" lon="3.9711000"></trkpt>
      <trkpt lat="46.8265100" lon="3.9698000"></trkpt>
      <trkpt lat="46.8242600" lon="3.9661600"></trkpt>
      <trkpt lat="46.8241400" lon="3.9648500"></trkpt>
      <trkpt lat="46.8243800" lon="3.9631900"></trkpt>
      <trkpt lat="46.8235300" lon="3.9613600"></trkpt>
      <trkpt lat="46.8238000" lon="3.9598000"></trkpt>
      <trkpt lat="46.8237300" lon="3.9590400"></trkpt>
      <trkpt lat="46.8228200" lon="3.9581900"></trkpt>
      <trkpt lat="46.8227800" lon="3.9573700"></trkpt>
      <trkpt lat="46.8230400" lon="3.9561300"></trkpt>
      <trkpt lat="46.8228300" lon="3.9548800"></trkpt>
      <trkpt lat="46.8230300" lon="3.9525800"></trkpt>
      <trkpt lat="46.8220700" lon="3.9486400"></trkpt>
      <trkpt lat="46.8216300" lon="3.9476800"></trkpt>
      <trkpt lat="46.8198200" lon="3.9446100"></trkpt>
      <trkpt lat="46.8190100" lon="3.9439300"></trkpt>
      <trkpt lat="46.8182700" lon="3.9425300"></trkpt>
      <trkpt lat="46.8171000" lon="3.9411500"></trkpt>
      <trkpt lat="46.8158800" lon="3.9412400"></trkpt>
      <trkpt lat="46.8152300" lon="3.9409900"></trkpt>
      <trkpt lat="46.8134000" lon="3.9396400"></trkpt>
      <trkpt lat="46.8131600" lon="3.9390800"></trkpt>
      <trkpt lat="46.8132100" lon="3.9375000"></trkpt>
      <trkpt lat="46.8128700" lon="3.9363600"></trkpt>
      <trkpt lat="46.8132500" lon="3.9349800"></trkpt>
      <trkpt lat="46.8126700" lon="3.9337000"></trkpt>
      <trkpt lat="46.8108200" lon="3.9327000"></trkpt>
      <trkpt lat="46.8105500" lon="3.9319400"></trkpt>
      <trkpt lat="46.8104500" lon="3.9301800"></trkpt>
      <trkpt lat="46.8099300" lon="3.9293300"></trkpt>
      <trkpt lat="46.8081700" lon="3.9294800"></trkpt>
      <trkpt lat="46.8065500" lon="3.9301300"></trkpt>
      <trkpt lat="46.8061800" lon="3.9298300"></trkpt>
      <trkpt lat="46.8057500" lon="3.9279600"></trkpt>
      <trkpt lat="46.8050700" lon="3.9256000"></trkpt>
      <trkpt lat="46.8048000" lon="3.9250600"></trkpt>
      <trkpt lat="46.8037000" lon="3.9238000"></trkpt>
      <trkpt lat="46.8038500" lon="3.9218600"></trkpt>
      <trkpt lat="46.8035000" lon="3.9208500"></trkpt>
      <trkpt lat="46.8033700" lon="3.9182700"></trkpt>
      <trkpt lat="46.8035800" lon="3.9149900"></trkpt>
      <trkpt lat="46.8038600" lon="3.9118800"></trkpt>
      <trkpt lat="46.8046100" lon="3.9089300"></trkpt>
      <trkpt lat="46.8045900" lon="3.9082100"></trkpt>
      <trkpt lat="46.8040500" lon="3.9067800"></trkpt>
      <trkpt lat="46.8018900" lon="3.9053700"></trkpt>
      <trkpt lat="46.8020400" lon="3.9045700"></trkpt>
      <trkpt lat="46.8018900" lon="3.9025200"></trkpt>
      <trkpt lat="46.8022500" lon="3.9015600"></trkpt>
      <trkpt lat="46.8045100" lon="3.8989000"></trkpt>
      <trkpt lat="46.8052100" lon="3.8971200"></trkpt>
      <trkpt lat="46.8052300" lon="3.8943200"></trkpt>
      <trkpt lat="46.8045000" lon="3.8926300"></trkpt>
      <trkpt lat="46.8034900" lon="3.8908000"></trkpt>
      <trkpt lat="46.8027300" lon="3.8899000"></trkpt>
      <trkpt lat="46.8013000" lon="3.8887800"></trkpt>
      <trkpt lat="46.7998600" lon="3.8873200"></trkpt>
      <trkpt lat="46.7987600" lon="3.8855300"></trkpt>
      <trkpt lat="46.7973800" lon="3.8837200"></trkpt>
      <trkpt lat="46.7957300" lon="3.8817600"></trkpt>
      <trkpt lat="46.7938600" lon="3.8800200"></trkpt>
      <trkpt lat="46.7931500" lon="3.8789200"></trkpt>
      <trkpt lat="46.7930000" lon="3.8774300"></trkpt>
      <trkpt lat="46.7926700" lon="3.8766200"></trkpt>
      <trkpt lat="46.7908400" lon="3.8747400"></trkpt>
      <trkpt lat="46.7891300" lon="3.8720100"></trkpt>
      <trkpt lat="46.7877800" lon="3.8709000"></trkpt>
      <trkpt lat="46.7867300" lon="3.8683400"></trkpt>
      <trkpt lat="46.7859400" lon="3.8675000"></trkpt>
      <trkpt lat="46.7850900" lon="3.8651300"></trkpt>
      <trkpt lat="46.7845200" lon="3.8642200"></trkpt>
      <trkpt lat="46.7839800" lon="3.8626700"></trkpt>
      <trkpt lat="46.7825800" lon="3.8603100"></trkpt>
      <trkpt lat="46.7816800" lon="3.8571100"></trkpt>
      <trkpt lat="46.7808300" lon="3.8558800"></trkpt>
      <trkpt lat="46.7801500" lon="3.8533700"></trkpt>
      <trkpt lat="46.7801300" lon="3.8523200"></trkpt>
      <trkpt lat="46.7804600" lon="3.8508100"></trkpt>
      <trkpt lat="46.7793200" lon="3.8490300"></trkpt>
      <trkpt lat="46.7775300" lon="3.8433400"></trkpt>
      <trkpt lat="46.7771000" lon="3.8402800"></trkpt>
      <trkpt lat="46.7771700" lon="3.8384800"></trkpt>
      <trkpt lat="46.7763400" lon="3.8363900"></trkpt>
      <trkpt lat="46.7761800" lon="3.8353200"></trkpt>
      <trkpt lat="46.7745100" lon="3.8339100"></trkpt>
      <trkpt lat="46.7734000" lon="3.8333300"></trkpt>
      <trkpt lat="46.7720000" lon="3.8313400"></trkpt>
      <trkpt lat="46.7717300" lon="3.8305100"></trkpt>
      <trkpt lat="46.7710500" lon="3.8246700"></trkpt>
      <trkpt lat="46.7712300" lon="3.8227100"></trkpt>
      <trkpt lat="46.7711100" lon="3.8200300"></trkpt>
      <trkpt lat="46.7701100" lon="3.8162600"></trkpt>
      <trkpt lat="46.7688700" lon="3.8128500"></trkpt>
      <trkpt lat="46.7689900" lon="3.8095900"></trkpt>
      <trkpt lat="46.7688200" lon="3.8069200"></trkpt>
      <trkpt lat="46.7675700" lon="3.7992900"></trkpt>
      <trkpt lat="46.7667900" lon="3.7926400"></trkpt>
      <trkpt lat="46.7665800" lon="3.7913100"></trkpt>
      <trkpt lat="46.7650500" lon="3.7849900"></trkpt>
      <trkpt lat="46.7636500" lon="3.7812200"></trkpt>
      <trkpt lat="46.7637000" lon="3.7800800"></trkpt>
      <trkpt lat="46.7653200" lon="3.7778900"></trkpt>
      <trkpt lat="46.7678100" lon="3.7725000"></trkpt>
      <trkpt lat="46.7680000" lon="3.7714600"></trkpt>
      <trkpt lat="46.7678100" lon="3.7706900"></trkpt>
      <trkpt lat="46.7638700" lon="3.7567900"></trkpt>
      <trkpt lat="46.7639300" lon="3.7555800"></trkpt>
      <trkpt lat="46.7647700" lon="3.7541500"></trkpt>
      <trkpt lat="46.7646600" lon="3.7527200"></trkpt>
      <trkpt lat="46.7637700" lon="3.7509900"></trkpt>
      <trkpt lat="46.7629300" lon="3.7459200"></trkpt>
      <trkpt lat="46.7626500" lon="3.7450900"></trkpt>
      <trkpt lat="46.7551900" lon="3.7296400"></trkpt>
      <trkpt lat="46.7545000" lon="3.7271600"></trkpt>
      <trkpt lat="46.7544800" lon="3.7261200"></trkpt>
      <trkpt lat="46.7541700" lon="3.7249400"></trkpt>
      <trkpt lat="46.7525400" lon="3.7200100"></trkpt>
      <trkpt lat="46.7523200" lon="3.7188500"></trkpt>
      <trkpt lat="46.7522600" lon="3.7126700"></trkpt>
      <trkpt lat="46.7524300" lon="3.7116500"></trkpt>
      <trkpt lat="46.7529600" lon="3.7104900"></trkpt>
      <trkpt lat="46.7532000" lon="3.7092400"></trkpt>
      <trkpt lat="46.7535900" lon="3.7055400"></trkpt>
      <trkpt lat="46.7535600" lon="3.7046500"></trkpt>
      <trkpt lat="46.7529200" lon="3.6983400"></trkpt>
      <trkpt lat="46.7528100" lon="3.6976700"></trkpt>
      <trkpt lat="46.7495300" lon="3.6840400"></trkpt>
      <trkpt lat="46.7493300" lon="3.6824100"></trkpt>
      <trkpt lat="46.7494400" lon="3.6805300"></trkpt>
      <trkpt lat="46.7510900" lon="3.6708400"></trkpt>
      <trkpt lat="46.7510500" lon="3.6692900"></trkpt>
      <trkpt lat="46.7495200" lon="3.6630100"></trkpt>
      <trkpt lat="46.7486200" lon="3.6591100"></trkpt>
      <trkpt lat="46.7482700" lon="3.6583700"></trkpt>
      <trkpt lat="46.7464400" lon="3.6566000"></trkpt>
      <trkpt lat="46.7459800" lon="3.6557200"></trkpt>
      <trkpt lat="46.7454400" lon="3.6514700"></trkpt>
      <trkpt lat="46.7319400" lon="3.6412700"></trkpt>
      <trkpt lat="46.7315600" lon="3.6406700"></trkpt>
      <trkpt lat="46.7283500" lon="3.6296200"></trkpt>
      <trkpt lat="46.7272600" lon="3.6301600"></trkpt>
      <trkpt lat="46.7253400" lon="3.6305900"></trkpt>
      <trkpt lat="46.7241400" lon="3.6250500"></trkpt>
      <trkpt lat="46.7238200" lon="3.6242400"></trkpt>
      <trkpt lat="46.7206400" lon="3.6189300"></trkpt>
      <trkpt lat="46.7198400" lon="3.6191100"></trkpt>
      <trkpt lat="46.7181200" lon="3.6177200"></trkpt>
      <trkpt lat="46.7175000" lon="3.6166200"></trkpt>
      <trkpt lat="46.7159200" lon="3.6144600"></trkpt>
      <trkpt lat="46.7157100" lon="3.6135000"></trkpt>
      <trkpt lat="46.7149100" lon="3.6117900"></trkpt>
      <trkpt lat="46.7144500" lon="3.6112100"></trkpt>
      <trkpt lat="46.7138100" lon="3.6112200"></trkpt>
      <trkpt lat="46.7135400" lon="3.6101800"></trkpt>
      <trkpt lat="46.7124700" lon="3.6094200"></trkpt>
      <trkpt lat="46.7086500" lon="3.6053000"></trkpt>
      <trkpt lat="46.7087300" lon="3.6043700"></trkpt>
      <trkpt lat="46.7080400" lon="3.6028900"></trkpt>
      <trkpt lat="46.7067500" lon="3.6034800"></trkpt>
      <trkpt lat="46.7061200" lon="3.6032400"></trkpt>
      <trkpt lat="46.7050700" lon="3.6035800"></trkpt>
      <trkpt lat="46.7045600" lon="3.5989200"></trkpt>
      <trkpt lat="46.7040800" lon="3.5965900"></trkpt>
      <trkpt lat="46.7045300" lon="3.5941100"></trkpt>
      <trkpt lat="46.7049800" lon="3.5929500"></trkpt>
      <trkpt lat="46.7046800" lon="3.5921700"></trkpt>
      <trkpt lat="46.7049200" lon="3.5918500"></trkpt>
      <trkpt lat="46.7057100" lon="3.5893500"></trkpt>
      <trkpt lat="46.7059900" lon="3.5872600"></trkpt>
      <trkpt lat="46.7062500" lon="3.5864100"></trkpt>
      <trkpt lat="46.7056600" lon="3.5850400"></trkpt>
      <trkpt lat="46.7057900" lon="3.5847700"></trkpt>
      <trkpt lat="46.6983600" lon="3.5743500"></trkpt>
      <trkpt lat="46.6935300" lon="3.5677100"></trkpt>
      <trkpt lat="46.6847900" lon="3.5555900"></trkpt>
      <trkpt lat="46.6790800" lon="3.5481400"></trkpt>
      <trkpt lat="46.6764800" lon="3.5446900"></trkpt>
      <trkpt lat="46.6758600" lon="3.5437100"></trkpt>
      <trkpt lat="46.6729600" lon="3.5385200"></trkpt>
      <trkpt lat="46.6726700" lon="3.5378200"></trkpt>
      <trkpt lat="46.6715000" lon="3.5322300"></trkpt>
      <trkpt lat="46.6711900" lon="3.5310200"></trkpt>
      <trkpt lat="46.6654300" lon="3.5191700"></trkpt>
      <trkpt lat="46.6649700" lon="3.5183200"></trkpt>
      <trkpt lat="46.6629500" lon="3.5152800"></trkpt>
      <trkpt lat="46.6623300" lon="3.5147000"></trkpt>
      <trkpt lat="46.6556900" lon="3.5103600"></trkpt>
      <trkpt lat="46.6553800" lon="3.5101000"></trkpt>
      <trkpt lat="46.6516500" lon="3.5042400"></trkpt>
      <trkpt lat="46.6513900" lon="3.5037500"></trkpt>
      <trkpt lat="46.6489500" lon="3.4980000"></trkpt>
      <trkpt lat="46.6487900" lon="3.4973800"></trkpt>
      <trkpt lat="46.6468100" lon="3.4874500"></trkpt>
      <trkpt lat="46.6461100" lon="3.4854700"></trkpt>
      <trkpt lat="46.6419500" lon="3.4793800"></trkpt>
      <trkpt lat="46.6349000" lon="3.4693000"></trkpt>
      <trkpt lat="46.6316400" lon="3.4644800"></trkpt>
      <trkpt lat="46.6264900" lon="3.4569500"></trkpt>
      <trkpt lat="46.6205400" lon="3.4483300"></trkpt>
      <trkpt lat="46.6198600" lon="3.4475500"></trkpt>
      <trkpt lat="46.6165100" lon="3.4444000"></trkpt>
      <trkpt lat="46.6064700" lon="3.4361200"></trkpt>
      <trkpt lat="46.6052600" lon="3.4346600"></trkpt>
      <trkpt lat="46.6044100" lon="3.4332000"></trkpt>
      <trkpt lat="46.5969900" lon="3.4136900"></trkpt>
      <trkpt lat="46.5934300" lon="3.4041600"></trkpt>
      <trkpt lat="46.5928900" lon="3.4031700"></trkpt>
      <trkpt lat="46.5869600" lon="3.3960800"></trkpt>
      <trkpt lat="46.5809200" lon="3.3889200"></trkpt>
      <trkpt lat="46.5802600" lon="3.3877900"></trkpt>
      <trkpt lat="46.5800000" lon="3.3862700"></trkpt>
      <trkpt lat="46.5785300" lon="3.3794500"></trkpt>
      <trkpt lat="46.5779400" lon="3.3769900"></trkpt>
      <trkpt lat="46.5772800" lon="3.3751300"></trkpt>
      <trkpt lat="46.5752900" lon="3.3688500"></trkpt>
      <trkpt lat="46.5734500" lon="3.3613700"></trkpt>
      <trkpt lat="46.5730600" lon="3.3576600"></trkpt>
      <trkpt lat="46.5729200" lon="3.3553300"></trkpt>
      <trkpt lat="46.5718500" lon="3.3513600"></trkpt>
      <trkpt lat="46.5710800" lon="3.3501300"></trkpt>
      <trkpt lat="46.5692900" lon="3.3455700"></trkpt>
      <trkpt lat="46.5680600" lon="3.3406800"></trkpt>
      <trkpt lat="46.5675900" lon="3.3393600"></trkpt>
      <trkpt lat="46.5668300" lon="3.3365500"></trkpt>
      <trkpt lat="46.5658300" lon="3.3341500"></trkpt>
      <trkpt lat="46.5652200" lon="3.3329900"></trkpt>
      <trkpt lat="46.5648400" lon="3.3312600"></trkpt>
      <trkpt lat="46.5646000" lon="3.3284900"></trkpt>
      <trkpt lat="46.5636100" lon="3.3282600"></trkpt>
      <trkpt lat="46.5583700" lon="3.3132200"></trkpt>
      <trkpt lat="46.5580900" lon="3.3119500"></trkpt>
      <trkpt lat="46.5567500" lon="3.2976600"></trkpt>
      <trkpt lat="46.5566500" lon="3.2975400"></trkpt>
      <trkpt lat="46.5554100" lon="3.2842800"></trkpt>
      <trkpt lat="46.5533400" lon="3.2625000"></trkpt>
      <trkpt lat="46.5527900" lon="3.2569400"></trkpt>
      <trkpt lat="46.5531700" lon="3.2552100"></trkpt>
      <trkpt lat="46.5530600" lon="3.2534200"></trkpt>
      <trkpt lat="46.5527100" lon="3.2522300"></trkpt>
      <trkpt lat="46.5516300" lon="3.2502500"></trkpt>
      <trkpt lat="46.5503300" lon="3.2487900"></trkpt>
      <trkpt lat="46.5501500" lon="3.2472300"></trkpt>
      <trkpt lat="46.5498100" lon="3.2458300"></trkpt>
      <trkpt lat="46.5487400" lon="3.2392700"></trkpt>
      <trkpt lat="46.5476600" lon="3.2365500"></trkpt>
      <trkpt lat="46.5474600" lon="3.2357400"></trkpt>
      <trkpt lat="46.5466000" lon="3.2300100"></trkpt>
      <trkpt lat="46.5461300" lon="3.2283700"></trkpt>
      <trkpt lat="46.5437900" lon="3.2221600"></trkpt>
      <trkpt lat="46.5427700" lon="3.2207600"></trkpt>
      <trkpt lat="46.5416000" lon="3.2202000"></trkpt>
      <trkpt lat="46.5407200" lon="3.2194400"></trkpt>
      <trkpt lat="46.5401000" lon="3.2181600"></trkpt>
      <trkpt lat="46.5361400" lon="3.2028200"></trkpt>
      <trkpt lat="46.5335400" lon="3.1928800"></trkpt>
      <trkpt lat="46.5326500" lon="3.1896500"></trkpt>
      <trkpt lat="46.5326500" lon="3.1871700"></trkpt>
      <trkpt lat="46.5325200" lon="3.1857500"></trkpt>
      <trkpt lat="46.5326200" lon="3.1843400"></trkpt>
      <trkpt lat="46.5324300" lon="3.1832500"></trkpt>
      <trkpt lat="46.5299600" lon="3.1794600"></trkpt>
      <trkpt lat="46.5289000" lon="3.1774200"></trkpt>
      <trkpt lat="46.5269400" lon="3.1723900"></trkpt>
      <trkpt lat="46.5267900" lon="3.1718100"></trkpt>
      <trkpt lat="46.5260800" lon="3.1646600"></trkpt>
      <trkpt lat="46.5257800" lon="3.1623700"></trkpt>
      <trkpt lat="46.5255000" lon="3.1582700"></trkpt>
      <trkpt lat="46.5245800" lon="3.1492600"></trkpt>
      <trkpt lat="46.5243400" lon="3.1483700"></trkpt>
      <trkpt lat="46.5233000" lon="3.1459400"></trkpt>
      <trkpt lat="46.5230100" lon="3.1449000"></trkpt>
      <trkpt lat="46.5215000" lon="3.1379600"></trkpt>
      <trkpt lat="46.5213600" lon="3.1365300"></trkpt>
      <trkpt lat="46.5215000" lon="3.1354100"></trkpt>
      <trkpt lat="46.5229500" lon="3.1261300"></trkpt>
      <trkpt lat="46.5236000" lon="3.1232600"></trkpt>
      <trkpt lat="46.5249400" lon="3.1200500"></trkpt>
      <trkpt lat="46.5251300" lon="3.1162200"></trkpt>
      <trkpt lat="46.5249200" lon="3.1107000"></trkpt>
      <trkpt lat="46.5238000" lon="3.1043400"></trkpt>
      <trkpt lat="46.5232100" lon="3.1034600"></trkpt>
      <trkpt lat="46.5206300" lon="3.1027700"></trkpt>
      <trkpt lat="46.5199600" lon="3.1023700"></trkpt>
      <trkpt lat="46.5192000" lon="3.1012600"></trkpt>
      <trkpt lat="46.5179500" lon="3.0973000"></trkpt>
      <trkpt lat="46.5176200" lon="3.0965200"></trkpt>
      <trkpt lat="46.5159300" lon="3.0939800"></trkpt>
      <trkpt lat="46.5143500" lon="3.0909100"></trkpt>
      <trkpt lat="46.5139500" lon="3.0903800"></trkpt>
      <trkpt lat="46.5113800" lon="3.0879900"></trkpt>
      <trkpt lat="46.5108900" lon="3.0857900"></trkpt>
      <trkpt lat="46.5100200" lon="3.0825100"></trkpt>
      <trkpt lat="46.5071400" lon="3.0728500"></trkpt>
      <trkpt lat="46.5057400" lon="3.0686200"></trkpt>
      <trkpt lat="46.5056000" lon="3.0674200"></trkpt>
      <trkpt lat="46.5057500" lon="3.0662300"></trkpt>
      <trkpt lat="46.5056400" lon="3.0647200"></trkpt>
      <trkpt lat="46.5043900" lon="3.0608300"></trkpt>
      <trkpt lat="46.5033500" lon="3.0556200"></trkpt>
      <trkpt lat="46.5026400" lon="3.0546200"></trkpt>
      <trkpt lat="46.5022100" lon="3.0520800"></trkpt>
      <trkpt lat="46.5017700" lon="3.0508600"></trkpt>
      <trkpt lat="46.5018300" lon="3.0503200"></trkpt>
      <trkpt lat="46.5045400" lon="3.0384400"></trkpt>
      <trkpt lat="46.5046800" lon="3.0364500"></trkpt>
      <trkpt lat="46.5039400" lon="3.0209100"></trkpt>
      <trkpt lat="46.5037000" lon="3.0194000"></trkpt>
      <trkpt lat="46.5028800" lon="3.0162200"></trkpt>
      <trkpt lat="46.5024800" lon="3.0154100"></trkpt>
      <trkpt lat="46.5008100" lon="3.0111800"></trkpt>
      <trkpt lat="46.4997600" lon="3.0083000"></trkpt>
      <trkpt lat="46.4968100" lon="2.9931000"></trkpt>
      <trkpt lat="46.4968000" lon="2.9917000"></trkpt>
      <trkpt lat="46.4973200" lon="2.9880800"></trkpt>
      <trkpt lat="46.5001100" lon="2.9801500"></trkpt>
      <trkpt lat="46.5005100" lon="2.9783200"></trkpt>
      <trkpt lat="46.5015200" lon="2.9721300"></trkpt>
      <trkpt lat="46.5015800" lon="2.9706300"></trkpt>
      <trkpt lat="46.5012300" lon="2.9660700"></trkpt>
      <trkpt lat="46.5010200" lon="2.9579200"></trkpt>
      <trkpt lat="46.5010800" lon="2.9561900"></trkpt>
      <trkpt lat="46.5017300" lon="2.9521900"></trkpt>
      <trkpt lat="46.5017700" lon="2.9513600"></trkpt>
      <trkpt lat="46.5019600" lon="2.9401800"></trkpt>
      <trkpt lat="46.5019300" lon="2.9386100"></trkpt>
      <trkpt lat="46.5014800" lon="2.9351300"></trkpt>
      <trkpt lat="46.5001200" lon="2.9278600"></trkpt>
      <trkpt lat="46.4997100" lon="2.9244600"></trkpt>
      <trkpt lat="46.4985900" lon="2.9223200"></trkpt>
      <trkpt lat="46.4977000" lon="2.9192300"></trkpt>
      <trkpt lat="46.4975600" lon="2.9184000"></trkpt>
      <trkpt lat="46.4976800" lon="2.9160200"></trkpt>
      <trkpt lat="46.4975100" lon="2.9149100"></trkpt>
      <trkpt lat="46.4928400" lon="2.9034900"></trkpt>
      <trkpt lat="46.4904500" lon="2.8975400"></trkpt>
      <trkpt lat="46.4898600" lon="2.8953600"></trkpt>
      <trkpt lat="46.4883800" lon="2.8890200"></trkpt>
      <trkpt lat="46.4873700" lon="2.8844500"></trkpt>
      <trkpt lat="46.4864400" lon="2.8787600"></trkpt>
      <trkpt lat="46.4857900" lon="2.8763500"></trkpt>
      <trkpt lat="46.4823300" lon="2.8667000"></trkpt>
      <trkpt lat="46.4812800" lon="2.8636400"></trkpt>
      <trkpt lat="46.4809800" lon="2.8617700"></trkpt>
      <trkpt lat="46.4807700" lon="2.8491200"></trkpt>
      <trkpt lat="46.4803300" lon="2.8463900"></trkpt>
      <trkpt lat="46.4790900" lon="2.8448300"></trkpt>
      <trkpt lat="46.4779500" lon="2.8385500"></trkpt>
      <trkpt lat="46.4771900" lon="2.8370700"></trkpt>
      <trkpt lat="46.4758600" lon="2.8357700"></trkpt>
      <trkpt lat="46.4752100" lon="2.8344200"></trkpt>
      <trkpt lat="46.4753000" lon="2.8330200"></trkpt>
      <trkpt lat="46.4744700" lon="2.8283600"></trkpt>
      <trkpt lat="46.4738100" lon="2.8270500"></trkpt>
      <trkpt lat="46.4724600" lon="2.8263000"></trkpt>
      <trkpt lat="46.4681000" lon="2.8247400"></trkpt>
      <trkpt lat="46.4617400" lon="2.8225400"></trkpt>
      <trkpt lat="46.4576000" lon="2.8206500"></trkpt>
      <trkpt lat="46.4555300" lon="2.8191200"></trkpt>
      <trkpt lat="46.4520300" lon="2.8176400"></trkpt>
      <trkpt lat="46.4477400" lon="2.8159400"></trkpt>
      <trkpt lat="46.4436300" lon="2.8150800"></trkpt>
      <trkpt lat="46.4417400" lon="2.8142400"></trkpt>
      <trkpt lat="46.4408400" lon="2.8134900"></trkpt>
      <trkpt lat="46.4399800" lon="2.8121300"></trkpt>
      <trkpt lat="46.4365800" lon="2.8063500"></trkpt>
      <trkpt lat="46.4362000" lon="2.8054800"></trkpt>
      <trkpt lat="46.4344300" lon="2.7988400"></trkpt>
      <trkpt lat="46.4340200" lon="2.7978500"></trkpt>
      <trkpt lat="46.4331300" lon="2.7964600"></trkpt>
      <trkpt lat="46.4303000" lon="2.7915000"></trkpt>
      <trkpt lat="46.4288600" lon="2.7895300"></trkpt>
      <trkpt lat="46.4235400" lon="2.7836600"></trkpt>
      <trkpt lat="46.4231300" lon="2.7830100"></trkpt>
      <trkpt lat="46.4213900" lon="2.7787700"></trkpt>
      <trkpt lat="46.4211900" lon="2.7780500"></trkpt>
      <trkpt lat="46.4205900" lon="2.7742400"></trkpt>
      <trkpt lat="46.4201800" lon="2.7727100"></trkpt>
      <trkpt lat="46.4176900" lon="2.7662100"></trkpt>
      <trkpt lat="46.4115400" lon="2.7522800"></trkpt>
      <trkpt lat="46.4098300" lon="2.7478500"></trkpt>
      <trkpt lat="46.4094200" lon="2.7463700"></trkpt>
      <trkpt lat="46.4086100" lon="2.7393900"></trkpt>
      <trkpt lat="46.4078500" lon="2.7362500"></trkpt>
      <trkpt lat="46.4073200" lon="2.7356200"></trkpt>
      <trkpt lat="46.4070100" lon="2.7347500"></trkpt>
      <trkpt lat="46.4048400" lon="2.7314700"></trkpt>
      <trkpt lat="46.4045800" lon="2.7307600"></trkpt>
      <trkpt lat="46.4040600" lon="2.7272600"></trkpt>
      <trkpt lat="46.4035200" lon="2.7257600"></trkpt>
      <trkpt lat="46.3998700" lon="2.7171000"></trkpt>
      <trkpt lat="46.3993700" lon="2.7157100"></trkpt>
      <trkpt lat="46.3989300" lon="2.7135200"></trkpt>
      <trkpt lat="46.3984300" lon="2.7121200"></trkpt>
      <trkpt lat="46.3969500" lon="2.7098200"></trkpt>
      <trkpt lat="46.3934500" lon="2.7046900"></trkpt>
      <trkpt lat="46.3928900" lon="2.7037700"></trkpt>
      <trkpt lat="46.3929300" lon="2.7028700"></trkpt>
      <trkpt lat="46.3922600" lon="2.7019800"></trkpt>
      <trkpt lat="46.3914900" lon="2.7031000"></trkpt>
      <trkpt lat="46.3911100" lon="2.7023800"></trkpt>
      <trkpt lat="46.3889900" lon="2.6992100"></trkpt>
      <trkpt lat="46.3882300" lon="2.6982900"></trkpt>
      <trkpt lat="46.3872900" lon="2.6982600"></trkpt>
      <trkpt lat="46.3867000" lon="2.6975400"></trkpt>
      <trkpt lat="46.3856200" lon="2.6976000"></trkpt>
      <trkpt lat="46.3850600" lon="2.6973400"></trkpt>
      <trkpt lat="46.3845400" lon="2.6965800"></trkpt>
      <trkpt lat="46.3821500" lon="2.6902600"></trkpt>
      <trkpt lat="46.3821500" lon="2.6889300"></trkpt>
      <trkpt lat="46.3803600" lon="2.6851400"></trkpt>
      <trkpt lat="46.3797000" lon="2.6841700"></trkpt>
      <trkpt lat="46.3793000" lon="2.6826500"></trkpt>
      <trkpt lat="46.3788900" lon="2.6817400"></trkpt>
      <trkpt lat="46.3779200" lon="2.6803200"></trkpt>
      <trkpt lat="46.3770800" lon="2.6795100"></trkpt>
      <trkpt lat="46.3763200" lon="2.6772800"></trkpt>
      <trkpt lat="46.3751800" lon="2.6735200"></trkpt>
      <trkpt lat="46.3740400" lon="2.6713900"></trkpt>
      <trkpt lat="46.3738800" lon="2.6700900"></trkpt>
      <trkpt lat="46.3738200" lon="2.6675900"></trkpt>
      <trkpt lat="46.3733600" lon="2.6653100"></trkpt>
      <trkpt lat="46.3723600" lon="2.6617000"></trkpt>
      <trkpt lat="46.3717000" lon="2.6605600"></trkpt>
      <trkpt lat="46.3716000" lon="2.6593900"></trkpt>
      <trkpt lat="46.3691600" lon="2.6543200"></trkpt>
      <trkpt lat="46.3683700" lon="2.6529900"></trkpt>
      <trkpt lat="46.3681000" lon="2.6519400"></trkpt>
      <trkpt lat="46.3673600" lon="2.6467700"></trkpt>
      <trkpt lat="46.3659700" lon="2.6423200"></trkpt>
      <trkpt lat="46.3658300" lon="2.6394900"></trkpt>
      <trkpt lat="46.3656100" lon="2.6383400"></trkpt>
      <trkpt lat="46.3657400" lon="2.6353100"></trkpt>
      <trkpt lat="46.3660300" lon="2.6344300"></trkpt>
      <trkpt lat="46.3661700" lon="2.6329800"></trkpt>
      <trkpt lat="46.3660600" lon="2.6321700"></trkpt>
      <trkpt lat="46.3665700" lon="2.6314400"></trkpt>
      <trkpt lat="46.3654900" lon="2.6309300"></trkpt>
      <trkpt lat="46.3665600" lon="2.6295800"></trkpt>
      <trkpt lat="46.3662100" lon="2.6288500"></trkpt>
      <trkpt lat="46.3649900" lon="2.6277200"></trkpt>
      <trkpt lat="46.3640700" lon="2.6265200"></trkpt>
      <trkpt lat="46.3645200" lon="2.6249900"></trkpt>
      <trkpt lat="46.3645900" lon="2.6222400"></trkpt>
      <trkpt lat="46.3644200" lon="2.6209900"></trkpt>
      <trkpt lat="46.3568500" lon="2.6160700"></trkpt>
      <trkpt lat="46.3525600" lon="2.6132100"></trkpt>
      <trkpt lat="46.3534800" lon="2.6104100"></trkpt>
      <trkpt lat="46.3534400" lon="2.6090900"></trkpt>
      <trkpt lat="46.3524600" lon="2.6092300"></trkpt>
      <trkpt lat="46.3505800" lon="2.6086700"></trkpt>
      <trkpt lat="46.3501300" lon="2.6087200"></trkpt>
      <trkpt lat="46.3490100" lon="2.6079600"></trkpt>
      <trkpt lat="46.3455200" lon="2.6033700"></trkpt>
      <trkpt lat="46.3437800" lon="2.5998000"></trkpt>
      <trkpt lat="46.3438100" lon="2.5973200"></trkpt>
      <trkpt lat="46.3435600" lon="2.5973000"></trkpt>
      <trkpt lat="46.3432000" lon="2.5927000"></trkpt>
      <trkpt lat="46.3423500" lon="2.5900500"></trkpt>
      <trkpt lat="46.3395200" lon="2.5815500"></trkpt>
      <trkpt lat="46.3384800" lon="2.5779200"></trkpt>
      <trkpt lat="46.3383000" lon="2.5750500"></trkpt>
      <trkpt lat="46.3380800" lon="2.5680900"></trkpt>
      <trkpt lat="46.3378300" lon="2.5624900"></trkpt>
      <trkpt lat="46.3374200" lon="2.5519800"></trkpt>
      <trkpt lat="46.3370100" lon="2.5488200"></trkpt>
      <trkpt lat="46.3365500" lon="2.5472400"></trkpt>
      <trkpt lat="46.3345400" lon="2.5422900"></trkpt>
      <trkpt lat="46.3347100" lon="2.5408700"></trkpt>
      <trkpt lat="46.3340300" lon="2.5406900"></trkpt>
      <trkpt lat="46.3328300" lon="2.5363400"></trkpt>
      <trkpt lat="46.3326600" lon="2.5348100"></trkpt>
      <trkpt lat="46.3323900" lon="2.5340500"></trkpt>
      <trkpt lat="46.3314400" lon="2.5327700"></trkpt>
      <trkpt lat="46.3313300" lon="2.5311600"></trkpt>
      <trkpt lat="46.3299200" lon="2.5259300"></trkpt>
      <trkpt lat="46.3266500" lon="2.5141100"></trkpt>
      <trkpt lat="46.3262200" lon="2.5111000"></trkpt>
      <trkpt lat="46.3256600" lon="2.5082800"></trkpt>
      <trkpt lat="46.3248500" lon="2.5053900"></trkpt>
      <trkpt lat="46.3216300" lon="2.4943800"></trkpt>
      <trkpt lat="46.3183400" lon="2.4832700"></trkpt>
      <trkpt lat="46.3144800" lon="2.4700400"></trkpt>
      <trkpt lat="46.3077300" lon="2.4466800"></trkpt>
      <trkpt lat="46.3055100" lon="2.4389100"></trkpt>
      <trkpt lat="46.3044600" lon="2.4357900"></trkpt>
      <trkpt lat="46.3029000" lon="2.4323200"></trkpt>
      <trkpt lat="46.3024000" lon="2.4308200"></trkpt>
      <trkpt lat="46.2988800" lon="2.4252200"></trkpt>
      <trkpt lat="46.2872800" lon="2.4065700"></trkpt>
      <trkpt lat="46.2861700" lon="2.4043700"></trkpt>
      <trkpt lat="46.2858700" lon="2.4031100"></trkpt>
      <trkpt lat="46.2861200" lon="2.4009000"></trkpt>
      <trkpt lat="46.2861200" lon="2.3998000"></trkpt>
      <trkpt lat="46.2855600" lon="2.3963200"></trkpt>
      <trkpt lat="46.2852000" lon="2.3953900"></trkpt>
      <trkpt lat="46.2832300" lon="2.3913100"></trkpt>
      <trkpt lat="46.2823300" lon="2.3884400"></trkpt>
      <trkpt lat="46.2822300" lon="2.3869800"></trkpt>
      <trkpt lat="46.2828800" lon="2.3830500"></trkpt>
      <trkpt lat="46.2824900" lon="2.3808400"></trkpt>
      <trkpt lat="46.2814200" lon="2.3786700"></trkpt>
      <trkpt lat="46.2810300" lon="2.3775500"></trkpt>
      <trkpt lat="46.2807700" lon="2.3756800"></trkpt>
      <trkpt lat="46.2806800" lon="2.3734700"></trkpt>
      <trkpt lat="46.2802100" lon="2.3718400"></trkpt>
      <trkpt lat="46.2758100" lon="2.3642600"></trkpt>
      <trkpt lat="46.2753700" lon="2.3634300"></trkpt>
      <trkpt lat="46.2741300" lon="2.3596800"></trkpt>
      <trkpt lat="46.2728800" lon="2.3581100"></trkpt>
      <trkpt lat="46.2709700" lon="2.3540900"></trkpt>
      <trkpt lat="46.2706000" lon="2.3517000"></trkpt>
      <trkpt lat="46.2694900" lon="2.3520300"></trkpt>
      <trkpt lat="46.2677600" lon="2.3522600"></trkpt>
      <trkpt lat="46.2665900" lon="2.3526100"></trkpt>
      <trkpt lat="46.2634600" lon="2.3542700"></trkpt>
      <trkpt lat="46.2625000" lon="2.3531300"></trkpt>
      <trkpt lat="46.2613100" lon="2.3524600"></trkpt>
      <trkpt lat="46.2583500" lon="2.3557000"></trkpt>
      <trkpt lat="46.2571100" lon="2.3564400"></trkpt>
      <trkpt lat="46.2544400" lon="2.3516600"></trkpt>
      <trkpt lat="46.2490200" lon="2.3418300"></trkpt>
      <trkpt lat="46.2431500" lon="2.3313300"></trkpt>
      <trkpt lat="46.2419300" lon="2.3292200"></trkpt>
      <trkpt lat="46.2342000" lon="2.3151500"></trkpt>
      <trkpt lat="46.2322200" lon="2.3115900"></trkpt>
      <trkpt lat="46.2238800" lon="2.2980800"></trkpt>
      <trkpt lat="46.2177900" lon="2.2881800"></trkpt>
      <trkpt lat="46.2161900" lon="2.2848900"></trkpt>
      <trkpt lat="46.2122000" lon="2.2784000"></trkpt>
      <trkpt lat="46.2112900" lon="2.2765600"></trkpt>
      <trkpt lat="46.2094000" lon="2.2738900"></trkpt>
      <trkpt lat="46.2065000" lon="2.2690900"></trkpt>
      <trkpt lat="46.2039000" lon="2.2639600"></trkpt>
      <trkpt lat="46.2031100" lon="2.2622600"></trkpt>
      <trkpt lat="46.2025100" lon="2.2604900"></trkpt>
      <trkpt lat="46.2020400" lon="2.2583000"></trkpt>
      <trkpt lat="46.2010800" lon="2.2532000"></trkpt>
      <trkpt lat="46.1995100" lon="2.2481700"></trkpt>
      <trkpt lat="46.1991700" lon="2.2464200"></trkpt>
      <trkpt lat="46.1987200" lon="2.2462500"></trkpt>
      <trkpt lat="46.1989300" lon="2.2444600"></trkpt>
      <trkpt lat="46.1990000" lon="2.2424700"></trkpt>
      <trkpt lat="46.1987500" lon="2.2412800"></trkpt>
      <trkpt lat="46.1978900" lon="2.2393100"></trkpt>
      <trkpt lat="46.1974400" lon="2.2389400"></trkpt>
      <trkpt lat="46.1937100" lon="2.2390000"></trkpt>
      <trkpt lat="46.1936100" lon="2.2384400"></trkpt>
      <trkpt lat="46.1915600" lon="2.2363000"></trkpt>
      <trkpt lat="46.1907000" lon="2.2341100"></trkpt>
      <trkpt lat="46.1898900" lon="2.2312100"></trkpt>
      <trkpt lat="46.1896200" lon="2.2296900"></trkpt>
      <trkpt lat="46.1886000" lon="2.2273900"></trkpt>
      <trkpt lat="46.1866200" lon="2.2238800"></trkpt>
      <trkpt lat="46.1855500" lon="2.2227300"></trkpt>
      <trkpt lat="46.1832100" lon="2.2198100"></trkpt>
      <trkpt lat="46.1824300" lon="2.2177700"></trkpt>
      <trkpt lat="46.1823900" lon="2.2168900"></trkpt>
      <trkpt lat="46.1825800" lon="2.2140400"></trkpt>
      <trkpt lat="46.1823700" lon="2.2115200"></trkpt>
      <trkpt lat="46.1815300" lon="2.2079000"></trkpt>
      <trkpt lat="46.1810800" lon="2.2036900"></trkpt>
      <trkpt lat="46.1808600" lon="2.2033100"></trkpt>
      <trkpt lat="46.1793400" lon="2.2032300"></trkpt>
      <trkpt lat="46.1783800" lon="2.2034800"></trkpt>
      <trkpt lat="46.1774000" lon="2.2023500"></trkpt>
      <trkpt lat="46.1768100" lon="2.2020000"></trkpt>
      <trkpt lat="46.1748600" lon="2.2017900"></trkpt>
      <trkpt lat="46.1737400" lon="2.2005200"></trkpt>
      <trkpt lat="46.1730900" lon="2.2001900"></trkpt>
      <trkpt lat="46.1722500" lon="2.2002400"></trkpt>
      <trkpt lat="46.1712000" lon="2.2006500"></trkpt>
      <trkpt lat="46.1698700" lon="2.1993300"></trkpt>
      <trkpt lat="46.1690800" lon="2.1978400"></trkpt>
      <trkpt lat="46.1686500" lon="2.1973900"></trkpt>
      <trkpt lat="46.1683400" lon="2.1959400"></trkpt>
      <trkpt lat="46.1681800" lon="2.1943700"></trkpt>
      <trkpt lat="46.1676400" lon="2.1921500"></trkpt>
      <trkpt lat="46.1670400" lon="2.1907500"></trkpt>
      <trkpt lat="46.1657900" lon="2.1886400"></trkpt>
      <trkpt lat="46.1651500" lon="2.1878200"></trkpt>
      <trkpt lat="46.1643500" lon="2.1861700"></trkpt>
      <trkpt lat="46.1637400" lon="2.1855300"></trkpt>
      <trkpt lat="46.1617200" lon="2.1809400"></trkpt>
      <trkpt lat="46.1611700" lon="2.1800500"></trkpt>
      <trkpt lat="46.1603300" lon="2.1778100"></trkpt>
      <trkpt lat="46.1588000" lon="2.1726600"></trkpt>
      <trkpt lat="46.1583200" lon="2.1703900"></trkpt>
      <trkpt lat="46.1578100" lon="2.1690900"></trkpt>
      <trkpt lat="46.1570300" lon="2.1676400"></trkpt>
      <trkpt lat="46.1562200" lon="2.1665900"></trkpt>
      <trkpt lat="46.1548900" lon="2.1641200"></trkpt>
      <trkpt lat="46.1540400" lon="2.1631400"></trkpt>
      <trkpt lat="46.1528400" lon="2.1620900"></trkpt>
      <trkpt lat="46.1527500" lon="2.1615900"></trkpt>
      <trkpt lat="46.1519200" lon="2.1604500"></trkpt>
      <trkpt lat="46.1494000" lon="2.1589900"></trkpt>
      <trkpt lat="46.1482300" lon="2.1570800"></trkpt>
      <trkpt lat="46.1472700" lon="2.1561500"></trkpt>
      <trkpt lat="46.1466500" lon="2.1549100"></trkpt>
      <trkpt lat="46.1463700" lon="2.1533900"></trkpt>
      <trkpt lat="46.1460200" lon="2.1527000"></trkpt>
      <trkpt lat="46.1460200" lon="2.1510600"></trkpt>
      <trkpt lat="46.1462100" lon="2.1500400"></trkpt>
      <trkpt lat="46.1458000" lon="2.1483800"></trkpt>
      <trkpt lat="46.1452800" lon="2.1475600"></trkpt>
      <trkpt lat="46.1458100" lon="2.1458800"></trkpt>
      <trkpt lat="46.1451900" lon="2.1438600"></trkpt>
      <trkpt lat="46.1447000" lon="2.1432200"></trkpt>
      <trkpt lat="46.1442900" lon="2.1421200"></trkpt>
      <trkpt lat="46.1430100" lon="2.1399000"></trkpt>
      <trkpt lat="46.1420200" lon="2.1329400"></trkpt>
      <trkpt lat="46.1413900" lon="2.1301300"></trkpt>
      <trkpt lat="46.1408600" lon="2.1285500"></trkpt>
      <trkpt lat="46.1398000" lon="2.1267000"></trkpt>
      <trkpt lat="46.1392100" lon="2.1245500"></trkpt>
      <trkpt lat="46.1381500" lon="2.1226100"></trkpt>
      <trkpt lat="46.1384600" lon="2.1214500"></trkpt>
      <trkpt lat="46.1382900" lon="2.1202000"></trkpt>
      <trkpt lat="46.1378400" lon="2.1194100"></trkpt>
      <trkpt lat="46.1370600" lon="2.1187900"></trkpt>
      <trkpt lat="46.1363800" lon="2.1175700"></trkpt>
      <trkpt lat="46.1352700" lon="2.1162200"></trkpt>
      <trkpt lat="46.1351400" lon="2.1163600"></trkpt>
      <trkpt lat="46.1336700" lon="2.1139300"></trkpt>
      <trkpt lat="46.1333800" lon="2.1125800"></trkpt>
      <trkpt lat="46.1327100" lon="2.1110700"></trkpt>
      <trkpt lat="46.1320600" lon="2.1103900"></trkpt>
      <trkpt lat="46.1317500" lon="2.1093900"></trkpt>
      <trkpt lat="46.1308600" lon="2.1078100"></trkpt>
      <trkpt lat="46.1307200" lon="2.1066300"></trkpt>
      <trkpt lat="46.1292800" lon="2.1054300"></trkpt>
      <trkpt lat="46.1283800" lon="2.1040800"></trkpt>
      <trkpt lat="46.1271700" lon="2.1035000"></trkpt>
      <trkpt lat="46.1257500" lon="2.1022600"></trkpt>
      <trkpt lat="46.1255000" lon="2.1028400"></trkpt>
      <trkpt lat="46.1243200" lon="2.1038700"></trkpt>
      <trkpt lat="46.1228100" lon="2.1054300"></trkpt>
      <trkpt lat="46.1220800" lon="2.1053000"></trkpt>
      <trkpt lat="46.1216100" lon="2.1047100"></trkpt>
      <trkpt lat="46.1202700" lon="2.1041100"></trkpt>
      <trkpt lat="46.1169300" lon="2.1015600"></trkpt>
      <trkpt lat="46.1144200" lon="2.1003500"></trkpt>
      <trkpt lat="46.1140700" lon="2.0996600"></trkpt>
      <trkpt lat="46.1130900" lon="2.0969200"></trkpt>
      <trkpt lat="46.1127200" lon="2.0962900"></trkpt>
      <trkpt lat="46.1109500" lon="2.0950700"></trkpt>
      <trkpt lat="46.1104200" lon="2.0944100"></trkpt>
      <trkpt lat="46.1085400" lon="2.0902000"></trkpt>
      <trkpt lat="46.1082600" lon="2.0891700"></trkpt>
      <trkpt lat="46.1071700" lon="2.0874600"></trkpt>
      <trkpt lat="46.1059400" lon="2.0848100"></trkpt>
      <trkpt lat="46.1052000" lon="2.0823600"></trkpt>
      <trkpt lat="46.1050000" lon="2.0802700"></trkpt>
      <trkpt lat="46.1044900" lon="2.0783100"></trkpt>
      <trkpt lat="46.1035200" lon="2.0762300"></trkpt>
      <trkpt lat="46.1031800" lon="2.0746700"></trkpt>
      <trkpt lat="46.1030200" lon="2.0723200"></trkpt>
      <trkpt lat="46.1031600" lon="2.0713300"></trkpt>
      <trkpt lat="46.1025700" lon="2.0703000"></trkpt>
      <trkpt lat="46.1018900" lon="2.0704200"></trkpt>
      <trkpt lat="46.1004400" lon="2.0698600"></trkpt>
      <trkpt lat="46.1000200" lon="2.0693800"></trkpt>
      <trkpt lat="46.0998400" lon="2.0677300"></trkpt>
      <trkpt lat="46.1000900" lon="2.0668100"></trkpt>
      <trkpt lat="46.0997300" lon="2.0664000"></trkpt>
      <trkpt lat="46.0995800" lon="2.0651400"></trkpt>
      <trkpt lat="46.0987700" lon="2.0622600"></trkpt>
      <trkpt lat="46.0977400" lon="2.0613200"></trkpt>
      <trkpt lat="46.0969000" lon="2.0614900"></trkpt>
      <trkpt lat="46.0964400" lon="2.0619100"></trkpt>
      <trkpt lat="46.0952900" lon="2.0621500"></trkpt>
      <trkpt lat="46.0946900" lon="2.0618300"></trkpt>
      <trkpt lat="46.0911800" lon="2.0548900"></trkpt>
      <trkpt lat="46.0908000" lon="2.0527500"></trkpt>
      <trkpt lat="46.0902700" lon="2.0519100"></trkpt>
      <trkpt lat="46.0897000" lon="2.0495800"></trkpt>
      <trkpt lat="46.0891500" lon="2.0488800"></trkpt>
      <trkpt lat="46.0871500" lon="2.0468500"></trkpt>
      <trkpt lat="46.0869300" lon="2.0450800"></trkpt>
      <trkpt lat="46.0787000" lon="2.0436500"></trkpt>
      <trkpt lat="46.0774800" lon="2.0435900"></trkpt>
      <trkpt lat="46.0768500" lon="2.0433100"></trkpt>
      <trkpt lat="46.0757800" lon="2.0423700"></trkpt>
      <trkpt lat="46.0743300" lon="2.0417300"></trkpt>
      <trkpt lat="46.0733100" lon="2.0409800"></trkpt>
      <trkpt lat="46.0710200" lon="2.0377300"></trkpt>
      <trkpt lat="46.0694900" lon="2.0360000"></trkpt>
      <trkpt lat="46.0690200" lon="2.0347700"></trkpt>
      <trkpt lat="46.0690000" lon="2.0338100"></trkpt>
      <trkpt lat="46.0692300" lon="2.0305800"></trkpt>
      <trkpt lat="46.0689200" lon="2.0296000"></trkpt>
      <trkpt lat="46.0675200" lon="2.0270600"></trkpt>
      <trkpt lat="46.0668900" lon="2.0255000"></trkpt>
      <trkpt lat="46.0666900" lon="2.0245900"></trkpt>
      <trkpt lat="46.0657100" lon="2.0214700"></trkpt>
      <trkpt lat="46.0656600" lon="2.0197700"></trkpt>
      <trkpt lat="46.0652900" lon="2.0184500"></trkpt>
      <trkpt lat="46.0643200" lon="2.0175400"></trkpt>
      <trkpt lat="46.0611500" lon="2.0164500"></trkpt>
      <trkpt lat="46.0599400" lon="2.0162100"></trkpt>
      <trkpt lat="46.0594300" lon="2.0153000"></trkpt>
      <trkpt lat="46.0589100" lon="2.0134100"></trkpt>
      <trkpt lat="46.0556000" lon="2.0097000"></trkpt>
      <trkpt lat="46.0553100" lon="2.0091500"></trkpt>
      <trkpt lat="46.0531000" lon="2.0039300"></trkpt>
      <trkpt lat="46.0515500" lon="2.0030200"></trkpt>
      <trkpt lat="46.0512200" lon="2.0015300"></trkpt>
      <trkpt lat="46.0499200" lon="1.9975000"></trkpt>
      <trkpt lat="46.0491100" lon="1.9964000"></trkpt>
      <trkpt lat="46.0473700" lon="1.9950700"></trkpt>
      <trkpt lat="46.0463500" lon="1.9945600"></trkpt>
      <trkpt lat="46.0456200" lon="1.9936800"></trkpt>
      <trkpt lat="46.0458300" lon="1.9913400"></trkpt>
      <trkpt lat="46.0453500" lon="1.9896200"></trkpt>
      <trkpt lat="46.0448900" lon="1.9890900"></trkpt>
      <trkpt lat="46.0427700" lon="1.9873200"></trkpt>
      <trkpt lat="46.0424400" lon="1.9869000"></trkpt>
      <trkpt lat="46.0414200" lon="1.9843300"></trkpt>
      <trkpt lat="46.0406500" lon="1.9834300"></trkpt>
      <trkpt lat="46.0390600" lon="1.9824800"></trkpt>
      <trkpt lat="46.0387000" lon="1.9821000"></trkpt>
      <trkpt lat="46.0376800" lon="1.9791500"></trkpt>
      <trkpt lat="46.0364600" lon="1.9780500"></trkpt>
      <trkpt lat="46.0355300" lon="1.9765600"></trkpt>
      <trkpt lat="46.0336700" lon="1.9722100"></trkpt>
      <trkpt lat="46.0333800" lon="1.9707000"></trkpt>
      <trkpt lat="46.0330100" lon="1.9698500"></trkpt>
      <trkpt lat="46.0321100" lon="1.9687400"></trkpt>
      <trkpt lat="46.0312700" lon="1.9661400"></trkpt>
      <trkpt lat="46.0312500" lon="1.9654700"></trkpt>
      <trkpt lat="46.0316500" lon="1.9631600"></trkpt>
      <trkpt lat="46.0315500" lon="1.9623400"></trkpt>
      <trkpt lat="46.0307300" lon="1.9598900"></trkpt>
      <trkpt lat="46.0305700" lon="1.9586200"></trkpt>
      <trkpt lat="46.0310900" lon="1.9546500"></trkpt>
      <trkpt lat="46.0306300" lon="1.9528200"></trkpt>
      <trkpt lat="46.0298000" lon="1.9518000"></trkpt>
      <trkpt lat="46.0290500" lon="1.9493500"></trkpt>
      <trkpt lat="46.0291800" lon="1.9481800"></trkpt>
      <trkpt lat="46.0301200" lon="1.9443800"></trkpt>
      <trkpt lat="46.0302100" lon="1.9433600"></trkpt>
      <trkpt lat="46.0296600" lon="1.9383200"></trkpt>
      <trkpt lat="46.0286200" lon="1.9340000"></trkpt>
      <trkpt lat="46.0282200" lon="1.9331900"></trkpt>
      <trkpt lat="46.0272400" lon="1.9323200"></trkpt>
      <trkpt lat="46.0264300" lon="1.9309800"></trkpt>
      <trkpt lat="46.0260800" lon="1.9299900"></trkpt>
      <trkpt lat="46.0259700" lon="1.9288100"></trkpt>
      <trkpt lat="46.0261500" lon="1.9259000"></trkpt>
      <trkpt lat="46.0262800" lon="1.9254300"></trkpt>
      <trkpt lat="46.0269300" lon="1.9209500"></trkpt>
      <trkpt lat="46.0267000" lon="1.9194500"></trkpt>
      <trkpt lat="46.0260200" lon="1.9177800"></trkpt>
      <trkpt lat="46.0248400" lon="1.9163300"></trkpt>
      <trkpt lat="46.0226400" lon="1.9151400"></trkpt>
      <trkpt lat="46.0219500" lon="1.9145200"></trkpt>
      <trkpt lat="46.0213600" lon="1.9131700"></trkpt>
      <trkpt lat="46.0212700" lon="1.9099500"></trkpt>
      <trkpt lat="46.0210500" lon="1.9082500"></trkpt>
      <trkpt lat="46.0206600" lon="1.9072700"></trkpt>
      <trkpt lat="46.0172800" lon="1.9011300"></trkpt>
      <trkpt lat="46.0169700" lon="1.8995400"></trkpt>
      <trkpt lat="46.0177100" lon="1.8906800"></trkpt>
      <trkpt lat="46.0177000" lon="1.8892600"></trkpt>
      <trkpt lat="46.0167400" lon="1.8862200"></trkpt>
      <trkpt lat="46.0161600" lon="1.8855700"></trkpt>
      <trkpt lat="46.0126300" lon="1.8835300"></trkpt>
      <trkpt lat="46.0114500" lon="1.8820800"></trkpt>
      <trkpt lat="46.0112100" lon="1.8811600"></trkpt>
      <trkpt lat="46.0111800" lon="1.8790200"></trkpt>
      <trkpt lat="46.0107600" lon="1.8754900"></trkpt>
      <trkpt lat="46.0109200" lon="1.8728600"></trkpt>
      <trkpt lat="46.0106800" lon="1.8702700"></trkpt>
      <trkpt lat="46.0099100" lon="1.8685900"></trkpt>
      <trkpt lat="46.0091600" lon="1.8682200"></trkpt>
      <trkpt lat="46.0084600" lon="1.8663400"></trkpt>
      <trkpt lat="46.0071000" lon="1.8656600"></trkpt>
      <trkpt lat="46.0065900" lon="1.8646200"></trkpt>
      <trkpt lat="46.0064600" lon="1.8628100"></trkpt>
      <trkpt lat="46.0059600" lon="1.8624300"></trkpt>
      <trkpt lat="46.0047700" lon="1.8622000"></trkpt>
      <trkpt lat="46.0018800" lon="1.8572200"></trkpt>
      <trkpt lat="46.0001900" lon="1.8560700"></trkpt>
      <trkpt lat="45.9997400" lon="1.8555900"></trkpt>
      <trkpt lat="45.9974000" lon="1.8506900"></trkpt>
      <trkpt lat="45.9973500" lon="1.8497000"></trkpt>
      <trkpt lat="45.9969300" lon="1.8476100"></trkpt>
      <trkpt lat="45.9941900" lon="1.8429800"></trkpt>
      <trkpt lat="45.9936300" lon="1.8422500"></trkpt>
      <trkpt lat="45.9900300" lon="1.8384600"></trkpt>
      <trkpt lat="45.9894000" lon="1.8374900"></trkpt>
      <trkpt lat="45.9886400" lon="1.8355200"></trkpt>
      <trkpt lat="45.9877300" lon="1.8339000"></trkpt>
      <trkpt lat="45.9850800" lon="1.8310100"></trkpt>
      <trkpt lat="45.9840500" lon="1.8302100"></trkpt>
      <trkpt lat="45.9828500" lon="1.8287800"></trkpt>
      <trkpt lat="45.9813400" lon="1.8252000"></trkpt>
      <trkpt lat="45.9811100" lon="1.8243600"></trkpt>
      <trkpt lat="45.9810400" lon="1.8228200"></trkpt>
      <trkpt lat="45.9813900" lon="1.8212000"></trkpt>
      <trkpt lat="45.9813000" lon="1.8189500"></trkpt>
      <trkpt lat="45.9796900" lon="1.8122900"></trkpt>
      <trkpt lat="45.9789300" lon="1.8107900"></trkpt>
      <trkpt lat="45.9782200" lon="1.8100100"></trkpt>
      <trkpt lat="45.9772900" lon="1.8094900"></trkpt>
      <trkpt lat="45.9755100" lon="1.8092900"></trkpt>
      <trkpt lat="45.9744500" lon="1.8084600"></trkpt>
      <trkpt lat="45.9731400" lon="1.8066500"></trkpt>
      <trkpt lat="45.9728300" lon="1.8059700"></trkpt>
      <trkpt lat="45.9720100" lon="1.8009600"></trkpt>
      <trkpt lat="45.9718900" lon="1.7988900"></trkpt>
      <trkpt lat="45.9720200" lon="1.7958300"></trkpt>
      <trkpt lat="45.9717200" lon="1.7934300"></trkpt>
      <trkpt lat="45.9711600" lon="1.7921000"></trkpt>
      <trkpt lat="45.9677700" lon="1.7853800"></trkpt>
      <trkpt lat="45.9673600" lon="1.7834500"></trkpt>
      <trkpt lat="45.9674100" lon="1.7819000"></trkpt>
      <trkpt lat="45.9678100" lon="1.7798100"></trkpt>
      <trkpt lat="45.9679100" lon="1.7785400"></trkpt>
      <trkpt lat="45.9674100" lon="1.7760200"></trkpt>
      <trkpt lat="45.9660300" lon="1.7738600"></trkpt>
      <trkpt lat="45.9646100" lon="1.7727400"></trkpt>
      <trkpt lat="45.9635400" lon="1.7723600"></trkpt>
      <trkpt lat="45.9625700" lon="1.7712000"></trkpt>
      <trkpt lat="45.9622300" lon="1.7697200"></trkpt>
      <trkpt lat="45.9617500" lon="1.7686300"></trkpt>
      <trkpt lat="45.9612200" lon="1.7682400"></trkpt>
      <trkpt lat="45.9569100" lon="1.7667500"></trkpt>
      <trkpt lat="45.9556000" lon="1.7659600"></trkpt>
      <trkpt lat="45.9552200" lon="1.7655100"></trkpt>
      <trkpt lat="45.9539700" lon="1.7622100"></trkpt>
      <trkpt lat="45.9534500" lon="1.7603400"></trkpt>
      <trkpt lat="45.9534300" lon="1.7578700"></trkpt>
      <trkpt lat="45.9536500" lon="1.7550700"></trkpt>
      <trkpt lat="45.9536100" lon="1.7534000"></trkpt>
      <trkpt lat="45.9528000" lon="1.7516300"></trkpt>
      <trkpt lat="45.9521400" lon="1.7512100"></trkpt>
      <trkpt lat="45.9513800" lon="1.7502200"></trkpt>
      <trkpt lat="45.9513100" lon="1.7494100"></trkpt>
      <trkpt lat="45.9524600" lon="1.7460100"></trkpt>
      <trkpt lat="45.9515700" lon="1.7462400"></trkpt>
      <trkpt lat="45.9510700" lon="1.7439800"></trkpt>
      <trkpt lat="45.9514500" lon="1.7428800"></trkpt>
      <trkpt lat="45.9512800" lon="1.7414600"></trkpt>
      <trkpt lat="45.9516200" lon="1.7405000"></trkpt>
      <trkpt lat="45.9519900" lon="1.7382800"></trkpt>
      <trkpt lat="45.9519700" lon="1.7357800"></trkpt>
      <trkpt lat="45.9522500" lon="1.7327600"></trkpt>
      <trkpt lat="45.9528800" lon="1.7279700"></trkpt>
      <trkpt lat="45.9527800" lon="1.7271400"></trkpt>
      <trkpt lat="45.9519100" lon="1.7261500"></trkpt>
      <trkpt lat="45.9518100" lon="1.7255300"></trkpt>
      <trkpt lat="45.9520200" lon="1.7241100"></trkpt>
      <trkpt lat="45.9513200" lon="1.7213300"></trkpt>
      <trkpt lat="45.9501400" lon="1.7191800"></trkpt>
      <trkpt lat="45.9492400" lon="1.7163800"></trkpt>
      <trkpt lat="45.9487300" lon="1.7138400"></trkpt>
      <trkpt lat="45.9482600" lon="1.7124200"></trkpt>
      <trkpt lat="45.9468500" lon="1.7095600"></trkpt>
      <trkpt lat="45.9463100" lon="1.7077500"></trkpt>
      <trkpt lat="45.9462500" lon="1.7060300"></trkpt>
      <trkpt lat="45.9464000" lon="1.7049800"></trkpt>
      <trkpt lat="45.9498500" lon="1.6887100"></trkpt>
      <trkpt lat="45.9495600" lon="1.6857600"></trkpt>
      <trkpt lat="45.9488300" lon="1.6843000"></trkpt>
      <trkpt lat="45.9473000" lon="1.6829700"></trkpt>
      <trkpt lat="45.9464100" lon="1.6810400"></trkpt>
      <trkpt lat="45.9459600" lon="1.6783500"></trkpt>
      <trkpt lat="45.9421300" lon="1.6669700"></trkpt>
      <trkpt lat="45.9410600" lon="1.6654800"></trkpt>
      <trkpt lat="45.9393200" lon="1.6634400"></trkpt>
      <trkpt lat="45.9373000" lon="1.6581100"></trkpt>
      <trkpt lat="45.9366400" lon="1.6588300"></trkpt>
      <trkpt lat="45.9356500" lon="1.6587900"></trkpt>
      <trkpt lat="45.9342900" lon="1.6567300"></trkpt>
      <trkpt lat="45.9335300" lon="1.6544700"></trkpt>
      <trkpt lat="45.9334000" lon="1.6532800"></trkpt>
      <trkpt lat="45.9330300" lon="1.6521600"></trkpt>
      <trkpt lat="45.9317200" lon="1.6523300"></trkpt>
      <trkpt lat="45.9306700" lon="1.6518200"></trkpt>
      <trkpt lat="45.9297200" lon="1.6508100"></trkpt>
      <trkpt lat="45.9286500" lon="1.6500500"></trkpt>
      <trkpt lat="45.9274000" lon="1.6497200"></trkpt>
      <trkpt lat="45.9265100" lon="1.6492700"></trkpt>
      <trkpt lat="45.9256300" lon="1.6483300"></trkpt>
      <trkpt lat="45.9233200" lon="1.6438000"></trkpt>
      <trkpt lat="45.9217800" lon="1.6413100"></trkpt>
      <trkpt lat="45.9211600" lon="1.6404700"></trkpt>
      <trkpt lat="45.9200500" lon="1.6397600"></trkpt>
      <trkpt lat="45.9188400" lon="1.6370800"></trkpt>
      <trkpt lat="45.9187300" lon="1.6361200"></trkpt>
      <trkpt lat="45.9189000" lon="1.6314900"></trkpt>
      <trkpt lat="45.9186700" lon="1.6305300"></trkpt>
      <trkpt lat="45.9179100" lon="1.6296200"></trkpt>
      <trkpt lat="45.9170300" lon="1.6277300"></trkpt>
      <trkpt lat="45.9100000" lon="1.6157600"></trkpt>
      <trkpt lat="45.9074100" lon="1.6114300"></trkpt>
      <trkpt lat="45.9062100" lon="1.6091000"></trkpt>
      <trkpt lat="45.9062800" lon="1.6078600"></trkpt>
      <trkpt lat="45.9075900" lon="1.6051900"></trkpt>
      <trkpt lat="45.9075500" lon="1.6043500"></trkpt>
      <trkpt lat="45.9061700" lon="1.5970100"></trkpt>
      <trkpt lat="45.9057400" lon="1.5961500"></trkpt>
      <trkpt lat="45.9041400" lon="1.5940500"></trkpt>
      <trkpt lat="45.9024600" lon="1.5903300"></trkpt>
      <trkpt lat="45.9011000" lon="1.5880700"></trkpt>
      <trkpt lat="45.8996100" lon="1.5850300"></trkpt>
      <trkpt lat="45.8988300" lon="1.5840600"></trkpt>
      <trkpt lat="45.8953400" lon="1.5811600"></trkpt>
      <trkpt lat="45.8949900" lon="1.5807700"></trkpt>
      <trkpt lat="45.8909000" lon="1.5743800"></trkpt>
      <trkpt lat="45.8905200" lon="1.5736300"></trkpt>
      <trkpt lat="45.8868700" lon="1.5653600"></trkpt>
      <trkpt lat="45.8854700" lon="1.5623900"></trkpt>
      <trkpt lat="45.8842700" lon="1.5602800"></trkpt>
      <trkpt lat="45.8775000" lon="1.5492400"></trkpt>
      <trkpt lat="45.8769200" lon="1.5476200"></trkpt>
      <trkpt lat="45.8766300" lon="1.5448200"></trkpt>
      <trkpt lat="45.8760500" lon="1.5428400"></trkpt>
      <trkpt lat="45.8742100" lon="1.5400200"></trkpt>
      <trkpt lat="45.8685500" lon="1.5297400"></trkpt>
      <trkpt lat="45.8523200" lon="1.5003400"></trkpt>
      <trkpt lat="45.8510200" lon="1.4979400"></trkpt>
      <trkpt lat="45.8503600" lon="1.4957700"></trkpt>
      <trkpt lat="45.8497600" lon="1.4948700"></trkpt>
      <trkpt lat="45.8492300" lon="1.4945100"></trkpt>
      <trkpt lat="45.8461700" lon="1.4940000"></trkpt>
      <trkpt lat="45.8445700" lon="1.4926800"></trkpt>
      <trkpt lat="45.8438100" lon="1.4925900"></trkpt>
      <trkpt lat="45.8419600" lon="1.4936800"></trkpt>
      <trkpt lat="45.8401700" lon="1.4926800"></trkpt>
      <trkpt lat="45.8389900" lon="1.4921800"></trkpt>
      <trkpt lat="45.8378400" lon="1.4922300"></trkpt>
      <trkpt lat="45.8355400" lon="1.4905400"></trkpt>
      <trkpt lat="45.8349900" lon="1.4898000"></trkpt>
      <trkpt lat="45.8350700" lon="1.4890200"></trkpt>
      <trkpt lat="45.8340700" lon="1.4876100"></trkpt>
      <trkpt lat="45.8331500" lon="1.4871700"></trkpt>
      <trkpt lat="45.8322900" lon="1.4872700"></trkpt>
      <trkpt lat="45.8316800" lon="1.4864200"></trkpt>
      <trkpt lat="45.8317500" lon="1.4826500"></trkpt>
      <trkpt lat="45.8326200" lon="1.4817700"></trkpt>
      <trkpt lat="45.8338200" lon="1.4813800"></trkpt>
      <trkpt lat="45.8340500" lon="1.4809000"></trkpt>
      <trkpt lat="45.8338000" lon="1.4801700"></trkpt>
      <trkpt lat="45.8328500" lon="1.4796000"></trkpt>
      <trkpt lat="45.8340000" lon="1.4785200"></trkpt>
      <trkpt lat="45.8345000" lon="1.4733600"></trkpt>
      <trkpt lat="45.8360800" lon="1.4706900"></trkpt>
      <trkpt lat="45.8351500" lon="1.4696000"></trkpt>
      <trkpt lat="45.8350800" lon="1.4688100"></trkpt>
      <trkpt lat="45.8354100" lon="1.4678600"></trkpt>
      <trkpt lat="45.8352500" lon="1.4657800"></trkpt>
      <trkpt lat="45.8353200" lon="1.4649900"></trkpt>
      <trkpt lat="45.8349800" lon="1.4630500"></trkpt>
      <trkpt lat="45.8360000" lon="1.4610400"></trkpt>
      <trkpt lat="45.8360400" lon="1.4602000"></trkpt>
      <trkpt lat="45.8356200" lon="1.4584100"></trkpt>
      <trkpt lat="45.8348700" lon="1.4569100"></trkpt>
      <trkpt lat="45.8337100" lon="1.4558700"></trkpt>
      <trkpt lat="45.8329500" lon="1.4545900"></trkpt>
      <trkpt lat="45.8322700" lon="1.4550400"></trkpt>
      <trkpt lat="45.8318100" lon="1.4545500"></trkpt>
      <trkpt lat="45.8313700" lon="1.4532200"></trkpt>
      <trkpt lat="45.8314800" lon="1.4526800"></trkpt>
      <trkpt lat="45.8322200" lon="1.4524200"></trkpt>
      <trkpt lat="45.8320800" lon="1.4506400"></trkpt>
      <trkpt lat="45.8317600" lon="1.4499500"></trkpt>
      <trkpt lat="45.8317700" lon="1.4491600"></trkpt>
      <trkpt lat="45.8322500" lon="1.4486100"></trkpt>
      <trkpt lat="45.8322900" lon="1.4479300"></trkpt>
      <trkpt lat="45.8308200" lon="1.4444500"></trkpt>
      <trkpt lat="45.8301100" lon="1.4446800"></trkpt>
      <trkpt lat="45.8281200" lon="1.4438500"></trkpt>
      <trkpt lat="45.8260400" lon="1.4423300"></trkpt>
      <trkpt lat="45.8250900" lon="1.4414200"></trkpt>
      <trkpt lat="45.8241700" lon="1.4408200"></trkpt>
      <trkpt lat="45.8236000" lon="1.4392600"></trkpt>
      <trkpt lat="45.8230800" lon="1.4389700"></trkpt>
      <trkpt lat="45.8232500" lon="1.4379600"></trkpt>
      <trkpt lat="45.8210600" lon="1.4344900"></trkpt>
      <trkpt lat="45.8207900" lon="1.4330400"></trkpt>
      <trkpt lat="45.8218100" lon="1.4320900"></trkpt>
      <trkpt lat="45.8219700" lon="1.4310600"></trkpt>
      <trkpt lat="45.8225700" lon="1.4303500"></trkpt>
      <trkpt lat="45.8228000" lon="1.4294700"></trkpt>
      <trkpt lat="45.8227800" lon="1.4273800"></trkpt>
      <trkpt lat="45.8224700" lon="1.4263700"></trkpt>
      <trkpt lat="45.8218700" lon="1.4257600"></trkpt>
      <trkpt lat="45.8204000" lon="1.4254900"></trkpt>
      <trkpt lat="45.8200000" lon="1.4251100"></trkpt>
      <trkpt lat="45.8194000" lon="1.4236300"></trkpt>
      <trkpt lat="45.8188900" lon="1.4229900"></trkpt>
      <trkpt lat="45.8171900" lon="1.4202100"></trkpt>
      <trkpt lat="45.8164500" lon="1.4181700"></trkpt>
      <trkpt lat="45.8152200" lon="1.4161700"></trkpt>
      <trkpt lat="45.8149500" lon="1.4124400"></trkpt>
      <trkpt lat="45.8151100" lon="1.4105700"></trkpt>
      <trkpt lat="45.8151200" lon="1.4084300"></trkpt>
      <trkpt lat="45.8143800" lon="1.4072800"></trkpt>
      <trkpt lat="45.8140500" lon="1.4060600"></trkpt>
      <trkpt lat="45.8145200" lon="1.4046500"></trkpt>
      <trkpt lat="45.8149000" lon="1.4019000"></trkpt>
      <trkpt lat="45.8148700" lon="1.4009300"></trkpt>
      <trkpt lat="45.8137300" lon="1.3993100"></trkpt>
      <trkpt lat="45.8118600" lon="1.3973000"></trkpt>
      <trkpt lat="45.8095400" lon="1.3957100"></trkpt>
      <trkpt lat="45.8093100" lon="1.3950500"></trkpt>
      <trkpt lat="45.8086400" lon="1.3946000"></trkpt>
      <trkpt lat="45.8077400" lon="1.3926200"></trkpt>
      <trkpt lat="45.8064800" lon="1.3919400"></trkpt>
      <trkpt lat="45.8061600" lon="1.3901500"></trkpt>
      <trkpt lat="45.8056400" lon="1.3893400"></trkpt>
      <trkpt lat="45.8036300" lon="1.3882400"></trkpt>
      <trkpt lat="45.8020700" lon="1.3871100"></trkpt>
      <trkpt lat="45.8018200" lon="1.3857600"></trkpt>
      <trkpt lat="45.8013000" lon="1.3847500"></trkpt>
      <trkpt lat="45.7997200" lon="1.3834400"></trkpt>
      <trkpt lat="45.7988300" lon="1.3817500"></trkpt>
      <trkpt lat="45.7982100" lon="1.3809500"></trkpt>
      <trkpt lat="45.7975000" lon="1.3795500"></trkpt>
      <trkpt lat="45.7971600" lon="1.3776900"></trkpt>
      <trkpt lat="45.7959600" lon="1.3724400"></trkpt>
      <trkpt lat="45.7954500" lon="1.3709200"></trkpt>
      <trkpt lat="45.7942200" lon="1.3690400"></trkpt>
      <trkpt lat="45.7923000" lon="1.3674400"></trkpt>
      <trkpt lat="45.7909700" lon="1.3668000"></trkpt>
      <trkpt lat="45.7876100" lon="1.3638300"></trkpt>
      <trkpt lat="45.7863400" lon="1.3614600"></trkpt>
      <trkpt lat="45.7852100" lon="1.3600400"></trkpt>
      <trkpt lat="45.7833400" lon="1.3590000"></trkpt>
      <trkpt lat="45.7818500" lon="1.3588500"></trkpt>
      <trkpt lat="45.7805400" lon="1.3552100"></trkpt>
      <trkpt lat="45.7801800" lon="1.3531700"></trkpt>
      <trkpt lat="45.7794400" lon="1.3521000"></trkpt>
      <trkpt lat="45.7791200" lon="1.3522200"></trkpt>
      <trkpt lat="45.7786300" lon="1.3512800"></trkpt>
      <trkpt lat="45.7787100" lon="1.3506900"></trkpt>
      <trkpt lat="45.7782000" lon="1.3495000"></trkpt>
      <trkpt lat="45.7776900" lon="1.3492800"></trkpt>
      <trkpt lat="45.7766700" lon="1.3477100"></trkpt>
      <trkpt lat="45.7764300" lon="1.3461900"></trkpt>
      <trkpt lat="45.7756200" lon="1.3443600"></trkpt>
      <trkpt lat="45.7743900" lon="1.3424500"></trkpt>
      <trkpt lat="45.7741200" lon="1.3409700"></trkpt>
      <trkpt lat="45.7726700" lon="1.3390500"></trkpt>
      <trkpt lat="45.7711700" lon="1.3378600"></trkpt>
      <trkpt lat="45.7709500" lon="1.3372100"></trkpt>
      <trkpt lat="45.7708200" lon="1.3340300"></trkpt>
      <trkpt lat="45.7705800" lon="1.3331600"></trkpt>
      <trkpt lat="45.7696200" lon="1.3308300"></trkpt>
      <trkpt lat="45.7685200" lon="1.3265200"></trkpt>
      <trkpt lat="45.7675300" lon="1.3239100"></trkpt>
      <trkpt lat="45.7667100" lon="1.3225200"></trkpt>
      <trkpt lat="45.7658900" lon="1.3205700"></trkpt>
      <trkpt lat="45.7653000" lon="1.3198000"></trkpt>
      <trkpt lat="45.7658200" lon="1.3162400"></trkpt>
      <trkpt lat="45.7648600" lon="1.3134500"></trkpt>
      <trkpt lat="45.7648800" lon="1.3115100"></trkpt>
      <trkpt lat="45.7664900" lon="1.3103500"></trkpt>
      <trkpt lat="45.7667500" lon="1.3087700"></trkpt>
      <trkpt lat="45.7667000" lon="1.3079100"></trkpt>
      <trkpt lat="45.7661000" lon="1.3056800"></trkpt>
      <trkpt lat="45.7651400" lon="1.3004800"></trkpt>
      <trkpt lat="45.7634500" lon="1.2981300"></trkpt>
      <trkpt lat="45.7628500" lon="1.2964200"></trkpt>
      <trkpt lat="45.7614800" lon="1.2942800"></trkpt>
      <trkpt lat="45.7599000" lon="1.2934300"></trkpt>
      <trkpt lat="45.7580300" lon="1.2912600"></trkpt>
      <trkpt lat="45.7574000" lon="1.2908300"></trkpt>
      <trkpt lat="45.7553100" lon="1.2908100"></trkpt>
      <trkpt lat="45.7544200" lon="1.2905700"></trkpt>
      <trkpt lat="45.7535500" lon="1.2899900"></trkpt>
      <trkpt lat="45.7529100" lon="1.2900000"></trkpt>
      <trkpt lat="45.7477300" lon="1.2883700"></trkpt>
      <trkpt lat="45.7453000" lon="1.2874600"></trkpt>
      <trkpt lat="45.7408900" lon="1.2844700"></trkpt>
      <trkpt lat="45.7401400" lon="1.2837400"></trkpt>
      <trkpt lat="45.7395400" lon="1.2827100"></trkpt>
      <trkpt lat="45.7390200" lon="1.2808200"></trkpt>
      <trkpt lat="45.7376000" lon="1.2776500"></trkpt>
      <trkpt lat="45.7369100" lon="1.2763900"></trkpt>
      <trkpt lat="45.7335200" lon="1.2708900"></trkpt>
      <trkpt lat="45.7325900" lon="1.2696100"></trkpt>
      <trkpt lat="45.7302900" lon="1.2667200"></trkpt>
      <trkpt lat="45.7298400" lon="1.2653600"></trkpt>
      <trkpt lat="45.7298200" lon="1.2611700"></trkpt>
      <trkpt lat="45.7295900" lon="1.2601200"></trkpt>
      <trkpt lat="45.7291500" lon="1.2592500"></trkpt>
      <trkpt lat="45.7280800" lon="1.2583400"></trkpt>
      <trkpt lat="45.7257300" lon="1.2581500"></trkpt>
      <trkpt lat="45.7248200" lon="1.2577500"></trkpt>
      <trkpt lat="45.7241200" lon="1.2571300"></trkpt>
      <trkpt lat="45.7182800" lon="1.2494400"></trkpt>
      <trkpt lat="45.7176200" lon="1.2487900"></trkpt>
      <trkpt lat="45.7076400" lon="1.2420800"></trkpt>
      <trkpt lat="45.6984000" lon="1.2358200"></trkpt>
      <trkpt lat="45.6928800" lon="1.2321100"></trkpt>
      <trkpt lat="45.6929200" lon="1.2320000"></trkpt>
      <trkpt lat="45.6859900" lon="1.2273200"></trkpt>
      <trkpt lat="45.6849700" lon="1.2253900"></trkpt>
      <trkpt lat="45.6843900" lon="1.2247800"></trkpt>
      <trkpt lat="45.6838800" lon="1.2235200"></trkpt>
      <trkpt lat="45.6829200" lon="1.2229200"></trkpt>
      <trkpt lat="45.6822300" lon="1.2213600"></trkpt>
      <trkpt lat="45.6793400" lon="1.2134900"></trkpt>
      <trkpt lat="45.6791600" lon="1.2123200"></trkpt>
      <trkpt lat="45.6796700" lon="1.2073800"></trkpt>
      <trkpt lat="45.6794800" lon="1.2064500"></trkpt>
      <trkpt lat="45.6788300" lon="1.2051200"></trkpt>
      <trkpt lat="45.6786300" lon="1.2039100"></trkpt>
      <trkpt lat="45.6787000" lon="1.2024000"></trkpt>
      <trkpt lat="45.6785700" lon="1.2015400"></trkpt>
      <trkpt lat="45.6780100" lon="1.2005000"></trkpt>
      <trkpt lat="45.6764800" lon="1.1989400"></trkpt>
      <trkpt lat="45.6760800" lon="1.1979600"></trkpt>
      <trkpt lat="45.6760200" lon="1.1970800"></trkpt>
      <trkpt lat="45.6768300" lon="1.1903300"></trkpt>
      <trkpt lat="45.6762800" lon="1.1901500"></trkpt>
      <trkpt lat="45.6734900" lon="1.1899100"></trkpt>
      <trkpt lat="45.6715400" lon="1.1888100"></trkpt>
      <trkpt lat="45.6702800" lon="1.1887500"></trkpt>
      <trkpt lat="45.6698300" lon="1.1884700"></trkpt>
      <trkpt lat="45.6685600" lon="1.1868800"></trkpt>
      <trkpt lat="45.6677800" lon="1.1862600"></trkpt>
      <trkpt lat="45.6631800" lon="1.1852400"></trkpt>
      <trkpt lat="45.6609400" lon="1.1854000"></trkpt>
      <trkpt lat="45.6606600" lon="1.1849700"></trkpt>
      <trkpt lat="45.6590800" lon="1.1813100"></trkpt>
      <trkpt lat="45.6553700" lon="1.1725500"></trkpt>
      <trkpt lat="45.6545400" lon="1.1700000"></trkpt>
      <trkpt lat="45.6525700" lon="1.1680500"></trkpt>
      <trkpt lat="45.6501800" lon="1.1661600"></trkpt>
      <trkpt lat="45.6496800" lon="1.1654300"></trkpt>
      <trkpt lat="45.6489600" lon="1.1629500"></trkpt>
      <trkpt lat="45.6472500" lon="1.1590400"></trkpt>
      <trkpt lat="45.6459200" lon="1.1567000"></trkpt>
      <trkpt lat="45.6444500" lon="1.1557600"></trkpt>
      <trkpt lat="45.6435300" lon="1.1544700"></trkpt>
      <trkpt lat="45.6424700" lon="1.1511200"></trkpt>
      <trkpt lat="45.6414300" lon="1.1497900"></trkpt>
      <trkpt lat="45.6405900" lon="1.1494800"></trkpt>
      <trkpt lat="45.6404800" lon="1.1484800"></trkpt>
      <trkpt lat="45.6401000" lon="1.1475800"></trkpt>
      <trkpt lat="45.6398900" lon="1.1462400"></trkpt>
      <trkpt lat="45.6393400" lon="1.1455500"></trkpt>
      <trkpt lat="45.6384400" lon="1.1450700"></trkpt>
      <trkpt lat="45.6376700" lon="1.1439500"></trkpt>
      <trkpt lat="45.6368400" lon="1.1408400"></trkpt>
      <trkpt lat="45.6366200" lon="1.1403800"></trkpt>
      <trkpt lat="45.6365600" lon="1.1386900"></trkpt>
      <trkpt lat="45.6370800" lon="1.1375600"></trkpt>
      <trkpt lat="45.6372500" lon="1.1366700"></trkpt>
      <trkpt lat="45.6374300" lon="1.1336200"></trkpt>
      <trkpt lat="45.6368400" lon="1.1326800"></trkpt>
      <trkpt lat="45.6359400" lon="1.1323300"></trkpt>
      <trkpt lat="45.6348700" lon="1.1315600"></trkpt>
      <trkpt lat="45.6336400" lon="1.1314300"></trkpt>
      <trkpt lat="45.6325300" lon="1.1305600"></trkpt>
      <trkpt lat="45.6321400" lon="1.1299300"></trkpt>
      <trkpt lat="45.6304800" lon="1.1284100"></trkpt>
      <trkpt lat="45.6294000" lon="1.1278200"></trkpt>
      <trkpt lat="45.6279800" lon="1.1276200"></trkpt>
      <trkpt lat="45.6268500" lon="1.1268500"></trkpt>
      <trkpt lat="45.6224400" lon="1.1236100"></trkpt>
      <trkpt lat="45.6205100" lon="1.1229900"></trkpt>
      <trkpt lat="45.6196900" lon="1.1214700"></trkpt>
      <trkpt lat="45.6184800" lon="1.1203900"></trkpt>
      <trkpt lat="45.6170800" lon="1.1187600"></trkpt>
      <trkpt lat="45.6136800" lon="1.1161800"></trkpt>
      <trkpt lat="45.6127100" lon="1.1158200"></trkpt>
      <trkpt lat="45.6107900" lon="1.1156400"></trkpt>
      <trkpt lat="45.6087300" lon="1.1140900"></trkpt>
      <trkpt lat="45.6076000" lon="1.1137200"></trkpt>
      <trkpt lat="45.6059900" lon="1.1115400"></trkpt>
      <trkpt lat="45.6049600" lon="1.1088500"></trkpt>
      <trkpt lat="45.6050200" lon="1.1072100"></trkpt>
      <trkpt lat="45.6042900" lon="1.1059900"></trkpt>
      <trkpt lat="45.6027400" lon="1.1056500"></trkpt>
      <trkpt lat="45.6024000" lon="1.1052000"></trkpt>
      <trkpt lat="45.6033600" lon="1.1035200"></trkpt>
      <trkpt lat="45.6024000" lon="1.1027800"></trkpt>
      <trkpt lat="45.6014500" lon="1.1015900"></trkpt>
      <trkpt lat="45.6009900" lon="1.0998500"></trkpt>
      <trkpt lat="45.6009000" lon="1.0985600"></trkpt>
      <trkpt lat="45.6002100" lon="1.0972600"></trkpt>
      <trkpt lat="45.5984900" lon="1.0955100"></trkpt>
      <trkpt lat="45.5981200" lon="1.0942700"></trkpt>
      <trkpt lat="45.5976100" lon="1.0937800"></trkpt>
      <trkpt lat="45.5970400" lon="1.0922600"></trkpt>
      <trkpt lat="45.5946900" lon="1.0955400"></trkpt>
      <trkpt lat="45.5942700" lon="1.0951400"></trkpt>
      <trkpt lat="45.5937400" lon="1.0934300"></trkpt>
      <trkpt lat="45.5936200" lon="1.0918100"></trkpt>
      <trkpt lat="45.5933500" lon="1.0913300"></trkpt>
      <trkpt lat="45.5919200" lon="1.0902600"></trkpt>
      <trkpt lat="45.5910300" lon="1.0899000"></trkpt>
      <trkpt lat="45.5907600" lon="1.0889600"></trkpt>
      <trkpt lat="45.5911800" lon="1.0876400"></trkpt>
      <trkpt lat="45.5914400" lon="1.0846500"></trkpt>
      <trkpt lat="45.5912700" lon="1.0825200"></trkpt>
      <trkpt lat="45.5894000" lon="1.0694200"></trkpt>
      <trkpt lat="45.5887800" lon="1.0683300"></trkpt>
      <trkpt lat="45.5877200" lon="1.0680100"></trkpt>
      <trkpt lat="45.5862400" lon="1.0659500"></trkpt>
      <trkpt lat="45.5853300" lon="1.0630900"></trkpt>
      <trkpt lat="45.5847200" lon="1.0619100"></trkpt>
      <trkpt lat="45.5842000" lon="1.0617900"></trkpt>
      <trkpt lat="45.5836600" lon="1.0600600"></trkpt>
      <trkpt lat="45.5835700" lon="1.0591200"></trkpt>
      <trkpt lat="45.5828800" lon="1.0576000"></trkpt>
      <trkpt lat="45.5831600" lon="1.0555300"></trkpt>
      <trkpt lat="45.5824100" lon="1.0533400"></trkpt>
      <trkpt lat="45.5828000" lon="1.0512400"></trkpt>
      <trkpt lat="45.5823400" lon="1.0508000"></trkpt>
      <trkpt lat="45.5821700" lon="1.0499400"></trkpt>
      <trkpt lat="45.5815800" lon="1.0490300"></trkpt>
      <trkpt lat="45.5815400" lon="1.0480400"></trkpt>
      <trkpt lat="45.5808200" lon="1.0470200"></trkpt>
      <trkpt lat="45.5804800" lon="1.0448200"></trkpt>
      <trkpt lat="45.5808500" lon="1.0443400"></trkpt>
      <trkpt lat="45.5803700" lon="1.0430800"></trkpt>
      <trkpt lat="45.5803900" lon="1.0410500"></trkpt>
      <trkpt lat="45.5808700" lon="1.0393700"></trkpt>
      <trkpt lat="45.5815100" lon="1.0380800"></trkpt>
      <trkpt lat="45.5815900" lon="1.0371000"></trkpt>
      <trkpt lat="45.5813100" lon="1.0361200"></trkpt>
      <trkpt lat="45.5802200" lon="1.0344400"></trkpt>
      <trkpt lat="45.5791300" lon="1.0339500"></trkpt>
      <trkpt lat="45.5781800" lon="1.0329800"></trkpt>
      <trkpt lat="45.5770300" lon="1.0321700"></trkpt>
      <trkpt lat="45.5750100" lon="1.0311100"></trkpt>
      <trkpt lat="45.5737600" lon="1.0310300"></trkpt>
      <trkpt lat="45.5727200" lon="1.0320600"></trkpt>
      <trkpt lat="45.5704800" lon="1.0315300"></trkpt>
      <trkpt lat="45.5682000" lon="1.0299500"></trkpt>
      <trkpt lat="45.5664200" lon="1.0292500"></trkpt>
      <trkpt lat="45.5628100" lon="1.0266500"></trkpt>
      <trkpt lat="45.5584200" lon="1.0239600"></trkpt>
      <trkpt lat="45.5585800" lon="1.0232400"></trkpt>
      <trkpt lat="45.5580000" lon="1.0220800"></trkpt>
      <trkpt lat="45.5582600" lon="1.0212800"></trkpt>
      <trkpt lat="45.5580500" lon="1.0198200"></trkpt>
      <trkpt lat="45.5580500" lon="1.0185900"></trkpt>
      <trkpt lat="45.5574500" lon="1.0170600"></trkpt>
      <trkpt lat="45.5579400" lon="1.0158000"></trkpt>
      <trkpt lat="45.5580800" lon="1.0142700"></trkpt>
      <trkpt lat="45.5578400" lon="1.0123000"></trkpt>
      <trkpt lat="45.5574300" lon="1.0109600"></trkpt>
      <trkpt lat="45.5562900" lon="1.0091000"></trkpt>
      <trkpt lat="45.5557800" lon="1.0075000"></trkpt>
      <trkpt lat="45.5557900" lon="1.0069400"></trkpt>
      <trkpt lat="45.5567100" lon="1.0055200"></trkpt>
      <trkpt lat="45.5562200" lon="1.0042800"></trkpt>
      <trkpt lat="45.5549100" lon="1.0014900"></trkpt>
      <trkpt lat="45.5546100" lon="1.0004000"></trkpt>
      <trkpt lat="45.5541900" lon="1.0000900"></trkpt>
      <trkpt lat="45.5539800" lon="0.9990400"></trkpt>
      <trkpt lat="45.5526900" lon="0.9971400"></trkpt>
      <trkpt lat="45.5520300" lon="0.9957100"></trkpt>
      <trkpt lat="45.5514800" lon="0.9952100"></trkpt>
      <trkpt lat="45.5504700" lon="0.9949800"></trkpt>
      <trkpt lat="45.5493800" lon="0.9936100"></trkpt>
      <trkpt lat="45.5487200" lon="0.9915300"></trkpt>
      <trkpt lat="45.5486300" lon="0.9890600"></trkpt>
      <trkpt lat="45.5472700" lon="0.9865200"></trkpt>
      <trkpt lat="45.5458400" lon="0.9850400"></trkpt>
      <trkpt lat="45.5449400" lon="0.9838400"></trkpt>
      <trkpt lat="45.5440000" lon="0.9813700"></trkpt>
      <trkpt lat="45.5434000" lon="0.9801500"></trkpt>
      <trkpt lat="45.5431700" lon="0.9790400"></trkpt>
      <trkpt lat="45.5424000" lon="0.9782600"></trkpt>
      <trkpt lat="45.5420500" lon="0.9775400"></trkpt>
      <trkpt lat="45.5421000" lon="0.9768000"></trkpt>
      <trkpt lat="45.5408400" lon="0.9766700"></trkpt>
      <trkpt lat="45.5401000" lon="0.9763800"></trkpt>
      <trkpt lat="45.5390200" lon="0.9755800"></trkpt>
      <trkpt lat="45.5347900" lon="0.9689200"></trkpt>
      <trkpt lat="45.5341300" lon="0.9681600"></trkpt>
      <trkpt lat="45.5334400" lon="0.9677500"></trkpt>
      <trkpt lat="45.5211200" lon="0.9611200"></trkpt>
      <trkpt lat="45.5056700" lon="0.9527000"></trkpt>
      <trkpt lat="45.4876300" lon="0.9430000"></trkpt>
      <trkpt lat="45.4869800" lon="0.9428200"></trkpt>
      <trkpt lat="45.4824800" lon="0.9425800"></trkpt>
      <trkpt lat="45.4696800" lon="0.9419700"></trkpt>
      <trkpt lat="45.4688700" lon="0.9420100"></trkpt>
      <trkpt lat="45.4529100" lon="0.9441200"></trkpt>
      <trkpt lat="45.4515500" lon="0.9440200"></trkpt>
      <trkpt lat="45.4464200" lon="0.9421500"></trkpt>
      <trkpt lat="45.4455300" lon="0.9415200"></trkpt>
      <trkpt lat="45.4432100" lon="0.9386400"></trkpt>
      <trkpt lat="45.4425900" lon="0.9376600"></trkpt>
      <trkpt lat="45.4399200" lon="0.9328100"></trkpt>
      <trkpt lat="45.4393000" lon="0.9322100"></trkpt>
      <trkpt lat="45.4382400" lon="0.9319300"></trkpt>
      <trkpt lat="45.4365800" lon="0.9322700"></trkpt>
      <trkpt lat="45.4343700" lon="0.9319800"></trkpt>
      <trkpt lat="45.4332200" lon="0.9323900"></trkpt>
      <trkpt lat="45.4319500" lon="0.9331300"></trkpt>
      <trkpt lat="45.4309100" lon="0.9333600"></trkpt>
      <trkpt lat="45.4298200" lon="0.9328300"></trkpt>
      <trkpt lat="45.4204700" lon="0.9236000"></trkpt>
      <trkpt lat="45.4196100" lon="0.9226900"></trkpt>
      <trkpt lat="45.4154100" lon="0.9225800"></trkpt>
      <trkpt lat="45.4147300" lon="0.9226700"></trkpt>
      <trkpt lat="45.4135400" lon="0.9232100"></trkpt>
      <trkpt lat="45.4103700" lon="0.9233800"></trkpt>
      <trkpt lat="45.4096600" lon="0.9230100"></trkpt>
      <trkpt lat="45.4090600" lon="0.9222400"></trkpt>
      <trkpt lat="45.4081300" lon="0.9193600"></trkpt>
      <trkpt lat="45.4075500" lon="0.9184100"></trkpt>
      <trkpt lat="45.4061600" lon="0.9169700"></trkpt>
      <trkpt lat="45.4050200" lon="0.9161500"></trkpt>
      <trkpt lat="45.4035900" lon="0.9157800"></trkpt>
      <trkpt lat="45.4018100" lon="0.9145500"></trkpt>
      <trkpt lat="45.4004900" lon="0.9124700"></trkpt>
      <trkpt lat="45.3975400" lon="0.9061100"></trkpt>
      <trkpt lat="45.3968200" lon="0.9053100"></trkpt>
      <trkpt lat="45.3962400" lon="0.9050400"></trkpt>
      <trkpt lat="45.3953500" lon="0.9050700"></trkpt>
      <trkpt lat="45.3944500" lon="0.9054200"></trkpt>
      <trkpt lat="45.3930600" lon="0.9053100"></trkpt>
      <trkpt lat="45.3921800" lon="0.9046500"></trkpt>
      <trkpt lat="45.3915200" lon="0.9037600"></trkpt>
      <trkpt lat="45.3899800" lon="0.9012700"></trkpt>
      <trkpt lat="45.3889400" lon="0.8998900"></trkpt>
      <trkpt lat="45.3846700" lon="0.8957700"></trkpt>
      <trkpt lat="45.3840700" lon="0.8947800"></trkpt>
      <trkpt lat="45.3833000" lon="0.8922300"></trkpt>
      <trkpt lat="45.3826500" lon="0.8909900"></trkpt>
      <trkpt lat="45.3820600" lon="0.8903100"></trkpt>
      <trkpt lat="45.3799600" lon="0.8887400"></trkpt>
      <trkpt lat="45.3771000" lon="0.8869700"></trkpt>
      <trkpt lat="45.3754600" lon="0.8855300"></trkpt>
      <trkpt lat="45.3743700" lon="0.8840400"></trkpt>
      <trkpt lat="45.3699800" lon="0.8766700"></trkpt>
      <trkpt lat="45.3692800" lon="0.8757100"></trkpt>
      <trkpt lat="45.3681900" lon="0.8746900"></trkpt>
      <trkpt lat="45.3650900" lon="0.8728300"></trkpt>
      <trkpt lat="45.3630500" lon="0.8719800"></trkpt>
      <trkpt lat="45.3571500" lon="0.8704600"></trkpt>
      <trkpt lat="45.3562000" lon="0.8703600"></trkpt>
      <trkpt lat="45.3537900" lon="0.8703900"></trkpt>
      <trkpt lat="45.3526700" lon="0.8702400"></trkpt>
      <trkpt lat="45.3500100" lon="0.8692700"></trkpt>
      <trkpt lat="45.3483800" lon="0.8690800"></trkpt>
      <trkpt lat="45.3474300" lon="0.8680800"></trkpt>
      <trkpt lat="45.3462900" lon="0.8678100"></trkpt>
      <trkpt lat="45.3458200" lon="0.8650800"></trkpt>
      <trkpt lat="45.3454800" lon="0.8643100"></trkpt>
      <trkpt lat="45.3436400" lon="0.8633400"></trkpt>
      <trkpt lat="45.3436900" lon="0.8624700"></trkpt>
      <trkpt lat="45.3432100" lon="0.8619600"></trkpt>
      <trkpt lat="45.3409400" lon="0.8589200"></trkpt>
      <trkpt lat="45.3396800" lon="0.8567100"></trkpt>
      <trkpt lat="45.3371100" lon="0.8542600"></trkpt>
      <trkpt lat="45.3364100" lon="0.8537900"></trkpt>
      <trkpt lat="45.3343500" lon="0.8510300"></trkpt>
      <trkpt lat="45.3322600" lon="0.8473800"></trkpt>
      <trkpt lat="45.3318000" lon="0.8461400"></trkpt>
      <trkpt lat="45.3299300" lon="0.8423900"></trkpt>
      <trkpt lat="45.3284000" lon="0.8390800"></trkpt>
      <trkpt lat="45.3278100" lon="0.8380700"></trkpt>
      <trkpt lat="45.3282600" lon="0.8377100"></trkpt>
      <trkpt lat="45.3278000" lon="0.8365100"></trkpt>
      <trkpt lat="45.3273100" lon="0.8342500"></trkpt>
      <trkpt lat="45.3264300" lon="0.8322000"></trkpt>
      <trkpt lat="45.3253200" lon="0.8285400"></trkpt>
      <trkpt lat="45.3251400" lon="0.8273700"></trkpt>
      <trkpt lat="45.3247200" lon="0.8264700"></trkpt>
      <trkpt lat="45.3231300" lon="0.8211800"></trkpt>
      <trkpt lat="45.3229600" lon="0.8201400"></trkpt>
      <trkpt lat="45.3225800" lon="0.8194900"></trkpt>
      <trkpt lat="45.3218100" lon="0.8171400"></trkpt>
      <trkpt lat="45.3218400" lon="0.8162200"></trkpt>
      <trkpt lat="45.3199800" lon="0.8120700"></trkpt>
      <trkpt lat="45.3199400" lon="0.8102400"></trkpt>
      <trkpt lat="45.3191700" lon="0.8089600"></trkpt>
      <trkpt lat="45.3171500" lon="0.8071800"></trkpt>
      <trkpt lat="45.3135800" lon="0.8009200"></trkpt>
      <trkpt lat="45.3132700" lon="0.7998500"></trkpt>
      <trkpt lat="45.3118800" lon="0.7979700"></trkpt>
      <trkpt lat="45.3077900" lon="0.7907700"></trkpt>
      <trkpt lat="45.3073400" lon="0.7897100"></trkpt>
      <trkpt lat="45.3061600" lon="0.7882100"></trkpt>
      <trkpt lat="45.3030300" lon="0.7837700"></trkpt>
      <trkpt lat="45.3019900" lon="0.7815500"></trkpt>
      <trkpt lat="45.3006900" lon="0.7800200"></trkpt>
      <trkpt lat="45.3005700" lon="0.7793300"></trkpt>
      <trkpt lat="45.3013900" lon="0.7770000"></trkpt>
      <trkpt lat="45.3017200" lon="0.7748600"></trkpt>
      <trkpt lat="45.3005300" lon="0.7744900"></trkpt>
      <trkpt lat="45.2994600" lon="0.7713700"></trkpt>
      <trkpt lat="45.2993000" lon="0.7704800"></trkpt>
      <trkpt lat="45.2987800" lon="0.7600700"></trkpt>
      <trkpt lat="45.2985400" lon="0.7584800"></trkpt>
      <trkpt lat="45.2977100" lon="0.7566200"></trkpt>
      <trkpt lat="45.2953100" lon="0.7537000"></trkpt>
      <trkpt lat="45.2926500" lon="0.7516400"></trkpt>
      <trkpt lat="45.2907300" lon="0.7492700"></trkpt>
      <trkpt lat="45.2882800" lon="0.7472900"></trkpt>
      <trkpt lat="45.2877700" lon="0.7471100"></trkpt>
      <trkpt lat="45.2868500" lon="0.7455100"></trkpt>
      <trkpt lat="45.2848000" lon="0.7408400"></trkpt>
      <trkpt lat="45.2826400" lon="0.7371000"></trkpt>
      <trkpt lat="45.2820700" lon="0.7355500"></trkpt>
      <trkpt lat="45.2815500" lon="0.7326100"></trkpt>
      <trkpt lat="45.2801400" lon="0.7289200"></trkpt>
      <trkpt lat="45.2798600" lon="0.7284500"></trkpt>
      <trkpt lat="45.2782700" lon="0.7267900"></trkpt>
      <trkpt lat="45.2778500" lon="0.7253700"></trkpt>
      <trkpt lat="45.2780000" lon="0.7242100"></trkpt>
      <trkpt lat="45.2776600" lon="0.7232600"></trkpt>
      <trkpt lat="45.2764200" lon="0.7227600"></trkpt>
      <trkpt lat="45.2760400" lon="0.7223800"></trkpt>
      <trkpt lat="45.2748600" lon="0.7199600"></trkpt>
      <trkpt lat="45.2741200" lon="0.7188800"></trkpt>
      <trkpt lat="45.2721600" lon="0.7146200"></trkpt>
      <trkpt lat="45.2712000" lon="0.7126600"></trkpt>
      <trkpt lat="45.2697800" lon="0.7115100"></trkpt>
      <trkpt lat="45.2683800" lon="0.7108200"></trkpt>
      <trkpt lat="45.2675800" lon="0.7101900"></trkpt>
      <trkpt lat="45.2671100" lon="0.7094900"></trkpt>
      <trkpt lat="45.2646400" lon="0.7079900"></trkpt>
      <trkpt lat="45.2637800" lon="0.7072000"></trkpt>
      <trkpt lat="45.2622900" lon="0.7054500"></trkpt>
      <trkpt lat="45.2614700" lon="0.7041500"></trkpt>
      <trkpt lat="45.2609500" lon="0.7037700"></trkpt>
      <trkpt lat="45.2603500" lon="0.7038500"></trkpt>
      <trkpt lat="45.2591100" lon="0.7013900"></trkpt>
      <trkpt lat="45.2583400" lon="0.6993700"></trkpt>
      <trkpt lat="45.2579600" lon="0.6988600"></trkpt>
      <trkpt lat="45.2558200" lon="0.6976100"></trkpt>
      <trkpt lat="45.2548100" lon="0.6965000"></trkpt>
      <trkpt lat="45.2543400" lon="0.6947000"></trkpt>
      <trkpt lat="45.2535600" lon="0.6929500"></trkpt>
      <trkpt lat="45.2518800" lon="0.6902000"></trkpt>
      <trkpt lat="45.2495500" lon="0.6869100"></trkpt>
      <trkpt lat="45.2477200" lon="0.6858300"></trkpt>
      <trkpt lat="45.2474400" lon="0.6853700"></trkpt>
      <trkpt lat="45.2465100" lon="0.6856000"></trkpt>
      <trkpt lat="45.2455000" lon="0.6863000"></trkpt>
      <trkpt lat="45.2434200" lon="0.6871300"></trkpt>
      <trkpt lat="45.2427500" lon="0.6868500"></trkpt>
      <trkpt lat="45.2414400" lon="0.6852600"></trkpt>
      <trkpt lat="45.2406600" lon="0.6849700"></trkpt>
      <trkpt lat="45.2380900" lon="0.6852000"></trkpt>
      <trkpt lat="45.2366400" lon="0.6854300"></trkpt>
      <trkpt lat="45.2358600" lon="0.6853800"></trkpt>
      <trkpt lat="45.2346300" lon="0.6849700"></trkpt>
      <trkpt lat="45.2319300" lon="0.6831200"></trkpt>
      <trkpt lat="45.2264300" lon="0.6762200"></trkpt>
      <trkpt lat="45.2257200" lon="0.6758100"></trkpt>
      <trkpt lat="45.2224900" lon="0.6747800"></trkpt>
      <trkpt lat="45.2217500" lon="0.6744000"></trkpt>
      <trkpt lat="45.2203000" lon="0.6731000"></trkpt>
      <trkpt lat="45.2198100" lon="0.6723000"></trkpt>
      <trkpt lat="45.2191500" lon="0.6705100"></trkpt>
      <trkpt lat="45.2179100" lon="0.6685900"></trkpt>
      <trkpt lat="45.2172900" lon="0.6681600"></trkpt>
      <trkpt lat="45.2161500" lon="0.6687300"></trkpt>
      <trkpt lat="45.2159000" lon="0.6673500"></trkpt>
      <trkpt lat="45.2149400" lon="0.6681400"></trkpt>
      <trkpt lat="45.2139400" lon="0.6682500"></trkpt>
      <trkpt lat="45.2125200" lon="0.6674800"></trkpt>
      <trkpt lat="45.2118300" lon="0.6655600"></trkpt>
      <trkpt lat="45.2113300" lon="0.6646300"></trkpt>
      <trkpt lat="45.2105000" lon="0.6639500"></trkpt>
      <trkpt lat="45.2099900" lon="0.6639400"></trkpt>
      <trkpt lat="45.2094100" lon="0.6644500"></trkpt>
      <trkpt lat="45.2085000" lon="0.6657700"></trkpt>
      <trkpt lat="45.2073300" lon="0.6662200"></trkpt>
      <trkpt lat="45.2064400" lon="0.6659700"></trkpt>
      <trkpt lat="45.2062000" lon="0.6669000"></trkpt>
      <trkpt lat="45.2056100" lon="0.6668100"></trkpt>
      <trkpt lat="45.2045400" lon="0.6672400"></trkpt>
      <trkpt lat="45.2042600" lon="0.6661300"></trkpt>
      <trkpt lat="45.2025000" lon="0.6638000"></trkpt>
      <trkpt lat="45.2014400" lon="0.6629000"></trkpt>
      <trkpt lat="45.2005000" lon="0.6626300"></trkpt>
      <trkpt lat="45.1982100" lon="0.6616600"></trkpt>
      <trkpt lat="45.1981300" lon="0.6613700"></trkpt>
      <trkpt lat="45.1970900" lon="0.6611700"></trkpt>
      <trkpt lat="45.1963400" lon="0.6607800"></trkpt>
      <trkpt lat="45.1955100" lon="0.6606900"></trkpt>
      <trkpt lat="45.1924000" lon="0.6611100"></trkpt>
      <trkpt lat="45.1900500" lon="0.6617900"></trkpt>
      <trkpt lat="45.1893900" lon="0.6616100"></trkpt>
      <trkpt lat="45.1879300" lon="0.6608000"></trkpt>
      <trkpt lat="45.1875900" lon="0.6600700"></trkpt>
      <trkpt lat="45.1870000" lon="0.6569600"></trkpt>
      <trkpt lat="45.1867300" lon="0.6549300"></trkpt>
      <trkpt lat="45.1864000" lon="0.6541000"></trkpt>
      <trkpt lat="45.1862300" lon="0.6528900"></trkpt>
      <trkpt lat="45.1856200" lon="0.6512900"></trkpt>
      <trkpt lat="45.1854400" lon="0.6490500"></trkpt>
      <trkpt lat="45.1850900" lon="0.6478900"></trkpt>
      <trkpt lat="45.1851800" lon="0.6433600"></trkpt>
      <trkpt lat="45.1854600" lon="0.6408400"></trkpt>
      <trkpt lat="45.1854900" lon="0.6383700"></trkpt>
      <trkpt lat="45.1852800" lon="0.6375900"></trkpt>
      <trkpt lat="45.1841900" lon="0.6376800"></trkpt>
      <trkpt lat="45.1834600" lon="0.6272900"></trkpt>
      <trkpt lat="45.1827400" lon="0.6255700"></trkpt>
      <trkpt lat="45.1811300" lon="0.6242300"></trkpt>
      <trkpt lat="45.1804600" lon="0.6234300"></trkpt>
      <trkpt lat="45.1722600" lon="0.6085000"></trkpt>
      <trkpt lat="45.1718900" lon="0.6080000"></trkpt>
      <trkpt lat="45.1662500" lon="0.6015000"></trkpt>
      <trkpt lat="45.1611000" lon="0.5955100"></trkpt>
      <trkpt lat="45.1519000" lon="0.5847600"></trkpt>
      <trkpt lat="45.1513100" lon="0.5835600"></trkpt>
      <trkpt lat="45.1507900" lon="0.5803300"></trkpt>
      <trkpt lat="45.1506300" lon="0.5779000"></trkpt>
      <trkpt lat="45.1506500" lon="0.5764700"></trkpt>
      <trkpt lat="45.1504900" lon="0.5752100"></trkpt>
      <trkpt lat="45.1511100" lon="0.5729200"></trkpt>
      <trkpt lat="45.1509500" lon="0.5715300"></trkpt>
      <trkpt lat="45.1506400" lon="0.5707500"></trkpt>
      <trkpt lat="45.1490500" lon="0.5681300"></trkpt>
      <trkpt lat="45.1484600" lon="0.5655500"></trkpt>
      <trkpt lat="45.1477200" lon="0.5645000"></trkpt>
      <trkpt lat="45.1466400" lon="0.5638800"></trkpt>
      <trkpt lat="45.1459000" lon="0.5631500"></trkpt>
      <trkpt lat="45.1447800" lon="0.5612100"></trkpt>
      <trkpt lat="45.1438700" lon="0.5592200"></trkpt>
      <trkpt lat="45.1433900" lon="0.5578900"></trkpt>
      <trkpt lat="45.1406900" lon="0.5510100"></trkpt>
      <trkpt lat="45.1403300" lon="0.5499100"></trkpt>
      <trkpt lat="45.1403400" lon="0.5486100"></trkpt>
      <trkpt lat="45.1408900" lon="0.5481700"></trkpt>
      <trkpt lat="45.1409900" lon="0.5475500"></trkpt>
      <trkpt lat="45.1405500" lon="0.5464600"></trkpt>
      <trkpt lat="45.1372200" lon="0.5419000"></trkpt>
      <trkpt lat="45.1357700" lon="0.5400200"></trkpt>
      <trkpt lat="45.1344200" lon="0.5377000"></trkpt>
      <trkpt lat="45.1329500" lon="0.5359400"></trkpt>
      <trkpt lat="45.1279100" lon="0.5312300"></trkpt>
      <trkpt lat="45.1275000" lon="0.5307900"></trkpt>
      <trkpt lat="45.1254100" lon="0.5277300"></trkpt>
      <trkpt lat="45.1245100" lon="0.5255800"></trkpt>
      <trkpt lat="45.1238500" lon="0.5225800"></trkpt>
      <trkpt lat="45.1235300" lon="0.5216700"></trkpt>
      <trkpt lat="45.1221900" lon="0.5192800"></trkpt>
      <trkpt lat="45.1204000" lon="0.5170400"></trkpt>
      <trkpt lat="45.1185300" lon="0.5153100"></trkpt>
      <trkpt lat="45.1164200" lon="0.5125900"></trkpt>
      <trkpt lat="45.1150300" lon="0.5110700"></trkpt>
      <trkpt lat="45.1131200" lon="0.5081500"></trkpt>
      <trkpt lat="45.1095600" lon="0.5040300"></trkpt>
      <trkpt lat="45.1075500" lon="0.5021000"></trkpt>
      <trkpt lat="45.1069500" lon="0.5011200"></trkpt>
      <trkpt lat="45.1051600" lon="0.4976800"></trkpt>
      <trkpt lat="45.1042700" lon="0.4949500"></trkpt>
      <trkpt lat="45.1035000" lon="0.4917300"></trkpt>
      <trkpt lat="45.1015100" lon="0.4877300"></trkpt>
      <trkpt lat="45.1004700" lon="0.4850000"></trkpt>
      <trkpt lat="45.0992900" lon="0.4828900"></trkpt>
      <trkpt lat="45.0952500" lon="0.4788000"></trkpt>
      <trkpt lat="45.0945000" lon="0.4777700"></trkpt>
      <trkpt lat="45.0924100" lon="0.4741000"></trkpt>
      <trkpt lat="45.0911900" lon="0.4726600"></trkpt>
      <trkpt lat="45.0865700" lon="0.4686500"></trkpt>
      <trkpt lat="45.0849500" lon="0.4666900"></trkpt>
      <trkpt lat="45.0843300" lon="0.4653700"></trkpt>
      <trkpt lat="45.0838800" lon="0.4636200"></trkpt>
      <trkpt lat="45.0832100" lon="0.4600100"></trkpt>
      <trkpt lat="45.0826400" lon="0.4584700"></trkpt>
      <trkpt lat="45.0818200" lon="0.4569900"></trkpt>
      <trkpt lat="45.0805900" lon="0.4552500"></trkpt>
      <trkpt lat="45.0776000" lon="0.4518500"></trkpt>
      <trkpt lat="45.0765400" lon="0.4502200"></trkpt>
      <trkpt lat="45.0747100" lon="0.4461200"></trkpt>
      <trkpt lat="45.0730100" lon="0.4434400"></trkpt>
      <trkpt lat="45.0702600" lon="0.4368600"></trkpt>
      <trkpt lat="45.0689300" lon="0.4334600"></trkpt>
      <trkpt lat="45.0681500" lon="0.4325100"></trkpt>
      <trkpt lat="45.0676800" lon="0.4313700"></trkpt>
      <trkpt lat="45.0624700" lon="0.4239700"></trkpt>
      <trkpt lat="45.0603700" lon="0.4217400"></trkpt>
      <trkpt lat="45.0594800" lon="0.4206600"></trkpt>
      <trkpt lat="45.0578600" lon="0.4171200"></trkpt>
      <trkpt lat="45.0571300" lon="0.4159800"></trkpt>
      <trkpt lat="45.0560700" lon="0.4147600"></trkpt>
      <trkpt lat="45.0523900" lon="0.4074900"></trkpt>
      <trkpt lat="45.0518900" lon="0.4059700"></trkpt>
      <trkpt lat="45.0515300" lon="0.4038600"></trkpt>
      <trkpt lat="45.0516400" lon="0.4026700"></trkpt>
      <trkpt lat="45.0513500" lon="0.4010800"></trkpt>
      <trkpt lat="45.0511700" lon="0.3983500"></trkpt>
      <trkpt lat="45.0512800" lon="0.3960500"></trkpt>
      <trkpt lat="45.0515100" lon="0.3938600"></trkpt>
      <trkpt lat="45.0509300" lon="0.3918800"></trkpt>
      <trkpt lat="45.0475500" lon="0.3833400"></trkpt>
      <trkpt lat="45.0466100" lon="0.3816600"></trkpt>
      <trkpt lat="45.0457500" lon="0.3812000"></trkpt>
      <trkpt lat="45.0429900" lon="0.3813000"></trkpt>
      <trkpt lat="45.0412200" lon="0.3808200"></trkpt>
      <trkpt lat="45.0397400" lon="0.3800600"></trkpt>
      <trkpt lat="45.0387100" lon="0.3792200"></trkpt>
      <trkpt lat="45.0371100" lon="0.3774500"></trkpt>
      <trkpt lat="45.0367200" lon="0.3763800"></trkpt>
      <trkpt lat="45.0366300" lon="0.3740800"></trkpt>
      <trkpt lat="45.0367300" lon="0.3730000"></trkpt>
      <trkpt lat="45.0375100" lon="0.3711100"></trkpt>
      <trkpt lat="45.0372200" lon="0.3705800"></trkpt>
      <trkpt lat="45.0371500" lon="0.3695700"></trkpt>
      <trkpt lat="45.0368900" lon="0.3695700"></trkpt>
      <trkpt lat="45.0359600" lon="0.3664700"></trkpt>
      <trkpt lat="45.0344500" lon="0.3639400"></trkpt>
      <trkpt lat="45.0303800" lon="0.3576400"></trkpt>
      <trkpt lat="45.0297000" lon="0.3567800"></trkpt>
      <trkpt lat="45.0222800" lon="0.3506500"></trkpt>
      <trkpt lat="45.0217800" lon="0.3501500"></trkpt>
      <trkpt lat="45.0209300" lon="0.3487000"></trkpt>
      <trkpt lat="45.0196000" lon="0.3460900"></trkpt>
      <trkpt lat="45.0168700" lon="0.3413700"></trkpt>
      <trkpt lat="45.0113600" lon="0.3341100"></trkpt>
      <trkpt lat="45.0102500" lon="0.3332400"></trkpt>
      <trkpt lat="45.0081600" lon="0.3324300"></trkpt>
      <trkpt lat="45.0066300" lon="0.3319700"></trkpt>
      <trkpt lat="45.0055300" lon="0.3318200"></trkpt>
      <trkpt lat="45.0039700" lon="0.3318600"></trkpt>
      <trkpt lat="45.0021200" lon="0.3321800"></trkpt>
      <trkpt lat="44.9951000" lon="0.3301100"></trkpt>
      <trkpt lat="44.9928700" lon="0.3300500"></trkpt>
      <trkpt lat="44.9920800" lon="0.3297900"></trkpt>
      <trkpt lat="44.9912600" lon="0.3291700"></trkpt>
      <trkpt lat="44.9895200" lon="0.3283000"></trkpt>
      <trkpt lat="44.9879200" lon="0.3282300"></trkpt>
      <trkpt lat="44.9870300" lon="0.3275100"></trkpt>
      <trkpt lat="44.9862200" lon="0.3275100"></trkpt>
      <trkpt lat="44.9821400" lon="0.3261900"></trkpt>
      <trkpt lat="44.9798000" lon="0.3260200"></trkpt>
      <trkpt lat="44.9788400" lon="0.3253500"></trkpt>
      <trkpt lat="44.9784900" lon="0.3245300"></trkpt>
      <trkpt lat="44.9785300" lon="0.3236200"></trkpt>
      <trkpt lat="44.9800100" lon="0.3176600"></trkpt>
      <trkpt lat="44.9797600" lon="0.3160200"></trkpt>
      <trkpt lat="44.9791400" lon="0.3151500"></trkpt>
      <trkpt lat="44.9773900" lon="0.3136900"></trkpt>
      <trkpt lat="44.9767700" lon="0.3128300"></trkpt>
      <trkpt lat="44.9758900" lon="0.3108100"></trkpt>
      <trkpt lat="44.9746000" lon="0.3102200"></trkpt>
      <trkpt lat="44.9718100" lon="0.3106600"></trkpt>
      <trkpt lat="44.9691800" lon="0.3099900"></trkpt>
      <trkpt lat="44.9677700" lon="0.3093200"></trkpt>
      <trkpt lat="44.9656800" lon="0.3091200"></trkpt>
      <trkpt lat="44.9650000" lon="0.3088000"></trkpt>
      <trkpt lat="44.9647400" lon="0.3083100"></trkpt>
      <trkpt lat="44.9632300" lon="0.3041000"></trkpt>
      <trkpt lat="44.9629200" lon="0.3034900"></trkpt>
      <trkpt lat="44.9597400" lon="0.2995900"></trkpt>
      <trkpt lat="44.9578700" lon="0.2985700"></trkpt>
      <trkpt lat="44.9570600" lon="0.2973200"></trkpt>
      <trkpt lat="44.9560400" lon="0.2963500"></trkpt>
      <trkpt lat="44.9544400" lon="0.2958300"></trkpt>
      <trkpt lat="44.9529700" lon="0.2947600"></trkpt>
      <trkpt lat="44.9522400" lon="0.2948100"></trkpt>
      <trkpt lat="44.9517400" lon="0.2953100"></trkpt>
      <trkpt lat="44.9509400" lon="0.2954600"></trkpt>
      <trkpt lat="44.9478400" lon="0.2942500"></trkpt>
      <trkpt lat="44.9471200" lon="0.2936700"></trkpt>
      <trkpt lat="44.9451400" lon="0.2930700"></trkpt>
      <trkpt lat="44.9447200" lon="0.2927100"></trkpt>
      <trkpt lat="44.9440700" lon="0.2914500"></trkpt>
      <trkpt lat="44.9426500" lon="0.2908500"></trkpt>
      <trkpt lat="44.9414200" lon="0.2909000"></trkpt>
      <trkpt lat="44.9409800" lon="0.2906000"></trkpt>
      <trkpt lat="44.9401200" lon="0.2888600"></trkpt>
      <trkpt lat="44.9375500" lon="0.2867800"></trkpt>
      <trkpt lat="44.9356200" lon="0.2859300"></trkpt>
      <trkpt lat="44.9340000" lon="0.2841800"></trkpt>
      <trkpt lat="44.9317800" lon="0.2828800"></trkpt>
      <trkpt lat="44.9304900" lon="0.2818400"></trkpt>
      <trkpt lat="44.9298500" lon="0.2815400"></trkpt>
      <trkpt lat="44.9271600" lon="0.2808400"></trkpt>
      <trkpt lat="44.9248700" lon="0.2799200"></trkpt>
      <trkpt lat="44.9239300" lon="0.2788900"></trkpt>
      <trkpt lat="44.9230000" lon="0.2760400"></trkpt>
      <trkpt lat="44.9226700" lon="0.2727100"></trkpt>
      <trkpt lat="44.9223200" lon="0.2717900"></trkpt>
      <trkpt lat="44.9217000" lon="0.2709600"></trkpt>
      <trkpt lat="44.9200900" lon="0.2682300"></trkpt>
      <trkpt lat="44.9193800" lon="0.2679200"></trkpt>
      <trkpt lat="44.9181200" lon="0.2678800"></trkpt>
      <trkpt lat="44.9151000" lon="0.2674100"></trkpt>
      <trkpt lat="44.9129100" lon="0.2660500"></trkpt>
      <trkpt lat="44.9123000" lon="0.2658400"></trkpt>
      <trkpt lat="44.9095600" lon="0.2659700"></trkpt>
      <trkpt lat="44.9084100" lon="0.2652000"></trkpt>
      <trkpt lat="44.9076700" lon="0.2640100"></trkpt>
      <trkpt lat="44.9073500" lon="0.2629500"></trkpt>
      <trkpt lat="44.9063800" lon="0.2572000"></trkpt>
      <trkpt lat="44.9061100" lon="0.2566100"></trkpt>
      <trkpt lat="44.9048200" lon="0.2553400"></trkpt>
      <trkpt lat="44.9027700" lon="0.2544800"></trkpt>
      <trkpt lat="44.9021300" lon="0.2544200"></trkpt>
      <trkpt lat="44.8972800" lon="0.2550500"></trkpt>
      <trkpt lat="44.8967000" lon="0.2545600"></trkpt>
      <trkpt lat="44.8937000" lon="0.2494300"></trkpt>
      <trkpt lat="44.8935000" lon="0.2488400"></trkpt>
      <trkpt lat="44.8933600" lon="0.2461900"></trkpt>
      <trkpt lat="44.8912500" lon="0.2497400"></trkpt>
      <trkpt lat="44.8903500" lon="0.2495800"></trkpt>
      <trkpt lat="44.8883600" lon="0.2497200"></trkpt>
      <trkpt lat="44.8872000" lon="0.2505000"></trkpt>
      <trkpt lat="44.8865100" lon="0.2502600"></trkpt>
      <trkpt lat="44.8855500" lon="0.2505700"></trkpt>
      <trkpt lat="44.8821200" lon="0.2498900"></trkpt>
      <trkpt lat="44.8813700" lon="0.2495000"></trkpt>
      <trkpt lat="44.8778800" lon="0.2472100"></trkpt>
      <trkpt lat="44.8771800" lon="0.2466500"></trkpt>
      <trkpt lat="44.8759100" lon="0.2444600"></trkpt>
      <trkpt lat="44.8752900" lon="0.2452300"></trkpt>
      <trkpt lat="44.8747200" lon="0.2451100"></trkpt>
      <trkpt lat="44.8723100" lon="0.2432800"></trkpt>
      <trkpt lat="44.8706500" lon="0.2422600"></trkpt>
      <trkpt lat="44.8691600" lon="0.2419700"></trkpt>
      <trkpt lat="44.8685200" lon="0.2420800"></trkpt>
      <trkpt lat="44.8674100" lon="0.2430300"></trkpt>
      <trkpt lat="44.8655900" lon="0.2442600"></trkpt>
      <trkpt lat="44.8636600" lon="0.2450100"></trkpt>
      <trkpt lat="44.8620800" lon="0.2452800"></trkpt>
      <trkpt lat="44.8601100" lon="0.2447000"></trkpt>
      <trkpt lat="44.8588800" lon="0.2439300"></trkpt>
      <trkpt lat="44.8557600" lon="0.2414600"></trkpt>
      <trkpt lat="44.8543700" lon="0.2390400"></trkpt>
      <trkpt lat="44.8536000" lon="0.2371800"></trkpt>
      <trkpt lat="44.8522500" lon="0.2347500"></trkpt>
      <trkpt lat="44.8512200" lon="0.2332400"></trkpt>
      <trkpt lat="44.8471600" lon="0.2291200"></trkpt>
      <trkpt lat="44.8457800" lon="0.2289200"></trkpt>
      <trkpt lat="44.8448700" lon="0.2294500"></trkpt>
      <trkpt lat="44.8444600" lon="0.2292100"></trkpt>
      <trkpt lat="44.8441300" lon="0.2279300"></trkpt>
      <trkpt lat="44.8441600" lon="0.2271900"></trkpt>
      <trkpt lat="44.8430900" lon="0.2228700"></trkpt>
      <trkpt lat="44.8425000" lon="0.2197000"></trkpt>
      <trkpt lat="44.8411600" lon="0.2131600"></trkpt>
      <trkpt lat="44.8410900" lon="0.2124400"></trkpt>
      <trkpt lat="44.8406200" lon="0.2117300"></trkpt>
      <trkpt lat="44.8349400" lon="0.2066400"></trkpt>
      <trkpt lat="44.8319100" lon="0.2040100"></trkpt>
      <trkpt lat="44.8286100" lon="0.2010400"></trkpt>
      <trkpt lat="44.8208800" lon="0.1941700"></trkpt>
      <trkpt lat="44.8200100" lon="0.1939200"></trkpt>
      <trkpt lat="44.8189600" lon="0.1942000"></trkpt>
      <trkpt lat="44.8181200" lon="0.1933600"></trkpt>
      <trkpt lat="44.8178700" lon="0.1927900"></trkpt>
      <trkpt lat="44.8177600" lon="0.1912400"></trkpt>
      <trkpt lat="44.8173200" lon="0.1888000"></trkpt>
      <trkpt lat="44.8168300" lon="0.1880300"></trkpt>
      <trkpt lat="44.8152500" lon="0.1871700"></trkpt>
      <trkpt lat="44.8144100" lon="0.1860200"></trkpt>
      <trkpt lat="44.8136700" lon="0.1854500"></trkpt>
      <trkpt lat="44.8129800" lon="0.1841500"></trkpt>
      <trkpt lat="44.8117700" lon="0.1825900"></trkpt>
      <trkpt lat="44.8088500" lon="0.1841500"></trkpt>
      <trkpt lat="44.8072200" lon="0.1844300"></trkpt>
      <trkpt lat="44.8058800" lon="0.1851300"></trkpt>
      <trkpt lat="44.8043200" lon="0.1850700"></trkpt>
      <trkpt lat="44.7989600" lon="0.1799600"></trkpt>
      <trkpt lat="44.7978300" lon="0.1789700"></trkpt>
      <trkpt lat="44.7960100" lon="0.1788800"></trkpt>
      <trkpt lat="44.7953000" lon="0.1784700"></trkpt>
      <trkpt lat="44.7945100" lon="0.1771500"></trkpt>
      <trkpt lat="44.7936600" lon="0.1764500"></trkpt>
      <trkpt lat="44.7930800" lon="0.1748400"></trkpt>
      <trkpt lat="44.7922700" lon="0.1740400"></trkpt>
      <trkpt lat="44.7911900" lon="0.1743100"></trkpt>
      <trkpt lat="44.7904000" lon="0.1740800"></trkpt>
      <trkpt lat="44.7893700" lon="0.1728800"></trkpt>
      <trkpt lat="44.7886600" lon="0.1717100"></trkpt>
      <trkpt lat="44.7881400" lon="0.1712200"></trkpt>
      <trkpt lat="44.7820500" lon="0.1666800"></trkpt>
      <trkpt lat="44.7803100" lon="0.1653200"></trkpt>
      <trkpt lat="44.7753000" lon="0.1563500"></trkpt>
      <trkpt lat="44.7723500" lon="0.1496900"></trkpt>
      <trkpt lat="44.7692400" lon="0.1450000"></trkpt>
      <trkpt lat="44.7686400" lon="0.1446000"></trkpt>
      <trkpt lat="44.7679100" lon="0.1445700"></trkpt>
      <trkpt lat="44.7619000" lon="0.1454900"></trkpt>
      <trkpt lat="44.7604000" lon="0.1449200"></trkpt>
      <trkpt lat="44.7546000" lon="0.1387200"></trkpt>
      <trkpt lat="44.7544100" lon="0.1383200"></trkpt>
      <trkpt lat="44.7536400" lon="0.1343800"></trkpt>
      <trkpt lat="44.7537200" lon="0.1330400"></trkpt>
      <trkpt lat="44.7519000" lon="0.1311800"></trkpt>
      <trkpt lat="44.7503700" lon="0.1294000"></trkpt>
      <trkpt lat="44.7492300" lon="0.1278000"></trkpt>
      <trkpt lat="44.7480500" lon="0.1270000"></trkpt>
      <trkpt lat="44.7454100" lon="0.1260200"></trkpt>
      <trkpt lat="44.7437900" lon="0.1263000"></trkpt>
      <trkpt lat="44.7432900" lon="0.1260600"></trkpt>
      <trkpt lat="44.7411700" lon="0.1231600"></trkpt>
      <trkpt lat="44.7388600" lon="0.1221700"></trkpt>
      <trkpt lat="44.7363100" lon="0.1218000"></trkpt>
      <trkpt lat="44.7341600" lon="0.1225300"></trkpt>
      <trkpt lat="44.7332300" lon="0.1227300"></trkpt>
      <trkpt lat="44.7315800" lon="0.1226100"></trkpt>
      <trkpt lat="44.7305800" lon="0.1220900"></trkpt>
      <trkpt lat="44.7276700" lon="0.1176100"></trkpt>
      <trkpt lat="44.7271100" lon="0.1159400"></trkpt>
      <trkpt lat="44.7270100" lon="0.1134500"></trkpt>
      <trkpt lat="44.7265800" lon="0.1124800"></trkpt>
      <trkpt lat="44.7234700" lon="0.1092400"></trkpt>
      <trkpt lat="44.7231900" lon="0.1086900"></trkpt>
      <trkpt lat="44.7226300" lon="0.1058700"></trkpt>
      <trkpt lat="44.7220500" lon="0.1046500"></trkpt>
      <trkpt lat="44.7197600" lon="0.1018700"></trkpt>
      <trkpt lat="44.7189300" lon="0.1005400"></trkpt>
      <trkpt lat="44.7175100" lon="0.0963000"></trkpt>
      <trkpt lat="44.7171800" lon="0.0956800"></trkpt>
      <trkpt lat="44.7160300" lon="0.0953600"></trkpt>
      <trkpt lat="44.7166700" lon="0.0938300"></trkpt>
      <trkpt lat="44.7167600" lon="0.0926800"></trkpt>
      <trkpt lat="44.7161300" lon="0.0883700"></trkpt>
      <trkpt lat="44.7146800" lon="0.0844400"></trkpt>
      <trkpt lat="44.7140900" lon="0.0836600"></trkpt>
      <trkpt lat="44.7104200" lon="0.0811200"></trkpt>
      <trkpt lat="44.7094600" lon="0.0795600"></trkpt>
      <trkpt lat="44.7075800" lon="0.0748000"></trkpt>
      <trkpt lat="44.7066500" lon="0.0732700"></trkpt>
      <trkpt lat="44.7046400" lon="0.0711500"></trkpt>
      <trkpt lat="44.7040900" lon="0.0703700"></trkpt>
      <trkpt lat="44.7013100" lon="0.0657300"></trkpt>
      <trkpt lat="44.7002300" lon="0.0651600"></trkpt>
      <trkpt lat="44.6987100" lon="0.0649900"></trkpt>
      <trkpt lat="44.6975200" lon="0.0644900"></trkpt>
      <trkpt lat="44.6955000" lon="0.0630200"></trkpt>
      <trkpt lat="44.6944900" lon="0.0619300"></trkpt>
      <trkpt lat="44.6940900" lon="0.0609600"></trkpt>
      <trkpt lat="44.6935700" lon="0.0585000"></trkpt>
      <trkpt lat="44.6945400" lon="0.0555000"></trkpt>
      <trkpt lat="44.6943400" lon="0.0538300"></trkpt>
      <trkpt lat="44.6945300" lon="0.0527100"></trkpt>
      <trkpt lat="44.6950800" lon="0.0508400"></trkpt>
      <trkpt lat="44.6952500" lon="0.0495100"></trkpt>
      <trkpt lat="44.6948800" lon="0.0442700"></trkpt>
      <trkpt lat="44.6946200" lon="0.0414100"></trkpt>
      <trkpt lat="44.6933500" lon="0.0384900"></trkpt>
      <trkpt lat="44.6904200" lon="0.0335800"></trkpt>
      <trkpt lat="44.6882300" lon="0.0253100"></trkpt>
      <trkpt lat="44.6878800" lon="0.0243500"></trkpt>
      <trkpt lat="44.6860900" lon="0.0211800"></trkpt>
      <trkpt lat="44.6837300" lon="0.0173000"></trkpt>
      <trkpt lat="44.6791100" lon="0.0077000"></trkpt>
      <trkpt lat="44.6781200" lon="0.0016400"></trkpt>
      <trkpt lat="44.6782100" lon="-0.0011500"></trkpt>
      <trkpt lat="44.6777400" lon="-0.0027100"></trkpt>
      <trkpt lat="44.6772400" lon="-0.0036000"></trkpt>
      <trkpt lat="44.6776000" lon="-0.0059200"></trkpt>
      <trkpt lat="44.6764500" lon="-0.0068800"></trkpt>
      <trkpt lat="44.6767300" lon="-0.0087000"></trkpt>
      <trkpt lat="44.6731200" lon="-0.0102000"></trkpt>
      <trkpt lat="44.6709500" lon="-0.0114300"></trkpt>
      <trkpt lat="44.6698600" lon="-0.0111900"></trkpt>
      <trkpt lat="44.6694400" lon="-0.0116000"></trkpt>
      <trkpt lat="44.6682900" lon="-0.0150900"></trkpt>
      <trkpt lat="44.6677700" lon="-0.0153200"></trkpt>
      <trkpt lat="44.6653900" lon="-0.0144400"></trkpt>
      <trkpt lat="44.6643000" lon="-0.0145500"></trkpt>
      <trkpt lat="44.6538400" lon="-0.0200900"></trkpt>
      <trkpt lat="44.6529000" lon="-0.0205200"></trkpt>
      <trkpt lat="44.6463300" lon="-0.0222400"></trkpt>
      <trkpt lat="44.6451500" lon="-0.0226500"></trkpt>
      <trkpt lat="44.6436200" lon="-0.0243100"></trkpt>
      <trkpt lat="44.6430500" lon="-0.0258300"></trkpt>
      <trkpt lat="44.6430800" lon="-0.0274500"></trkpt>
      <trkpt lat="44.6428800" lon="-0.0289400"></trkpt>
      <trkpt lat="44.6423100" lon="-0.0305500"></trkpt>
      <trkpt lat="44.6410900" lon="-0.0316000"></trkpt>
      <trkpt lat="44.6408500" lon="-0.0320600"></trkpt>
      <trkpt lat="44.6392500" lon="-0.0370800"></trkpt>
      <trkpt lat="44.6384700" lon="-0.0378100"></trkpt>
      <trkpt lat="44.6364300" lon="-0.0403600"></trkpt>
      <trkpt lat="44.6356300" lon="-0.0409300"></trkpt>
      <trkpt lat="44.6342800" lon="-0.0432800"></trkpt>
      <trkpt lat="44.6330000" lon="-0.0452600"></trkpt>
      <trkpt lat="44.6322000" lon="-0.0475400"></trkpt>
      <trkpt lat="44.6318800" lon="-0.0499400"></trkpt>
      <trkpt lat="44.6308900" lon="-0.0523300"></trkpt>
      <trkpt lat="44.6306800" lon="-0.0532200"></trkpt>
      <trkpt lat="44.6305000" lon="-0.0553700"></trkpt>
      <trkpt lat="44.6298200" lon="-0.0571100"></trkpt>
      <trkpt lat="44.6291500" lon="-0.0595100"></trkpt>
      <trkpt lat="44.6280400" lon="-0.0612000"></trkpt>
      <trkpt lat="44.6278200" lon="-0.0618900"></trkpt>
      <trkpt lat="44.6273600" lon="-0.0647100"></trkpt>
      <trkpt lat="44.6268700" lon="-0.0665600"></trkpt>
      <trkpt lat="44.6257200" lon="-0.0688300"></trkpt>
      <trkpt lat="44.6250300" lon="-0.0706900"></trkpt>
      <trkpt lat="44.6242800" lon="-0.0713300"></trkpt>
      <trkpt lat="44.6219800" lon="-0.0740600"></trkpt>
      <trkpt lat="44.6208300" lon="-0.0761100"></trkpt>
      <trkpt lat="44.6200000" lon="-0.0756300"></trkpt>
      <trkpt lat="44.6191000" lon="-0.0768200"></trkpt>
      <trkpt lat="44.6179700" lon="-0.0791200"></trkpt>
      <trkpt lat="44.6170500" lon="-0.0803900"></trkpt>
      <trkpt lat="44.6150800" lon="-0.0838300"></trkpt>
      <trkpt lat="44.6140900" lon="-0.0862200"></trkpt>
      <trkpt lat="44.6130800" lon="-0.0870700"></trkpt>
      <trkpt lat="44.6124600" lon="-0.0873400"></trkpt>
      <trkpt lat="44.6122200" lon="-0.0879500"></trkpt>
      <trkpt lat="44.6128300" lon="-0.0905200"></trkpt>
      <trkpt lat="44.6119500" lon="-0.0914100"></trkpt>
      <trkpt lat="44.6105700" lon="-0.0916300"></trkpt>
      <trkpt lat="44.6092700" lon="-0.0916300"></trkpt>
      <trkpt lat="44.6082000" lon="-0.0922400"></trkpt>
      <trkpt lat="44.6060000" lon="-0.0937400"></trkpt>
      <trkpt lat="44.6057400" lon="-0.0943800"></trkpt>
      <trkpt lat="44.6050600" lon="-0.0949500"></trkpt>
      <trkpt lat="44.6026100" lon="-0.0942500"></trkpt>
      <trkpt lat="44.6015000" lon="-0.0943000"></trkpt>
      <trkpt lat="44.5985800" lon="-0.0947800"></trkpt>
      <trkpt lat="44.5970500" lon="-0.0958100"></trkpt>
      <trkpt lat="44.5958000" lon="-0.0953300"></trkpt>
      <trkpt lat="44.5948700" lon="-0.0954100"></trkpt>
      <trkpt lat="44.5930500" lon="-0.0952200"></trkpt>
      <trkpt lat="44.5921600" lon="-0.0958800"></trkpt>
      <trkpt lat="44.5905600" lon="-0.0954100"></trkpt>
      <trkpt lat="44.5879200" lon="-0.0949900"></trkpt>
      <trkpt lat="44.5863100" lon="-0.0948800"></trkpt>
      <trkpt lat="44.5851800" lon="-0.0966200"></trkpt>
      <trkpt lat="44.5855000" lon="-0.0976100"></trkpt>
      <trkpt lat="44.5868800" lon="-0.1079200"></trkpt>
      <trkpt lat="44.5868700" lon="-0.1089100"></trkpt>
      <trkpt lat="44.5858200" lon="-0.1142400"></trkpt>
      <trkpt lat="44.5853000" lon="-0.1153400"></trkpt>
      <trkpt lat="44.5840400" lon="-0.1231200"></trkpt>
      <trkpt lat="44.5839300" lon="-0.1242900"></trkpt>
      <trkpt lat="44.5836200" lon="-0.1320500"></trkpt>
      <trkpt lat="44.5829500" lon="-0.1350100"></trkpt>
      <trkpt lat="44.5823800" lon="-0.1364000"></trkpt>
      <trkpt lat="44.5816200" lon="-0.1376800"></trkpt>
      <trkpt lat="44.5788200" lon="-0.1412300"></trkpt>
      <trkpt lat="44.5774900" lon="-0.1430200"></trkpt>
      <trkpt lat="44.5771600" lon="-0.1461200"></trkpt>
      <trkpt lat="44.5752500" lon="-0.1459900"></trkpt>
      <trkpt lat="44.5738500" lon="-0.1483500"></trkpt>
      <trkpt lat="44.5731700" lon="-0.1510600"></trkpt>
      <trkpt lat="44.5715900" lon="-0.1524700"></trkpt>
      <trkpt lat="44.5677600" lon="-0.1550500"></trkpt>
      <trkpt lat="44.5662700" lon="-0.1562000"></trkpt>
      <trkpt lat="44.5657100" lon="-0.1584200"></trkpt>
      <trkpt lat="44.5654900" lon="-0.1587100"></trkpt>
      <trkpt lat="44.5634000" lon="-0.1586200"></trkpt>
      <trkpt lat="44.5631400" lon="-0.1592500"></trkpt>
      <trkpt lat="44.5635500" lon="-0.1611000"></trkpt>
      <trkpt lat="44.5617800" lon="-0.1639500"></trkpt>
      <trkpt lat="44.5610100" lon="-0.1656900"></trkpt>
      <trkpt lat="44.5614400" lon="-0.1677800"></trkpt>
      <trkpt lat="44.5604200" lon="-0.1683300"></trkpt>
      <trkpt lat="44.5613100" lon="-0.1707200"></trkpt>
      <trkpt lat="44.5610900" lon="-0.1728600"></trkpt>
      <trkpt lat="44.5603600" lon="-0.1749600"></trkpt>
      <trkpt lat="44.5601400" lon="-0.1759500"></trkpt>
      <trkpt lat="44.5601900" lon="-0.1779200"></trkpt>
      <trkpt lat="44.5598600" lon="-0.1791800"></trkpt>
      <trkpt lat="44.5598700" lon="-0.1803900"></trkpt>
      <trkpt lat="44.5595600" lon="-0.1827300"></trkpt>
      <trkpt lat="44.5594400" lon="-0.1857500"></trkpt>
      <trkpt lat="44.5598000" lon="-0.1922600"></trkpt>
      <trkpt lat="44.5595100" lon="-0.1940600"></trkpt>
      <trkpt lat="44.5595700" lon="-0.1950500"></trkpt>
      <trkpt lat="44.5605500" lon="-0.2003200"></trkpt>
      <trkpt lat="44.5602300" lon="-0.2033100"></trkpt>
      <trkpt lat="44.5602900" lon="-0.2048200"></trkpt>
      <trkpt lat="44.5598100" lon="-0.2050800"></trkpt>
      <trkpt lat="44.5590000" lon="-0.2070300"></trkpt>
      <trkpt lat="44.5581000" lon="-0.2098600"></trkpt>
      <trkpt lat="44.5571300" lon="-0.2121100"></trkpt>
      <trkpt lat="44.5571900" lon="-0.2138800"></trkpt>
      <trkpt lat="44.5569600" lon="-0.2157500"></trkpt>
      <trkpt lat="44.5563500" lon="-0.2177200"></trkpt>
      <trkpt lat="44.5562300" lon="-0.2185200"></trkpt>
      <trkpt lat="44.5554600" lon="-0.2212100"></trkpt>
      <trkpt lat="44.5547800" lon="-0.2229800"></trkpt>
      <trkpt lat="44.5541700" lon="-0.2258900"></trkpt>
      <trkpt lat="44.5531900" lon="-0.2300200"></trkpt>
      <trkpt lat="44.5531500" lon="-0.2315200"></trkpt>
      <trkpt lat="44.5523100" lon="-0.2342300"></trkpt>
      <trkpt lat="44.5518600" lon="-0.2360300"></trkpt>
      <trkpt lat="44.5520200" lon="-0.2381600"></trkpt>
      <trkpt lat="44.5501100" lon="-0.2409700"></trkpt>
      <trkpt lat="44.5498700" lon="-0.2415200"></trkpt>
      <trkpt lat="44.5495500" lon="-0.2446500"></trkpt>
      <trkpt lat="44.5500200" lon="-0.2470800"></trkpt>
      <trkpt lat="44.5489100" lon="-0.2474100"></trkpt>
      <trkpt lat="44.5476100" lon="-0.2482500"></trkpt>
      <trkpt lat="44.5459100" lon="-0.2491200"></trkpt>
      <trkpt lat="44.5441000" lon="-0.2498000"></trkpt>
      <trkpt lat="44.5410300" lon="-0.2514200"></trkpt>
      <trkpt lat="44.5405800" lon="-0.2514100"></trkpt>
      <trkpt lat="44.5401400" lon="-0.2519600"></trkpt>
      <trkpt lat="44.5382000" lon="-0.2530900"></trkpt>
      <trkpt lat="44.5360800" lon="-0.2537200"></trkpt>
      <trkpt lat="44.5335000" lon="-0.2539000"></trkpt>
      <trkpt lat="44.5322500" lon="-0.2548000"></trkpt>
      <trkpt lat="44.5299800" lon="-0.2577300"></trkpt>
      <trkpt lat="44.5295400" lon="-0.2581900"></trkpt>
      <trkpt lat="44.5252000" lon="-0.2621400"></trkpt>
      <trkpt lat="44.5217800" lon="-0.2647800"></trkpt>
      <trkpt lat="44.5168900" lon="-0.2671100"></trkpt>
      <trkpt lat="44.5126600" lon="-0.2686900"></trkpt>
      <trkpt lat="44.5103600" lon="-0.2691000"></trkpt>
      <trkpt lat="44.5094700" lon="-0.2696600"></trkpt>
      <trkpt lat="44.5060500" lon="-0.2724400"></trkpt>
      <trkpt lat="44.5028800" lon="-0.2737200"></trkpt>
      <trkpt lat="44.5022800" lon="-0.2743100"></trkpt>
      <trkpt lat="44.5017800" lon="-0.2753300"></trkpt>
      <trkpt lat="44.5006700" lon="-0.2794000"></trkpt>
      <trkpt lat="44.4991000" lon="-0.2818800"></trkpt>
      <trkpt lat="44.4962400" lon="-0.2862400"></trkpt>
      <trkpt lat="44.4946100" lon="-0.2892900"></trkpt>
      <trkpt lat="44.4938100" lon="-0.2900800"></trkpt>
      <trkpt lat="44.4916100" lon="-0.2918500"></trkpt>
      <trkpt lat="44.4909400" lon="-0.2928500"></trkpt>
      <trkpt lat="44.4901400" lon="-0.2933700"></trkpt>
      <trkpt lat="44.4849800" lon="-0.2924800"></trkpt>
      <trkpt lat="44.4837600" lon="-0.2927400"></trkpt>
      <trkpt lat="44.4740400" lon="-0.2956500"></trkpt>
      <trkpt lat="44.4726400" lon="-0.2964600"></trkpt>
      <trkpt lat="44.4677200" lon="-0.3020000"></trkpt>
      <trkpt lat="44.4667000" lon="-0.3026700"></trkpt>
      <trkpt lat="44.4637200" lon="-0.3032400"></trkpt>
      <trkpt lat="44.4625300" lon="-0.3029400"></trkpt>
      <trkpt lat="44.4615400" lon="-0.3036700"></trkpt>
      <trkpt lat="44.4545300" lon="-0.3129000"></trkpt>
      <trkpt lat="44.4515400" lon="-0.3169200"></trkpt>
      <trkpt lat="44.4506100" lon="-0.3177200"></trkpt>
      <trkpt lat="44.4475300" lon="-0.3198300"></trkpt>
      <trkpt lat="44.4429100" lon="-0.3228700"></trkpt>
      <trkpt lat="44.4417400" lon="-0.3233900"></trkpt>
      <trkpt lat="44.4414100" lon="-0.3239900"></trkpt>
      <trkpt lat="44.4407900" lon="-0.3242200"></trkpt>
      <trkpt lat="44.4402700" lon="-0.3249400"></trkpt>
      <trkpt lat="44.4305300" lon="-0.3278300"></trkpt>
      <trkpt lat="44.4266500" lon="-0.3307200"></trkpt>
      <trkpt lat="44.4247200" lon="-0.3318600"></trkpt>
      <trkpt lat="44.4215100" lon="-0.3336100"></trkpt>
      <trkpt lat="44.4187600" lon="-0.3358400"></trkpt>
      <trkpt lat="44.4111300" lon="-0.3422100"></trkpt>
      <trkpt lat="44.4097700" lon="-0.3429200"></trkpt>
      <trkpt lat="44.4061500" lon="-0.3465400"></trkpt>
      <trkpt lat="44.4025500" lon="-0.3502200"></trkpt>
      <trkpt lat="44.4013900" lon="-0.3513100"></trkpt>
      <trkpt lat="44.3987800" lon="-0.3533800"></trkpt>
      <trkpt lat="44.3980300" lon="-0.3546700"></trkpt>
      <trkpt lat="44.3977100" lon="-0.3546200"></trkpt>
      <trkpt lat="44.3965000" lon="-0.3557100"></trkpt>
      <trkpt lat="44.3903200" lon="-0.3629400"></trkpt>
      <trkpt lat="44.3899000" lon="-0.3635300"></trkpt>
      <trkpt lat="44.3875900" lon="-0.3674100"></trkpt>
      <trkpt lat="44.3864800" lon="-0.3706000"></trkpt>
      <trkpt lat="44.3860200" lon="-0.3714400"></trkpt>
      <trkpt lat="44.3829100" lon="-0.3765000"></trkpt>
      <trkpt lat="44.3824100" lon="-0.3777500"></trkpt>
      <trkpt lat="44.3814300" lon="-0.3812400"></trkpt>
      <trkpt lat="44.3809400" lon="-0.3817700"></trkpt>
      <trkpt lat="44.3766800" lon="-0.3836900"></trkpt>
      <trkpt lat="44.3761800" lon="-0.3839800"></trkpt>
      <trkpt lat="44.3704400" lon="-0.3887500"></trkpt>
      <trkpt lat="44.3683900" lon="-0.3905100"></trkpt>
      <trkpt lat="44.3538800" lon="-0.4026300"></trkpt>
      <trkpt lat="44.3459200" lon="-0.4097100"></trkpt>
      <trkpt lat="44.3436700" lon="-0.4117600"></trkpt>
      <trkpt lat="44.3402300" lon="-0.4147800"></trkpt>
      <trkpt lat="44.3365800" lon="-0.4181100"></trkpt>
      <trkpt lat="44.3281200" lon="-0.4256100"></trkpt>
      <trkpt lat="44.3274600" lon="-0.4263100"></trkpt>
      <trkpt lat="44.3265800" lon="-0.4280400"></trkpt>
      <trkpt lat="44.3218000" lon="-0.4400900"></trkpt>
      <trkpt lat="44.3165700" lon="-0.4531800"></trkpt>
      <trkpt lat="44.3161400" lon="-0.4539800"></trkpt>
      <trkpt lat="44.3148200" lon="-0.4554400"></trkpt>
      <trkpt lat="44.3147400" lon="-0.4559000"></trkpt>
      <trkpt lat="44.3139800" lon="-0.4564100"></trkpt>
      <trkpt lat="44.3087500" lon="-0.4622500"></trkpt>
      <trkpt lat="44.3045900" lon="-0.4683600"></trkpt>
      <trkpt lat="44.3017600" lon="-0.4723300"></trkpt>
      <trkpt lat="44.2984000" lon="-0.4772000"></trkpt>
      <trkpt lat="44.2944400" lon="-0.4824200"></trkpt>
      <trkpt lat="44.2912300" lon="-0.4868000"></trkpt>
      <trkpt lat="44.2893200" lon="-0.4891100"></trkpt>
      <trkpt lat="44.2878900" lon="-0.4909800"></trkpt>
      <trkpt lat="44.2769600" lon="-0.5069300"></trkpt>
      <trkpt lat="44.2739900" lon="-0.5111100"></trkpt>
      <trkpt lat="44.2724300" lon="-0.5126200"></trkpt>
      <trkpt lat="44.2721200" lon="-0.5133500"></trkpt>
      <trkpt lat="44.2719500" lon="-0.5161900"></trkpt>
      <trkpt lat="44.2706600" lon="-0.5176400"></trkpt>
      <trkpt lat="44.2688700" lon="-0.5187300"></trkpt>
      <trkpt lat="44.2684300" lon="-0.5187700"></trkpt>
      <trkpt lat="44.2681800" lon="-0.5211900"></trkpt>
      <trkpt lat="44.2682200" lon="-0.5229100"></trkpt>
      <trkpt lat="44.2676400" lon="-0.5229800"></trkpt>
      <trkpt lat="44.2643500" lon="-0.5240600"></trkpt>
      <trkpt lat="44.2637100" lon="-0.5239500"></trkpt>
      <trkpt lat="44.2630000" lon="-0.5265000"></trkpt>
      <trkpt lat="44.2622800" lon="-0.5298700"></trkpt>
      <trkpt lat="44.2613100" lon="-0.5333200"></trkpt>
      <trkpt lat="44.2611300" lon="-0.5337000"></trkpt>
      <trkpt lat="44.2587900" lon="-0.5368800"></trkpt>
      <trkpt lat="44.2569100" lon="-0.5388300"></trkpt>
      <trkpt lat="44.2562800" lon="-0.5400700"></trkpt>
      <trkpt lat="44.2532800" lon="-0.5477300"></trkpt>
      <trkpt lat="44.2532600" lon="-0.5484400"></trkpt>
      <trkpt lat="44.2538700" lon="-0.5507900"></trkpt>
      <trkpt lat="44.2538400" lon="-0.5519300"></trkpt>
      <trkpt lat="44.2532300" lon="-0.5529500"></trkpt>
      <trkpt lat="44.2508200" lon="-0.5546800"></trkpt>
      <trkpt lat="44.2480100" lon="-0.5568200"></trkpt>
      <trkpt lat="44.2366000" lon="-0.5640400"></trkpt>
      <trkpt lat="44.2288900" lon="-0.5695800"></trkpt>
      <trkpt lat="44.2279300" lon="-0.5703200"></trkpt>
      <trkpt lat="44.2227700" lon="-0.5775100"></trkpt>
      <trkpt lat="44.2181800" lon="-0.5840300"></trkpt>
      <trkpt lat="44.2171400" lon="-0.5854200"></trkpt>
      <trkpt lat="44.2111400" lon="-0.5929900"></trkpt>
      <trkpt lat="44.2095800" lon="-0.5955200"></trkpt>
      <trkpt lat="44.2022600" lon="-0.6076100"></trkpt>
      <trkpt lat="44.1904200" lon="-0.6206800"></trkpt>
      <trkpt lat="44.1852100" lon="-0.6294200"></trkpt>
      <trkpt lat="44.1794200" lon="-0.6390300"></trkpt>
      <trkpt lat="44.1760400" lon="-0.6447300"></trkpt>
      <trkpt lat="44.1740600" lon="-0.6465100"></trkpt>
      <trkpt lat="44.1701700" lon="-0.6498600"></trkpt>
      <trkpt lat="44.1695200" lon="-0.6505800"></trkpt>
      <trkpt lat="44.1678900" lon="-0.6530700"></trkpt>
      <trkpt lat="44.1669600" lon="-0.6558800"></trkpt>
      <trkpt lat="44.1635800" lon="-0.6625300"></trkpt>
      <trkpt lat="44.1624700" lon="-0.6640100"></trkpt>
      <trkpt lat="44.1618900" lon="-0.6670400"></trkpt>
      <trkpt lat="44.1598000" lon="-0.6765900"></trkpt>
      <trkpt lat="44.1589800" lon="-0.6807700"></trkpt>
      <trkpt lat="44.1569600" lon="-0.6903200"></trkpt>
      <trkpt lat="44.1548200" lon="-0.7002000"></trkpt>
      <trkpt lat="44.1524000" lon="-0.7116200"></trkpt>
      <trkpt lat="44.1495200" lon="-0.7248400"></trkpt>
      <trkpt lat="44.1491800" lon="-0.7255300"></trkpt>
      <trkpt lat="44.1480600" lon="-0.7267000"></trkpt>
      <trkpt lat="44.1478200" lon="-0.7275000"></trkpt>
      <trkpt lat="44.1473600" lon="-0.7341500"></trkpt>
      <trkpt lat="44.1473800" lon="-0.7371100"></trkpt>
      <trkpt lat="44.1472700" lon="-0.7375200"></trkpt>
      <trkpt lat="44.1478600" lon="-0.7390700"></trkpt>
      <trkpt lat="44.1472200" lon="-0.7402800"></trkpt>
      <trkpt lat="44.1475500" lon="-0.7419100"></trkpt>
      <trkpt lat="44.1480200" lon="-0.7471600"></trkpt>
      <trkpt lat="44.1481200" lon="-0.7472100"></trkpt>
      <trkpt lat="44.1431600" lon="-0.7630600"></trkpt>
      <trkpt lat="44.1424300" lon="-0.7644800"></trkpt>
      <trkpt lat="44.1358000" lon="-0.7755900"></trkpt>
      <trkpt lat="44.1313000" lon="-0.7831900"></trkpt>
      <trkpt lat="44.1294700" lon="-0.7860100"></trkpt>
      <trkpt lat="44.1290400" lon="-0.7868900"></trkpt>
      <trkpt lat="44.1283500" lon="-0.7890800"></trkpt>
      <trkpt lat="44.1264600" lon="-0.7924000"></trkpt>
      <trkpt lat="44.1260900" lon="-0.7928000"></trkpt>
      <trkpt lat="44.1239000" lon="-0.7937000"></trkpt>
      <trkpt lat="44.1234400" lon="-0.7944100"></trkpt>
      <trkpt lat="44.1198200" lon="-0.8008100"></trkpt>
      <trkpt lat="44.1155800" lon="-0.8055600"></trkpt>
      <trkpt lat="44.1136400" lon="-0.8090600"></trkpt>
      <trkpt lat="44.1122800" lon="-0.8113700"></trkpt>
      <trkpt lat="44.1113700" lon="-0.8122800"></trkpt>
      <trkpt lat="44.1087200" lon="-0.8127400"></trkpt>
      <trkpt lat="44.1084300" lon="-0.8128900"></trkpt>
      <trkpt lat="44.1055500" lon="-0.8155700"></trkpt>
      <trkpt lat="44.0982600" lon="-0.8224600"></trkpt>
      <trkpt lat="44.0915800" lon="-0.8261900"></trkpt>
      <trkpt lat="44.0901000" lon="-0.8269600"></trkpt>
      <trkpt lat="44.0789600" lon="-0.8313900"></trkpt>
      <trkpt lat="44.0785100" lon="-0.8316700"></trkpt>
      <trkpt lat="44.0695600" lon="-0.8413300"></trkpt>
      <trkpt lat="44.0690600" lon="-0.8421900"></trkpt>
      <trkpt lat="44.0673400" lon="-0.8486200"></trkpt>
      <trkpt lat="44.0635600" lon="-0.8632600"></trkpt>
      <trkpt lat="44.0630800" lon="-0.8649700"></trkpt>
      <trkpt lat="44.0623700" lon="-0.8663700"></trkpt>
      <trkpt lat="44.0619400" lon="-0.8668700"></trkpt>
      <trkpt lat="44.0600700" lon="-0.8681200"></trkpt>
      <trkpt lat="44.0593300" lon="-0.8687700"></trkpt>
      <trkpt lat="44.0585200" lon="-0.8702600"></trkpt>
      <trkpt lat="44.0583200" lon="-0.8710400"></trkpt>
      <trkpt lat="44.0573200" lon="-0.8781100"></trkpt>
      <trkpt lat="44.0557500" lon="-0.8829500"></trkpt>
      <trkpt lat="44.0520600" lon="-0.8903800"></trkpt>
      <trkpt lat="44.0518000" lon="-0.8913700"></trkpt>
      <trkpt lat="44.0512800" lon="-0.8919300"></trkpt>
      <trkpt lat="44.0503900" lon="-0.8937500"></trkpt>
      <trkpt lat="44.0490900" lon="-0.8950900"></trkpt>
      <trkpt lat="44.0480300" lon="-0.8970200"></trkpt>
      <trkpt lat="44.0473300" lon="-0.8999000"></trkpt>
      <trkpt lat="44.0461600" lon="-0.9037000"></trkpt>
      <trkpt lat="44.0460200" lon="-0.9059900"></trkpt>
      <trkpt lat="44.0462200" lon="-0.9073200"></trkpt>
      <trkpt lat="44.0466600" lon="-0.9086800"></trkpt>
      <trkpt lat="44.0481200" lon="-0.9121400"></trkpt>
      <trkpt lat="44.0478900" lon="-0.9128100"></trkpt>
      <trkpt lat="44.0369500" lon="-0.9101800"></trkpt>
      <trkpt lat="44.0339500" lon="-0.9095400"></trkpt>
      <trkpt lat="44.0319500" lon="-0.9088800"></trkpt>
      <trkpt lat="44.0306900" lon="-0.9086000"></trkpt>
      <trkpt lat="44.0283000" lon="-0.9135400"></trkpt>
      <trkpt lat="44.0283000" lon="-0.9142700"></trkpt>
      <trkpt lat="44.0276700" lon="-0.9177400"></trkpt>
      <trkpt lat="44.0256700" lon="-0.9224900"></trkpt>
      <trkpt lat="44.0237600" lon="-0.9246000"></trkpt>
      <trkpt lat="44.0222300" lon="-0.9249000"></trkpt>
      <trkpt lat="44.0196800" lon="-0.9235800"></trkpt>
      <trkpt lat="44.0192400" lon="-0.9235900"></trkpt>
      <trkpt lat="44.0178500" lon="-0.9243100"></trkpt>
      <trkpt lat="44.0165000" lon="-0.9258400"></trkpt>
      <trkpt lat="44.0160300" lon="-0.9261700"></trkpt>
      <trkpt lat="44.0125800" lon="-0.9276100"></trkpt>
      <trkpt lat="44.0126500" lon="-0.9284900"></trkpt>
      <trkpt lat="44.0117700" lon="-0.9289600"></trkpt>
      <trkpt lat="44.0116500" lon="-0.9300000"></trkpt>
      <trkpt lat="44.0117700" lon="-0.9312200"></trkpt>
      <trkpt lat="44.0128100" lon="-0.9396100"></trkpt>
      <trkpt lat="44.0130400" lon="-0.9418000"></trkpt>
      <trkpt lat="44.0129800" lon="-0.9427100"></trkpt>
      <trkpt lat="44.0118200" lon="-0.9469600"></trkpt>
      <trkpt lat="44.0112400" lon="-0.9483700"></trkpt>
      <trkpt lat="44.0038900" lon="-0.9656700"></trkpt>
      <trkpt lat="43.9976100" lon="-0.9864400"></trkpt>
      <trkpt lat="43.9942100" lon="-0.9977800"></trkpt>
      <trkpt lat="43.9907600" lon="-1.0095900"></trkpt>
      <trkpt lat="43.9906400" lon="-1.0110600"></trkpt>
      <trkpt lat="43.9909000" lon="-1.0170800"></trkpt>
      <trkpt lat="43.9908400" lon="-1.0191300"></trkpt>
      <trkpt lat="43.9888300" lon="-1.0300300"></trkpt>
      <trkpt lat="43.9885200" lon="-1.0309400"></trkpt>
      <trkpt lat="43.9879300" lon="-1.0318700"></trkpt>
      <trkpt lat="43.9878300" lon="-1.0327400"></trkpt>
      <trkpt lat="43.9882900" lon="-1.0360600"></trkpt>
      <trkpt lat="43.9875400" lon="-1.0381500"></trkpt>
      <trkpt lat="43.9875200" lon="-1.0392700"></trkpt>
      <trkpt lat="43.9862300" lon="-1.0398400"></trkpt>
      <trkpt lat="43.9860500" lon="-1.0403500"></trkpt>
      <trkpt lat="43.9850800" lon="-1.0406800"></trkpt>
      <trkpt lat="43.9846800" lon="-1.0417100"></trkpt>
      <trkpt lat="43.9832200" lon="-1.0463100"></trkpt>
      <trkpt lat="43.9826800" lon="-1.0470000"></trkpt>
      <trkpt lat="43.9790400" lon="-1.0501700"></trkpt>
      <trkpt lat="43.9780300" lon="-1.0513700"></trkpt>
      <trkpt lat="43.9745700" lon="-1.0542100"></trkpt>
      <trkpt lat="43.9710800" lon="-1.0560400"></trkpt>
      <trkpt lat="43.9717100" lon="-1.0583000"></trkpt>
      <trkpt lat="43.9710800" lon="-1.0591800"></trkpt>
      <trkpt lat="43.9707700" lon="-1.0601100"></trkpt>
      <trkpt lat="43.9700500" lon="-1.0611200"></trkpt>
      <trkpt lat="43.9694700" lon="-1.0615900"></trkpt>
      <trkpt lat="43.9687400" lon="-1.0615500"></trkpt>
      <trkpt lat="43.9673800" lon="-1.0618900"></trkpt>
      <trkpt lat="43.9661300" lon="-1.0616600"></trkpt>
      <trkpt lat="43.9659700" lon="-1.0649200"></trkpt>
      <trkpt lat="43.9607600" lon="-1.0650600"></trkpt>
      <trkpt lat="43.9590800" lon="-1.0653200"></trkpt>
      <trkpt lat="43.9574500" lon="-1.0659900"></trkpt>
      <trkpt lat="43.9554100" lon="-1.0674100"></trkpt>
      <trkpt lat="43.9540300" lon="-1.0689200"></trkpt>
      <trkpt lat="43.9442700" lon="-1.0823000"></trkpt>
      <trkpt lat="43.9441700" lon="-1.0830000"></trkpt>
      <trkpt lat="43.9448300" lon="-1.0835300"></trkpt>
      <trkpt lat="43.9445600" lon="-1.0849500"></trkpt>
      <trkpt lat="43.9436400" lon="-1.0857200"></trkpt>
      <trkpt lat="43.9425800" lon="-1.0853300"></trkpt>
      <trkpt lat="43.9417100" lon="-1.0857300"></trkpt>
      <trkpt lat="43.9406200" lon="-1.0873300"></trkpt>
      <trkpt lat="43.9404900" lon="-1.0881600"></trkpt>
      <trkpt lat="43.9408100" lon="-1.0899300"></trkpt>
      <trkpt lat="43.9406400" lon="-1.0909000"></trkpt>
      <trkpt lat="43.9396600" lon="-1.0929000"></trkpt>
      <trkpt lat="43.9389100" lon="-1.0935500"></trkpt>
      <trkpt lat="43.9352500" lon="-1.0949300"></trkpt>
      <trkpt lat="43.9346300" lon="-1.0954100"></trkpt>
      <trkpt lat="43.9205700" lon="-1.1146400"></trkpt>
      <trkpt lat="43.9202700" lon="-1.1161700"></trkpt>
      <trkpt lat="43.9199000" lon="-1.1172300"></trkpt>
      <trkpt lat="43.9190400" lon="-1.1180000"></trkpt>
      <trkpt lat="43.9184200" lon="-1.1182300"></trkpt>
      <trkpt lat="43.9175000" lon="-1.1179000"></trkpt>
      <trkpt lat="43.9168900" lon="-1.1180400"></trkpt>
      <trkpt lat="43.9042200" lon="-1.1276400"></trkpt>
      <trkpt lat="43.9036100" lon="-1.1285200"></trkpt>
      <trkpt lat="43.9030500" lon="-1.1301300"></trkpt>
      <trkpt lat="43.9020200" lon="-1.1309000"></trkpt>
      <trkpt lat="43.9008000" lon="-1.1306300"></trkpt>
      <trkpt lat="43.9001200" lon="-1.1307700"></trkpt>
      <trkpt lat="43.8961800" lon="-1.1337100"></trkpt>
      <trkpt lat="43.8952300" lon="-1.1345700"></trkpt>
      <trkpt lat="43.8873500" lon="-1.1438700"></trkpt>
      <trkpt lat="43.8828800" lon="-1.1472700"></trkpt>
      <trkpt lat="43.8746900" lon="-1.1531300"></trkpt>
      <trkpt lat="43.8742500" lon="-1.1533600"></trkpt>
      <trkpt lat="43.8659900" lon="-1.1592800"></trkpt>
      <trkpt lat="43.8620400" lon="-1.1624900"></trkpt>
      <trkpt lat="43.8584400" lon="-1.1650800"></trkpt>
      <trkpt lat="43.8494100" lon="-1.1711500"></trkpt>
      <trkpt lat="43.8462900" lon="-1.1733200"></trkpt>
      <trkpt lat="43.8457100" lon="-1.1748000"></trkpt>
      <trkpt lat="43.8452100" lon="-1.1755700"></trkpt>
      <trkpt lat="43.8438700" lon="-1.1762400"></trkpt>
      <trkpt lat="43.8427000" lon="-1.1758800"></trkpt>
      <trkpt lat="43.8421100" lon="-1.1761000"></trkpt>
      <trkpt lat="43.8384300" lon="-1.1785600"></trkpt>
      <trkpt lat="43.8373800" lon="-1.1795200"></trkpt>
      <trkpt lat="43.8345900" lon="-1.1825300"></trkpt>
      <trkpt lat="43.8338000" lon="-1.1828500"></trkpt>
      <trkpt lat="43.8324200" lon="-1.1828400"></trkpt>
      <trkpt lat="43.8317500" lon="-1.1830900"></trkpt>
      <trkpt lat="43.8253700" lon="-1.1874100"></trkpt>
      <trkpt lat="43.8250300" lon="-1.1879300"></trkpt>
      <trkpt lat="43.8246700" lon="-1.1892200"></trkpt>
      <trkpt lat="43.8235300" lon="-1.1902300"></trkpt>
      <trkpt lat="43.8227500" lon="-1.1903200"></trkpt>
      <trkpt lat="43.8216100" lon="-1.1899800"></trkpt>
      <trkpt lat="43.8162900" lon="-1.1935000"></trkpt>
      <trkpt lat="43.8074200" lon="-1.1994900"></trkpt>
      <trkpt lat="43.8069600" lon="-1.2000800"></trkpt>
      <trkpt lat="43.8065900" lon="-1.2023900"></trkpt>
      <trkpt lat="43.8054600" lon="-1.2035500"></trkpt>
      <trkpt lat="43.8047900" lon="-1.2036900"></trkpt>
      <trkpt lat="43.8033200" lon="-1.2026700"></trkpt>
      <trkpt lat="43.8026700" lon="-1.2027000"></trkpt>
      <trkpt lat="43.7983700" lon="-1.2055900"></trkpt>
      <trkpt lat="43.7963600" lon="-1.2072600"></trkpt>
      <trkpt lat="43.7952000" lon="-1.2079900"></trkpt>
      <trkpt lat="43.7932100" lon="-1.2089400"></trkpt>
      <trkpt lat="43.7908400" lon="-1.2103200"></trkpt>
      <trkpt lat="43.7808800" lon="-1.2170200"></trkpt>
      <trkpt lat="43.7793300" lon="-1.2174600"></trkpt>
      <trkpt lat="43.7734700" lon="-1.2187400"></trkpt>
      <trkpt lat="43.7733000" lon="-1.2192300"></trkpt>
      <trkpt lat="43.7726700" lon="-1.2190000"></trkpt>
      <trkpt lat="43.7701500" lon="-1.2195200"></trkpt>
      <trkpt lat="43.7680000" lon="-1.2202400"></trkpt>
      <trkpt lat="43.7672800" lon="-1.2212900"></trkpt>
      <trkpt lat="43.7667500" lon="-1.2217000"></trkpt>
      <trkpt lat="43.7657200" lon="-1.2214700"></trkpt>
      <trkpt lat="43.7653200" lon="-1.2209200"></trkpt>
      <trkpt lat="43.7628400" lon="-1.2213400"></trkpt>
      <trkpt lat="43.7584200" lon="-1.2223300"></trkpt>
      <trkpt lat="43.7436200" lon="-1.2255900"></trkpt>
      <trkpt lat="43.7405800" lon="-1.2263100"></trkpt>
      <trkpt lat="43.7408700" lon="-1.2280500"></trkpt>
      <trkpt lat="43.7408700" lon="-1.2292800"></trkpt>
      <trkpt lat="43.7414500" lon="-1.2319000"></trkpt>
      <trkpt lat="43.7413500" lon="-1.2345500"></trkpt>
      <trkpt lat="43.7412100" lon="-1.2348400"></trkpt>
      <trkpt lat="43.7375400" lon="-1.2329300"></trkpt>
      <trkpt lat="43.7360900" lon="-1.2336600"></trkpt>
      <trkpt lat="43.7283400" lon="-1.2387700"></trkpt>
      <trkpt lat="43.7248400" lon="-1.2411900"></trkpt>
      <trkpt lat="43.7204300" lon="-1.2489900"></trkpt>
      <trkpt lat="43.7168000" lon="-1.2552700"></trkpt>
      <trkpt lat="43.7119500" lon="-1.2625400"></trkpt>
      <trkpt lat="43.7114500" lon="-1.2633900"></trkpt>
      <trkpt lat="43.7091600" lon="-1.2687200"></trkpt>
      <trkpt lat="43.7082400" lon="-1.2694000"></trkpt>
      <trkpt lat="43.7055200" lon="-1.2709300"></trkpt>
      <trkpt lat="43.7048000" lon="-1.2715600"></trkpt>
      <trkpt lat="43.6985900" lon="-1.2866700"></trkpt>
      <trkpt lat="43.6963400" lon="-1.2919500"></trkpt>
      <trkpt lat="43.6935000" lon="-1.2919200"></trkpt>
      <trkpt lat="43.6923800" lon="-1.2927200"></trkpt>
      <trkpt lat="43.6914700" lon="-1.2928800"></trkpt>
      <trkpt lat="43.6913900" lon="-1.2916100"></trkpt>
      <trkpt lat="43.6908400" lon="-1.2909400"></trkpt>
      <trkpt lat="43.6900200" lon="-1.2904200"></trkpt>
      <trkpt lat="43.6895800" lon="-1.2897300"></trkpt>
      <trkpt lat="43.6883100" lon="-1.2904900"></trkpt>
      <trkpt lat="43.6871000" lon="-1.2920700"></trkpt>
      <trkpt lat="43.6858600" lon="-1.2917300"></trkpt>
      <trkpt lat="43.6853000" lon="-1.2910200"></trkpt>
      <trkpt lat="43.6844100" lon="-1.2904700"></trkpt>
      <trkpt lat="43.6839500" lon="-1.2851400"></trkpt>
      <trkpt lat="43.6828900" lon="-1.2854500"></trkpt>
      <trkpt lat="43.6804900" lon="-1.2848500"></trkpt>
      <trkpt lat="43.6793500" lon="-1.2853300"></trkpt>
      <trkpt lat="43.6786700" lon="-1.2840900"></trkpt>
      <trkpt lat="43.6724500" lon="-1.2901600"></trkpt>
      <trkpt lat="43.6681700" lon="-1.2943900"></trkpt>
      <trkpt lat="43.6648100" lon="-1.2976200"></trkpt>
      <trkpt lat="43.6610800" lon="-1.3013300"></trkpt>
      <trkpt lat="43.6608300" lon="-1.3017700"></trkpt>
      <trkpt lat="43.6607300" lon="-1.3034200"></trkpt>
      <trkpt lat="43.6604400" lon="-1.3057300"></trkpt>
      <trkpt lat="43.6584000" lon="-1.3108900"></trkpt>
      <trkpt lat="43.6569300" lon="-1.3127400"></trkpt>
      <trkpt lat="43.6490900" lon="-1.3270000"></trkpt>
      <trkpt lat="43.6468100" lon="-1.3318600"></trkpt>
      <trkpt lat="43.6400600" lon="-1.3461300"></trkpt>
      <trkpt lat="43.6373600" lon="-1.3517900"></trkpt>
      <trkpt lat="43.6338100" lon="-1.3593400"></trkpt>
      <trkpt lat="43.6221200" lon="-1.3839400"></trkpt>
      <trkpt lat="43.6197600" lon="-1.3889400"></trkpt>
      <trkpt lat="43.6138400" lon="-1.4013600"></trkpt>
      <trkpt lat="43.6131100" lon="-1.4024900"></trkpt>
      <trkpt lat="43.5977500" lon="-1.4223900"></trkpt>
      <trkpt lat="43.5965600" lon="-1.4236700"></trkpt>
      <trkpt lat="43.5952500" lon="-1.4245400"></trkpt>
      <trkpt lat="43.5842700" lon="-1.4312000"></trkpt>
      <trkpt lat="43.5814000" lon="-1.4328900"></trkpt>
      <trkpt lat="43.5703000" lon="-1.4410300"></trkpt>
      <trkpt lat="43.5692500" lon="-1.4418900"></trkpt>
      <trkpt lat="43.5642400" lon="-1.4454900"></trkpt>
      <trkpt lat="43.5631300" lon="-1.4464800"></trkpt>
      <trkpt lat="43.5623600" lon="-1.4475000"></trkpt>
      <trkpt lat="43.5611200" lon="-1.4484600"></trkpt>
      <trkpt lat="43.5598000" lon="-1.4514400"></trkpt>
      <trkpt lat="43.5591300" lon="-1.4524200"></trkpt>
      <trkpt lat="43.5563300" lon="-1.4544700"></trkpt>
      <trkpt lat="43.5545500" lon="-1.4565400"></trkpt>
      <trkpt lat="43.5513500" lon="-1.4598800"></trkpt>
      <trkpt lat="43.5505000" lon="-1.4604600"></trkpt>
      <trkpt lat="43.5491200" lon="-1.4608900"></trkpt>
      <trkpt lat="43.5452300" lon="-1.4610200"></trkpt>
      <trkpt lat="43.5439600" lon="-1.4609500"></trkpt>
      <trkpt lat="43.5324500" lon="-1.4610000"></trkpt>
      <trkpt lat="43.5316200" lon="-1.4612000"></trkpt>
      <trkpt lat="43.5303400" lon="-1.4619200"></trkpt>
      <trkpt lat="43.5286700" lon="-1.4633000"></trkpt>
      <trkpt lat="43.5274700" lon="-1.4640100"></trkpt>
      <trkpt lat="43.5222900" lon="-1.4646900"></trkpt>
      <trkpt lat="43.5201200" lon="-1.4642300"></trkpt>
      <trkpt lat="43.5189400" lon="-1.4645000"></trkpt>
      <trkpt lat="43.5160200" lon="-1.4659900"></trkpt>
      <trkpt lat="43.5150700" lon="-1.4667500"></trkpt>
      <trkpt lat="43.5136500" lon="-1.4674100"></trkpt>
      <trkpt lat="43.5119400" lon="-1.4685200"></trkpt>
      <trkpt lat="43.5110800" lon="-1.4686200"></trkpt>
      <trkpt lat="43.5070500" lon="-1.4672800"></trkpt>
      <trkpt lat="43.5047100" lon="-1.4673600"></trkpt>
      <trkpt lat="43.5036600" lon="-1.4681200"></trkpt>
      <trkpt lat="43.5038200" lon="-1.4704500"></trkpt>
      <trkpt lat="43.5041400" lon="-1.4725100"></trkpt>
      <trkpt lat="43.5040100" lon="-1.4740200"></trkpt>
      <trkpt lat="43.5029100" lon="-1.4757100"></trkpt>
      <trkpt lat="43.5024600" lon="-1.4766600"></trkpt>
      <trkpt lat="43.5022800" lon="-1.4783600"></trkpt>
      <trkpt lat="43.5011100" lon="-1.4790700"></trkpt>
      <trkpt lat="43.5000500" lon="-1.4800400"></trkpt>
      <trkpt lat="43.4988700" lon="-1.4816500"></trkpt>
      <trkpt lat="43.4961000" lon="-1.4837200"></trkpt>
      <trkpt lat="43.4958300" lon="-1.4843000"></trkpt>
      <trkpt lat="43.4960800" lon="-1.4852800"></trkpt>
      <trkpt lat="43.4933800" lon="-1.4862700"></trkpt>
      <trkpt lat="43.4919100" lon="-1.4871500"></trkpt>
      <trkpt lat="43.4907400" lon="-1.4867900"></trkpt>
      <trkpt lat="43.4899700" lon="-1.4873600"></trkpt>
      <trkpt lat="43.4896600" lon="-1.4887700"></trkpt>
      <trkpt lat="43.4885900" lon="-1.4888900"></trkpt>
      <trkpt lat="43.4874100" lon="-1.4879800"></trkpt>
      <trkpt lat="43.4867100" lon="-1.4878100"></trkpt>
      <trkpt lat="43.4858200" lon="-1.4913200"></trkpt>
      <trkpt lat="43.4852700" lon="-1.4942000"></trkpt>
      <trkpt lat="43.4835100" lon="-1.5020600"></trkpt>
      <trkpt lat="43.4829600" lon="-1.5032800"></trkpt>
      <trkpt lat="43.4823500" lon="-1.5063400"></trkpt>
      <trkpt lat="43.4813600" lon="-1.5103000"></trkpt>
      <trkpt lat="43.4803900" lon="-1.5150000"></trkpt>
      <trkpt lat="43.4799500" lon="-1.5165600"></trkpt>
      <trkpt lat="43.4792900" lon="-1.5198000"></trkpt>
      <trkpt lat="43.4752700" lon="-1.5293700"></trkpt>
      <trkpt lat="43.4753300" lon="-1.5294200"></trkpt>
      <trkpt lat="43.4735200" lon="-1.5336100"></trkpt>
      <trkpt lat="43.4729200" lon="-1.5348500"></trkpt>
      <trkpt lat="43.4718900" lon="-1.5359600"></trkpt>
      <trkpt lat="43.4715000" lon="-1.5370200"></trkpt>
      <trkpt lat="43.4726700" lon="-1.5404200"></trkpt>
      <trkpt lat="43.4732300" lon="-1.5406600"></trkpt>
      <trkpt lat="43.4737800" lon="-1.5438600"></trkpt>
      <trkpt lat="43.4740100" lon="-1.5444500"></trkpt>
      <trkpt lat="43.4740400" lon="-1.5457000"></trkpt>
      <trkpt lat="43.4700400" lon="-1.5463300"></trkpt>
      <trkpt lat="43.4695500" lon="-1.5480800"></trkpt>
      <trkpt lat="43.4692600" lon="-1.5476400"></trkpt>
      <trkpt lat="43.4685900" lon="-1.5491800"></trkpt>
      <trkpt lat="43.4687400" lon="-1.5501200"></trkpt>
      <trkpt lat="43.4683700" lon="-1.5506700"></trkpt>
      <trkpt lat="43.4670900" lon="-1.5542800"></trkpt>
      <trkpt lat="43.4663900" lon="-1.5539700"></trkpt>
      <trkpt lat="43.4661700" lon="-1.5551800"></trkpt>
      <trkpt lat="43.4649200" lon="-1.5550200"></trkpt>
      <trkpt lat="43.4639000" lon="-1.5555400"></trkpt>
      <trkpt lat="43.4634200" lon="-1.5574900"></trkpt>
      <trkpt lat="43.4627500" lon="-1.5591600"></trkpt>
      <trkpt lat="43.4632100" lon="-1.5618900"></trkpt>
      <trkpt lat="43.4631900" lon="-1.5643800"></trkpt>
      <trkpt lat="43.4623100" lon="-1.5653600"></trkpt>
      <trkpt lat="43.4613900" lon="-1.5688800"></trkpt>
      <trkpt lat="43.4614700" lon="-1.5694500"></trkpt>
      <trkpt lat="43.4609300" lon="-1.5692300"></trkpt>
      <trkpt lat="43.4605000" lon="-1.5696200"></trkpt>
      <trkpt lat="43.4597500" lon="-1.5710500"></trkpt>
      <trkpt lat="43.4580800" lon="-1.5723600"></trkpt>
      <trkpt lat="43.4569300" lon="-1.5723000"></trkpt>
      <trkpt lat="43.4553900" lon="-1.5733700"></trkpt>
      <trkpt lat="43.4532100" lon="-1.5738900"></trkpt>
      <trkpt lat="43.4521800" lon="-1.5739800"></trkpt>
      <trkpt lat="43.4510900" lon="-1.5745700"></trkpt>
      <trkpt lat="43.4508200" lon="-1.5749400"></trkpt>
      <trkpt lat="43.4503400" lon="-1.5765400"></trkpt>
      <trkpt lat="43.4496600" lon="-1.5781100"></trkpt>
      <trkpt lat="43.4493600" lon="-1.5795900"></trkpt>
      <trkpt lat="43.4489800" lon="-1.5802500"></trkpt>
      <trkpt lat="43.4436300" lon="-1.5851200"></trkpt>
      <trkpt lat="43.4420500" lon="-1.5854700"></trkpt>
      <trkpt lat="43.4417000" lon="-1.5866200"></trkpt>
      <trkpt lat="43.4413100" lon="-1.5871700"></trkpt>
      <trkpt lat="43.4396900" lon="-1.5871000"></trkpt>
      <trkpt lat="43.4391600" lon="-1.5874000"></trkpt>
      <trkpt lat="43.4387600" lon="-1.5887000"></trkpt>
      <trkpt lat="43.4377600" lon="-1.5898600"></trkpt>
      <trkpt lat="43.4378200" lon="-1.5915200"></trkpt>
      <trkpt lat="43.4375300" lon="-1.5919200"></trkpt>
      <trkpt lat="43.4323100" lon="-1.5964800"></trkpt>
      <trkpt lat="43.4300700" lon="-1.5996800"></trkpt>
      <trkpt lat="43.4276700" lon="-1.6026500"></trkpt>
      <trkpt lat="43.4273700" lon="-1.6038300"></trkpt>
      <trkpt lat="43.4265600" lon="-1.6037400"></trkpt>
      <trkpt lat="43.4236600" lon="-1.6050500"></trkpt>
      <trkpt lat="43.4227000" lon="-1.6052200"></trkpt>
      <trkpt lat="43.4219800" lon="-1.6049600"></trkpt>
      <trkpt lat="43.4213700" lon="-1.6052600"></trkpt>
      <trkpt lat="43.4208100" lon="-1.6067200"></trkpt>
      <trkpt lat="43.4204000" lon="-1.6072000"></trkpt>
      <trkpt lat="43.4185000" lon="-1.6077700"></trkpt>
      <trkpt lat="43.4136100" lon="-1.6144600"></trkpt>
      <trkpt lat="43.4122400" lon="-1.6183000"></trkpt>
      <trkpt lat="43.4115600" lon="-1.6193700"></trkpt>
      <trkpt lat="43.4029100" lon="-1.6346900"></trkpt>
      <trkpt lat="43.4025200" lon="-1.6354600"></trkpt>
      <trkpt lat="43.3995700" lon="-1.6405900"></trkpt>
      <trkpt lat="43.3982300" lon="-1.6428200"></trkpt>
      <trkpt lat="43.3974200" lon="-1.6430300"></trkpt>
      <trkpt lat="43.3972000" lon="-1.6436200"></trkpt>
      <trkpt lat="43.3973400" lon="-1.6445000"></trkpt>
      <trkpt lat="43.3926000" lon="-1.6528100"></trkpt>
      <trkpt lat="43.3908100" lon="-1.6570900"></trkpt>
      <trkpt lat="43.3887100" lon="-1.6582500"></trkpt>
      <trkpt lat="43.3875700" lon="-1.6612500"></trkpt>
      <trkpt lat="43.3857200" lon="-1.6623600"></trkpt>
      <trkpt lat="43.3843900" lon="-1.6654900"></trkpt>
      <trkpt lat="43.3845300" lon="-1.6664800"></trkpt>
      <trkpt lat="43.3836300" lon="-1.6675900"></trkpt>
      <trkpt lat="43.3811800" lon="-1.6679400"></trkpt>
      <trkpt lat="43.3796800" lon="-1.6692200"></trkpt>
      <trkpt lat="43.3783200" lon="-1.6709600"></trkpt>
      <trkpt lat="43.3774900" lon="-1.6737000"></trkpt>
      <trkpt lat="43.3764600" lon="-1.6753700"></trkpt>
      <trkpt lat="43.3758600" lon="-1.6770200"></trkpt>
      <trkpt lat="43.3746100" lon="-1.6787300"></trkpt>
      <trkpt lat="43.3726300" lon="-1.6806400"></trkpt>
      <trkpt lat="43.3720700" lon="-1.6813700"></trkpt>
      <trkpt lat="43.3712500" lon="-1.6818200"></trkpt>
      <trkpt lat="43.3695500" lon="-1.6830600"></trkpt>
      <trkpt lat="43.3691900" lon="-1.6834900"></trkpt>
      <trkpt lat="43.3683300" lon="-1.6856700"></trkpt>
      <trkpt lat="43.3678200" lon="-1.6863000"></trkpt>
      <trkpt lat="43.3663600" lon="-1.6872800"></trkpt>
      <trkpt lat="43.3643000" lon="-1.6899800"></trkpt>
      <trkpt lat="43.3637300" lon="-1.6912700"></trkpt>
      <trkpt lat="43.3630400" lon="-1.6938400"></trkpt>
      <trkpt lat="43.3623500" lon="-1.7000100"></trkpt>
      <trkpt lat="43.3618800" lon="-1.7023200"></trkpt>
      <trkpt lat="43.3619500" lon="-1.7052900"></trkpt>
      <trkpt lat="43.3618900" lon="-1.7075500"></trkpt>
      <trkpt lat="43.3619200" lon="-1.7154500"></trkpt>
      <trkpt lat="43.3618400" lon="-1.7177500"></trkpt>
      <trkpt lat="43.3594400" lon="-1.7288500"></trkpt>
      <trkpt lat="43.3585400" lon="-1.7328600"></trkpt>
      <trkpt lat="43.3580500" lon="-1.7341100"></trkpt>
      <trkpt lat="43.3563000" lon="-1.7362200"></trkpt>
      <trkpt lat="43.3553800" lon="-1.7367300"></trkpt>
      <trkpt lat="43.3533400" lon="-1.7369100"></trkpt>
      <trkpt lat="43.3523800" lon="-1.7376700"></trkpt>
      <trkpt lat="43.3521300" lon="-1.7385900"></trkpt>
      <trkpt lat="43.3517200" lon="-1.7388000"></trkpt>
      <trkpt lat="43.3506500" lon="-1.7380100"></trkpt>
      <trkpt lat="43.3501300" lon="-1.7384800"></trkpt>
      <trkpt lat="43.3496400" lon="-1.7428000"></trkpt>
      <trkpt lat="43.3497300" lon="-1.7454300"></trkpt>
      <trkpt lat="43.3501300" lon="-1.7478900"></trkpt>
      <trkpt lat="43.3495400" lon="-1.7486700"></trkpt>
      <trkpt lat="43.3480600" lon="-1.7488400"></trkpt>
      <trkpt lat="43.3475200" lon="-1.7490900"></trkpt>
      <trkpt lat="43.3467400" lon="-1.7501800"></trkpt>
      <trkpt lat="43.3460900" lon="-1.7517300"></trkpt>
      <trkpt lat="43.3460600" lon="-1.7523700"></trkpt>
      <trkpt lat="43.3468500" lon="-1.7603200"></trkpt>
      <trkpt lat="43.3466000" lon="-1.7610700"></trkpt>
      <trkpt lat="43.3454800" lon="-1.7623800"></trkpt>
      <trkpt lat="43.3447100" lon="-1.7614900"></trkpt>
      <trkpt lat="43.3437700" lon="-1.7608100"></trkpt>
      <trkpt lat="43.3438500" lon="-1.7613500"></trkpt>
      <trkpt lat="43.3433900" lon="-1.7627900"></trkpt>
      <trkpt lat="43.3425400" lon="-1.7639300"></trkpt>
      <trkpt lat="43.3418900" lon="-1.7685200"></trkpt>
      <trkpt lat="43.3416300" lon="-1.7721900"></trkpt>
      <trkpt lat="43.3416600" lon="-1.7748600"></trkpt>
      <trkpt lat="43.3400100" lon="-1.7793000"></trkpt>
      <trkpt lat="43.3397600" lon="-1.7792700"></trkpt>
      <trkpt lat="43.3395800" lon="-1.7808800"></trkpt>
      <trkpt lat="43.3392000" lon="-1.7863800"></trkpt>
      <trkpt lat="43.3392300" lon="-1.7882300"></trkpt>
      <trkpt lat="43.3383100" lon="-1.7888700"></trkpt>
      <trkpt lat="43.3381800" lon="-1.7905300"></trkpt>
      <trkpt lat="43.3383700" lon="-1.7916900"></trkpt>
      <trkpt lat="43.3384300" lon="-1.7933900"></trkpt>
      <trkpt lat="43.3377900" lon="-1.7944800"></trkpt>
      <trkpt lat="43.3364200" lon="-1.7962200"></trkpt>
      <trkpt lat="43.3364100" lon="-1.7967200"></trkpt>
      <trkpt lat="43.3345800" lon="-1.8006000"></trkpt>
      <trkpt lat="43.3334400" lon="-1.8026200"></trkpt>
      <trkpt lat="43.3325000" lon="-1.8061800"></trkpt>
      <trkpt lat="43.3315900" lon="-1.8092000"></trkpt>
      <trkpt lat="43.3313100" lon="-1.8121800"></trkpt>
      <trkpt lat="43.3309600" lon="-1.8146400"></trkpt>
      <trkpt lat="43.3307500" lon="-1.8153100"></trkpt>
      <trkpt lat="43.3289200" lon="-1.8191200"></trkpt>
      <trkpt lat="43.3273600" lon="-1.8202300"></trkpt>
      <trkpt lat="43.3257600" lon="-1.8228000"></trkpt>
      <trkpt lat="43.3246900" lon="-1.8232300"></trkpt>
      <trkpt lat="43.3238400" lon="-1.8247900"></trkpt>
      <trkpt lat="43.3214300" lon="-1.8284600"></trkpt>
      <trkpt lat="43.3208900" lon="-1.8286900"></trkpt>
      <trkpt lat="43.3194300" lon="-1.8288600"></trkpt>
      <trkpt lat="43.3185400" lon="-1.8302000"></trkpt>
      <trkpt lat="43.3176100" lon="-1.8311200"></trkpt>
      <trkpt lat="43.3172500" lon="-1.8322100"></trkpt>
      <trkpt lat="43.3166200" lon="-1.8352600"></trkpt>
      <trkpt lat="43.3144700" lon="-1.8387600"></trkpt>
      <trkpt lat="43.3129000" lon="-1.8403300"></trkpt>
      <trkpt lat="43.3117300" lon="-1.8405400"></trkpt>
      <trkpt lat="43.3101600" lon="-1.8415900"></trkpt>
      <trkpt lat="43.3096300" lon="-1.8427000"></trkpt>
      <trkpt lat="43.3084600" lon="-1.8457600"></trkpt>
      <trkpt lat="43.3076400" lon="-1.8465200"></trkpt>
      <trkpt lat="43.3059700" lon="-1.8473900"></trkpt>
      <trkpt lat="43.3047000" lon="-1.8495800"></trkpt>
      <trkpt lat="43.3034100" lon="-1.8505500"></trkpt>
      <trkpt lat="43.3030700" lon="-1.8523100"></trkpt>
      <trkpt lat="43.3006400" lon="-1.8530700"></trkpt>
      <trkpt lat="43.3003400" lon="-1.8542600"></trkpt>
      <trkpt lat="43.2983300" lon="-1.8554700"></trkpt>
      <trkpt lat="43.2979700" lon="-1.8561600"></trkpt>
      <trkpt lat="43.2978600" lon="-1.8572100"></trkpt>
      <trkpt lat="43.2983700" lon="-1.8582500"></trkpt>
      <trkpt lat="43.2982900" lon="-1.8589600"></trkpt>
      <trkpt lat="43.2993000" lon="-1.8604000"></trkpt>
      <trkpt lat="43.2992500" lon="-1.8675100"></trkpt>
      <trkpt lat="43.2983800" lon="-1.8772800"></trkpt>
      <trkpt lat="43.2984500" lon="-1.8781500"></trkpt>
      <trkpt lat="43.2972400" lon="-1.8786800"></trkpt>
      <trkpt lat="43.2951200" lon="-1.8800700"></trkpt>
      <trkpt lat="43.2946400" lon="-1.8809100"></trkpt>
      <trkpt lat="43.2931100" lon="-1.8818900"></trkpt>
      <trkpt lat="43.2912800" lon="-1.8836000"></trkpt>
      <trkpt lat="43.2906900" lon="-1.8846100"></trkpt>
      <trkpt lat="43.2903700" lon="-1.8864000"></trkpt>
      <trkpt lat="43.2900700" lon="-1.8871500"></trkpt>
      <trkpt lat="43.2893000" lon="-1.8880400"></trkpt>
      <trkpt lat="43.2888000" lon="-1.8882900"></trkpt>
      <trkpt lat="43.2873700" lon="-1.8883100"></trkpt>
      <trkpt lat="43.2866700" lon="-1.8889500"></trkpt>
      <trkpt lat="43.2863600" lon="-1.8899700"></trkpt>
      <trkpt lat="43.2868900" lon="-1.8939200"></trkpt>
      <trkpt lat="43.2868200" lon="-1.8947800"></trkpt>
      <trkpt lat="43.2860900" lon="-1.8969000"></trkpt>
      <trkpt lat="43.2859100" lon="-1.8994400"></trkpt>
      <trkpt lat="43.2856200" lon="-1.9002700"></trkpt>
      <trkpt lat="43.2834100" lon="-1.9034000"></trkpt>
      <trkpt lat="43.2831100" lon="-1.9043600"></trkpt>
      <trkpt lat="43.2833200" lon="-1.9056300"></trkpt>
      <trkpt lat="43.2846800" lon="-1.9071200"></trkpt>
      <trkpt lat="43.2850100" lon="-1.9077900"></trkpt>
      <trkpt lat="43.2850500" lon="-1.9114200"></trkpt>
      <trkpt lat="43.2843700" lon="-1.9126600"></trkpt>
      <trkpt lat="43.2831100" lon="-1.9133100"></trkpt>
      <trkpt lat="43.2823300" lon="-1.9149200"></trkpt>
      <trkpt lat="43.2822000" lon="-1.9165500"></trkpt>
      <trkpt lat="43.2831400" lon="-1.9201600"></trkpt>
      <trkpt lat="43.2828600" lon="-1.9219900"></trkpt>
      <trkpt lat="43.2822700" lon="-1.9230800"></trkpt>
      <trkpt lat="43.2821000" lon="-1.9241300"></trkpt>
      <trkpt lat="43.2828800" lon="-1.9261100"></trkpt>
      <trkpt lat="43.2844600" lon="-1.9304300"></trkpt>
      <trkpt lat="43.2852700" lon="-1.9319700"></trkpt>
      <trkpt lat="43.2864000" lon="-1.9334400"></trkpt>
      <trkpt lat="43.2868100" lon="-1.9380300"></trkpt>
      <trkpt lat="43.2872500" lon="-1.9392100"></trkpt>
      <trkpt lat="43.2884600" lon="-1.9405800"></trkpt>
      <trkpt lat="43.2889800" lon="-1.9415000"></trkpt>
      <trkpt lat="43.2891900" lon="-1.9423900"></trkpt>
      <trkpt lat="43.2889600" lon="-1.9441200"></trkpt>
      <trkpt lat="43.2867700" lon="-1.9482400"></trkpt>
      <trkpt lat="43.2855700" lon="-1.9488900"></trkpt>
      <trkpt lat="43.2847700" lon="-1.9502300"></trkpt>
      <trkpt lat="43.2799400" lon="-1.9519900"></trkpt>
      <trkpt lat="43.2794200" lon="-1.9517900"></trkpt>
      <trkpt lat="43.2788000" lon="-1.9522000"></trkpt>
      <trkpt lat="43.2775900" lon="-1.9536500"></trkpt>
      <trkpt lat="43.2754000" lon="-1.9542500"></trkpt>
      <trkpt lat="43.2704800" lon="-1.9551900"></trkpt>
      <trkpt lat="43.2696700" lon="-1.9554000"></trkpt>
      <trkpt lat="43.2693700" lon="-1.9560800"></trkpt>
      <trkpt lat="43.2688700" lon="-1.9563300"></trkpt>
      <trkpt lat="43.2686100" lon="-1.9573500"></trkpt>
      <trkpt lat="43.2680000" lon="-1.9580000"></trkpt>
      <trkpt lat="43.2680800" lon="-1.9585600"></trkpt>
      <trkpt lat="43.2676700" lon="-1.9612900"></trkpt>
      <trkpt lat="43.2672000" lon="-1.9615000"></trkpt>
      <trkpt lat="43.2660900" lon="-1.9683700"></trkpt>
      <trkpt lat="43.2656300" lon="-1.9703900"></trkpt>
      <trkpt lat="43.2647600" lon="-1.9707700"></trkpt>
      <trkpt lat="43.2636600" lon="-1.9725400"></trkpt>
      <trkpt lat="43.2623800" lon="-1.9734200"></trkpt>
      <trkpt lat="43.2618900" lon="-1.9747000"></trkpt>
      <trkpt lat="43.2609800" lon="-1.9750000"></trkpt>
      <trkpt lat="43.2599700" lon="-1.9758900"></trkpt>
      <trkpt lat="43.2595000" lon="-1.9759800"></trkpt>
      <trkpt lat="43.2591400" lon="-1.9765700"></trkpt>
      <trkpt lat="43.2575500" lon="-1.9779100"></trkpt>
      <trkpt lat="43.2572800" lon="-1.9787200"></trkpt>
      <trkpt lat="43.2552300" lon="-1.9813500"></trkpt>
      <trkpt lat="43.2538100" lon="-1.9828000"></trkpt>
      <trkpt lat="43.2537600" lon="-1.9832500"></trkpt>
      <trkpt lat="43.2524500" lon="-1.9845200"></trkpt>
      <trkpt lat="43.2521500" lon="-1.9850500"></trkpt>
      <trkpt lat="43.2513300" lon="-1.9882300"></trkpt>
      <trkpt lat="43.2514800" lon="-1.9887700"></trkpt>
      <trkpt lat="43.2522100" lon="-1.9893700"></trkpt>
      <trkpt lat="43.2516600" lon="-1.9895000"></trkpt>
      <trkpt lat="43.2482200" lon="-1.9926200"></trkpt>
      <trkpt lat="43.2476700" lon="-1.9926500"></trkpt>
      <trkpt lat="43.2453100" lon="-1.9933400"></trkpt>
      <trkpt lat="43.2448600" lon="-1.9933600"></trkpt>
      <trkpt lat="43.2421900" lon="-1.9950600"></trkpt>
      <trkpt lat="43.2411200" lon="-1.9953900"></trkpt>
      <trkpt lat="43.2393200" lon="-1.9965300"></trkpt>
      <trkpt lat="43.2378400" lon="-1.9977300"></trkpt>
      <trkpt lat="43.2371100" lon="-1.9985200"></trkpt>
      <trkpt lat="43.2354800" lon="-1.9992000"></trkpt>
      <trkpt lat="43.2343800" lon="-1.9999800"></trkpt>
      <trkpt lat="43.2336300" lon="-1.9998300"></trkpt>
      <trkpt lat="43.2325900" lon="-2.0001500"></trkpt>
      <trkpt lat="43.2315800" lon="-2.0016700"></trkpt>
      <trkpt lat="43.2279900" lon="-2.0052900"></trkpt>
      <trkpt lat="43.2271000" lon="-2.0066400"></trkpt>
      <trkpt lat="43.2256700" lon="-2.0099000"></trkpt>
      <trkpt lat="43.2242300" lon="-2.0122700"></trkpt>
      <trkpt lat="43.2222300" lon="-2.0160700"></trkpt>
      <trkpt lat="43.2212900" lon="-2.0181600"></trkpt>
      <trkpt lat="43.2201000" lon="-2.0194500"></trkpt>
      <trkpt lat="43.2184500" lon="-2.0203900"></trkpt>
      <trkpt lat="43.2173700" lon="-2.0213900"></trkpt>
      <trkpt lat="43.2161200" lon="-2.0216300"></trkpt>
      <trkpt lat="43.2150500" lon="-2.0215000"></trkpt>
      <trkpt lat="43.2149600" lon="-2.0219900"></trkpt>
      <trkpt lat="43.2135300" lon="-2.0233100"></trkpt>
      <trkpt lat="43.2137500" lon="-2.0236400"></trkpt>
      <trkpt lat="43.2133300" lon="-2.0247300"></trkpt>
      <trkpt lat="43.2129000" lon="-2.0268900"></trkpt>
      <trkpt lat="43.2105800" lon="-2.0305200"></trkpt>
      <trkpt lat="43.2105000" lon="-2.0308400"></trkpt>
      <trkpt lat="43.2088200" lon="-2.0331900"></trkpt>
      <trkpt lat="43.2094300" lon="-2.0340100"></trkpt>
      <trkpt lat="43.2098400" lon="-2.0353900"></trkpt>
      <trkpt lat="43.2096300" lon="-2.0364000"></trkpt>
      <trkpt lat="43.2086200" lon="-2.0375700"></trkpt>
      <trkpt lat="43.2079700" lon="-2.0389900"></trkpt>
      <trkpt lat="43.2065600" lon="-2.0404000"></trkpt>
      <trkpt lat="43.2059400" lon="-2.0406600"></trkpt>
      <trkpt lat="43.2050600" lon="-2.0419100"></trkpt>
      <trkpt lat="43.2043800" lon="-2.0424600"></trkpt>
      <trkpt lat="43.2030700" lon="-2.0440000"></trkpt>
      <trkpt lat="43.2021400" lon="-2.0448500"></trkpt>
      <trkpt lat="43.2015000" lon="-2.0459500"></trkpt>
      <trkpt lat="43.2006600" lon="-2.0467300"></trkpt>
      <trkpt lat="43.2002000" lon="-2.0468000"></trkpt>
      <trkpt lat="43.1992700" lon="-2.0459500"></trkpt>
      <trkpt lat="43.1985800" lon="-2.0463400"></trkpt>
      <trkpt lat="43.1978800" lon="-2.0494800"></trkpt>
      <trkpt lat="43.1980600" lon="-2.0504300"></trkpt>
      <trkpt lat="43.1968700" lon="-2.0506000"></trkpt>
      <trkpt lat="43.1955500" lon="-2.0533000"></trkpt>
      <trkpt lat="43.1951100" lon="-2.0538900"></trkpt>
      <trkpt lat="43.1943400" lon="-2.0541900"></trkpt>
      <trkpt lat="43.1934500" lon="-2.0539400"></trkpt>
      <trkpt lat="43.1921000" lon="-2.0531900"></trkpt>
      <trkpt lat="43.1876700" lon="-2.0526000"></trkpt>
      <trkpt lat="43.1862000" lon="-2.0527200"></trkpt>
      <trkpt lat="43.1850000" lon="-2.0531300"></trkpt>
      <trkpt lat="43.1843300" lon="-2.0554500"></trkpt>
      <trkpt lat="43.1775200" lon="-2.0590300"></trkpt>
      <trkpt lat="43.1754500" lon="-2.0601800"></trkpt>
      <trkpt lat="43.1736100" lon="-2.0617300"></trkpt>
      <trkpt lat="43.1720300" lon="-2.0646100"></trkpt>
      <trkpt lat="43.1704200" lon="-2.0681400"></trkpt>
      <trkpt lat="43.1704200" lon="-2.0691700"></trkpt>
      <trkpt lat="43.1698600" lon="-2.0704500"></trkpt>
      <trkpt lat="43.1693400" lon="-2.0708700"></trkpt>
      <trkpt lat="43.1682400" lon="-2.0710000"></trkpt>
      <trkpt lat="43.1663800" lon="-2.0717400"></trkpt>
      <trkpt lat="43.1653000" lon="-2.0717200"></trkpt>
      <trkpt lat="43.1642000" lon="-2.0713700"></trkpt>
      <trkpt lat="43.1634000" lon="-2.0708900"></trkpt>
      <trkpt lat="43.1631700" lon="-2.0698200"></trkpt>
      <trkpt lat="43.1625700" lon="-2.0694800"></trkpt>
      <trkpt lat="43.1614300" lon="-2.0694200"></trkpt>
      <trkpt lat="43.1607300" lon="-2.0688600"></trkpt>
      <trkpt lat="43.1586900" lon="-2.0682700"></trkpt>
      <trkpt lat="43.1578800" lon="-2.0682400"></trkpt>
      <trkpt lat="43.1564700" lon="-2.0686200"></trkpt>
      <trkpt lat="43.1514300" lon="-2.0720100"></trkpt>
      <trkpt lat="43.1493900" lon="-2.0724700"></trkpt>
      <trkpt lat="43.1457200" lon="-2.0723500"></trkpt>
      <trkpt lat="43.1445100" lon="-2.0727200"></trkpt>
      <trkpt lat="43.1431200" lon="-2.0729100"></trkpt>
      <trkpt lat="43.1415000" lon="-2.0727600"></trkpt>
      <trkpt lat="43.1368200" lon="-2.0740800"></trkpt>
      <trkpt lat="43.1361500" lon="-2.0749400"></trkpt>
      <trkpt lat="43.1341000" lon="-2.0784600"></trkpt>
      <trkpt lat="43.1331100" lon="-2.0825900"></trkpt>
      <trkpt lat="43.1330600" lon="-2.0831300"></trkpt>
      <trkpt lat="43.1325200" lon="-2.0842000"></trkpt>
      <trkpt lat="43.1303800" lon="-2.0869900"></trkpt>
      <trkpt lat="43.1292900" lon="-2.0876300"></trkpt>
      <trkpt lat="43.1277100" lon="-2.0878200"></trkpt>
      <trkpt lat="43.1267900" lon="-2.0875600"></trkpt>
      <trkpt lat="43.1255300" lon="-2.0875600"></trkpt>
      <trkpt lat="43.1234300" lon="-2.0883400"></trkpt>
      <trkpt lat="43.1227800" lon="-2.0877200"></trkpt>
      <trkpt lat="43.1212200" lon="-2.0891100"></trkpt>
      <trkpt lat="43.1201900" lon="-2.0895500"></trkpt>
      <trkpt lat="43.1194000" lon="-2.0891600"></trkpt>
      <trkpt lat="43.1177500" lon="-2.0896000"></trkpt>
      <trkpt lat="43.1162700" lon="-2.0911700"></trkpt>
      <trkpt lat="43.1148100" lon="-2.0906500"></trkpt>
      <trkpt lat="43.1140100" lon="-2.0901700"></trkpt>
      <trkpt lat="43.1129400" lon="-2.0892000"></trkpt>
      <trkpt lat="43.1118000" lon="-2.0895100"></trkpt>
      <trkpt lat="43.1113200" lon="-2.0904500"></trkpt>
      <trkpt lat="43.1113500" lon="-2.0913400"></trkpt>
      <trkpt lat="43.1105600" lon="-2.0942100"></trkpt>
      <trkpt lat="43.1082700" lon="-2.0954000"></trkpt>
      <trkpt lat="43.1062700" lon="-2.0945300"></trkpt>
      <trkpt lat="43.1035800" lon="-2.0956800"></trkpt>
      <trkpt lat="43.1025500" lon="-2.0962900"></trkpt>
      <trkpt lat="43.1016200" lon="-2.0970800"></trkpt>
      <trkpt lat="43.1010000" lon="-2.0981900"></trkpt>
      <trkpt lat="43.1003100" lon="-2.1011200"></trkpt>
      <trkpt lat="43.1001500" lon="-2.1066400"></trkpt>
      <trkpt lat="43.0997200" lon="-2.1082900"></trkpt>
      <trkpt lat="43.0978900" lon="-2.1125800"></trkpt>
      <trkpt lat="43.0964500" lon="-2.1158200"></trkpt>
      <trkpt lat="43.0962000" lon="-2.1168400"></trkpt>
      <trkpt lat="43.0956700" lon="-2.1218800"></trkpt>
      <trkpt lat="43.0949000" lon="-2.1240200"></trkpt>
      <trkpt lat="43.0935300" lon="-2.1256900"></trkpt>
      <trkpt lat="43.0925200" lon="-2.1257700"></trkpt>
      <trkpt lat="43.0923100" lon="-2.1255400"></trkpt>
      <trkpt lat="43.0873300" lon="-2.1234800"></trkpt>
      <trkpt lat="43.0866400" lon="-2.1235400"></trkpt>
      <trkpt lat="43.0853600" lon="-2.1245400"></trkpt>
      <trkpt lat="43.0848100" lon="-2.1254700"></trkpt>
      <trkpt lat="43.0846700" lon="-2.1272700"></trkpt>
      <trkpt lat="43.0848600" lon="-2.1278300"></trkpt>
      <trkpt lat="43.0880500" lon="-2.1303900"></trkpt>
      <trkpt lat="43.0887300" lon="-2.1317800"></trkpt>
      <trkpt lat="43.0884700" lon="-2.1335200"></trkpt>
      <trkpt lat="43.0869500" lon="-2.1377400"></trkpt>
      <trkpt lat="43.0859200" lon="-2.1403200"></trkpt>
      <trkpt lat="43.0844200" lon="-2.1431100"></trkpt>
      <trkpt lat="43.0846700" lon="-2.1442900"></trkpt>
      <trkpt lat="43.0852800" lon="-2.1455800"></trkpt>
      <trkpt lat="43.0862700" lon="-2.1481900"></trkpt>
      <trkpt lat="43.0863100" lon="-2.1487400"></trkpt>
      <trkpt lat="43.0857200" lon="-2.1513700"></trkpt>
      <trkpt lat="43.0833800" lon="-2.1536000"></trkpt>
      <trkpt lat="43.0811400" lon="-2.1537200"></trkpt>
      <trkpt lat="43.0807400" lon="-2.1540300"></trkpt>
      <trkpt lat="43.0804800" lon="-2.1549700"></trkpt>
      <trkpt lat="43.0805800" lon="-2.1565000"></trkpt>
      <trkpt lat="43.0804800" lon="-2.1579200"></trkpt>
      <trkpt lat="43.0798900" lon="-2.1589400"></trkpt>
      <trkpt lat="43.0763800" lon="-2.1600600"></trkpt>
      <trkpt lat="43.0760300" lon="-2.1603100"></trkpt>
      <trkpt lat="43.0741000" lon="-2.1625200"></trkpt>
      <trkpt lat="43.0735300" lon="-2.1634300"></trkpt>
      <trkpt lat="43.0730100" lon="-2.1637600"></trkpt>
      <trkpt lat="43.0713000" lon="-2.1625500"></trkpt>
      <trkpt lat="43.0706900" lon="-2.1625300"></trkpt>
      <trkpt lat="43.0690900" lon="-2.1638200"></trkpt>
      <trkpt lat="43.0664300" lon="-2.1657200"></trkpt>
      <trkpt lat="43.0651100" lon="-2.1677300"></trkpt>
      <trkpt lat="43.0643900" lon="-2.1695300"></trkpt>
      <trkpt lat="43.0642100" lon="-2.1717400"></trkpt>
      <trkpt lat="43.0637500" lon="-2.1730800"></trkpt>
      <trkpt lat="43.0631400" lon="-2.1735100"></trkpt>
      <trkpt lat="43.0586900" lon="-2.1723900"></trkpt>
      <trkpt lat="43.0581900" lon="-2.1727300"></trkpt>
      <trkpt lat="43.0568900" lon="-2.1745900"></trkpt>
      <trkpt lat="43.0552000" lon="-2.1767600"></trkpt>
      <trkpt lat="43.0542100" lon="-2.1782000"></trkpt>
      <trkpt lat="43.0534600" lon="-2.1803400"></trkpt>
      <trkpt lat="43.0536400" lon="-2.1828700"></trkpt>
      <trkpt lat="43.0538100" lon="-2.1837900"></trkpt>
      <trkpt lat="43.0547500" lon="-2.1872800"></trkpt>
      <trkpt lat="43.0544300" lon="-2.1882000"></trkpt>
      <trkpt lat="43.0532500" lon="-2.1894300"></trkpt>
      <trkpt lat="43.0522300" lon="-2.1899100"></trkpt>
      <trkpt lat="43.0502000" lon="-2.1901900"></trkpt>
      <trkpt lat="43.0486300" lon="-2.1914900"></trkpt>
      <trkpt lat="43.0479500" lon="-2.1927400"></trkpt>
      <trkpt lat="43.0481000" lon="-2.1946500"></trkpt>
      <trkpt lat="43.0471700" lon="-2.1982400"></trkpt>
      <trkpt lat="43.0471200" lon="-2.1990200"></trkpt>
      <trkpt lat="43.0472600" lon="-2.2023800"></trkpt>
      <trkpt lat="43.0474200" lon="-2.2039300"></trkpt>
      <trkpt lat="43.0480200" lon="-2.2081600"></trkpt>
      <trkpt lat="43.0477000" lon="-2.2103900"></trkpt>
      <trkpt lat="43.0464100" lon="-2.2139200"></trkpt>
      <trkpt lat="43.0463200" lon="-2.2146400"></trkpt>
      <trkpt lat="43.0465100" lon="-2.2158500"></trkpt>
      <trkpt lat="43.0470300" lon="-2.2167600"></trkpt>
      <trkpt lat="43.0478400" lon="-2.2173100"></trkpt>
      <trkpt lat="43.0488600" lon="-2.2175200"></trkpt>
      <trkpt lat="43.0500600" lon="-2.2183900"></trkpt>
      <trkpt lat="43.0507900" lon="-2.2195300"></trkpt>
      <trkpt lat="43.0519600" lon="-2.2201100"></trkpt>
      <trkpt lat="43.0525500" lon="-2.2207200"></trkpt>
      <trkpt lat="43.0529100" lon="-2.2215100"></trkpt>
      <trkpt lat="43.0529400" lon="-2.2226700"></trkpt>
      <trkpt lat="43.0525000" lon="-2.2237900"></trkpt>
      <trkpt lat="43.0508100" lon="-2.2258800"></trkpt>
      <trkpt lat="43.0497500" lon="-2.2281900"></trkpt>
      <trkpt lat="43.0493300" lon="-2.2302000"></trkpt>
      <trkpt lat="43.0485300" lon="-2.2314500"></trkpt>
      <trkpt lat="43.0476200" lon="-2.2321900"></trkpt>
      <trkpt lat="43.0463400" lon="-2.2335200"></trkpt>
      <trkpt lat="43.0449300" lon="-2.2358200"></trkpt>
      <trkpt lat="43.0447200" lon="-2.2369200"></trkpt>
      <trkpt lat="43.0449000" lon="-2.2391700"></trkpt>
      <trkpt lat="43.0447400" lon="-2.2402300"></trkpt>
      <trkpt lat="43.0444200" lon="-2.2408200"></trkpt>
      <trkpt lat="43.0444700" lon="-2.2416300"></trkpt>
      <trkpt lat="43.0441300" lon="-2.2429500"></trkpt>
      <trkpt lat="43.0430200" lon="-2.2446000"></trkpt>
      <trkpt lat="43.0425800" lon="-2.2457000"></trkpt>
      <trkpt lat="43.0419800" lon="-2.2479600"></trkpt>
      <trkpt lat="43.0416800" lon="-2.2501800"></trkpt>
      <trkpt lat="43.0419700" lon="-2.2514300"></trkpt>
      <trkpt lat="43.0426000" lon="-2.2524600"></trkpt>
      <trkpt lat="43.0429300" lon="-2.2536100"></trkpt>
      <trkpt lat="43.0426900" lon="-2.2556800"></trkpt>
      <trkpt lat="43.0427500" lon="-2.2570600"></trkpt>
      <trkpt lat="43.0424800" lon="-2.2585200"></trkpt>
      <trkpt lat="43.0413300" lon="-2.2613500"></trkpt>
      <trkpt lat="43.0407100" lon="-2.2631100"></trkpt>
      <trkpt lat="43.0399500" lon="-2.2641200"></trkpt>
      <trkpt lat="43.0386100" lon="-2.2654400"></trkpt>
      <trkpt lat="43.0382500" lon="-2.2681700"></trkpt>
      <trkpt lat="43.0384400" lon="-2.2693700"></trkpt>
      <trkpt lat="43.0394500" lon="-2.2699000"></trkpt>
      <trkpt lat="43.0404100" lon="-2.2721200"></trkpt>
      <trkpt lat="43.0403500" lon="-2.2734000"></trkpt>
      <trkpt lat="43.0404800" lon="-2.2775900"></trkpt>
      <trkpt lat="43.0406500" lon="-2.2780000"></trkpt>
      <trkpt lat="43.0419700" lon="-2.2797800"></trkpt>
      <trkpt lat="43.0411000" lon="-2.2813000"></trkpt>
      <trkpt lat="43.0414100" lon="-2.2822500"></trkpt>
      <trkpt lat="43.0410000" lon="-2.2830800"></trkpt>
      <trkpt lat="43.0411600" lon="-2.2840900"></trkpt>
      <trkpt lat="43.0409800" lon="-2.2854100"></trkpt>
      <trkpt lat="43.0400100" lon="-2.2874700"></trkpt>
      <trkpt lat="43.0381000" lon="-2.2894500"></trkpt>
      <trkpt lat="43.0374900" lon="-2.2910700"></trkpt>
      <trkpt lat="43.0371900" lon="-2.2912600"></trkpt>
      <trkpt lat="43.0365100" lon="-2.2925100"></trkpt>
      <trkpt lat="43.0367900" lon="-2.2931000"></trkpt>
      <trkpt lat="43.0380300" lon="-2.2918600"></trkpt>
      <trkpt lat="43.0369900" lon="-2.2938200"></trkpt>
      <trkpt lat="43.0364700" lon="-2.2942000"></trkpt>
      <trkpt lat="43.0352900" lon="-2.2938900"></trkpt>
      <trkpt lat="43.0346500" lon="-2.2941200"></trkpt>
      <trkpt lat="43.0352500" lon="-2.2944900"></trkpt>
      <trkpt lat="43.0353000" lon="-2.2950100"></trkpt>
      <trkpt lat="43.0374400" lon="-2.2970000"></trkpt>
      <trkpt lat="43.0374900" lon="-2.2976400"></trkpt>
      <trkpt lat="43.0369800" lon="-2.2980300"></trkpt>
      <trkpt lat="43.0373000" lon="-2.2998600"></trkpt>
      <trkpt lat="43.0371100" lon="-2.3002400"></trkpt>
      <trkpt lat="43.0360800" lon="-2.3003200"></trkpt>
      <trkpt lat="43.0353800" lon="-2.3006400"></trkpt>
      <trkpt lat="43.0350000" lon="-2.3011900"></trkpt>
      <trkpt lat="43.0348800" lon="-2.3035400"></trkpt>
      <trkpt lat="43.0344900" lon="-2.3052200"></trkpt>
      <trkpt lat="43.0347100" lon="-2.3057300"></trkpt>
      <trkpt lat="43.0335300" lon="-2.3080500"></trkpt>
      <trkpt lat="43.0336500" lon="-2.3092200"></trkpt>
      <trkpt lat="43.0334700" lon="-2.3098000"></trkpt>
      <trkpt lat="43.0345500" lon="-2.3120800"></trkpt>
      <trkpt lat="43.0341000" lon="-2.3137900"></trkpt>
      <trkpt lat="43.0335300" lon="-2.3147500"></trkpt>
      <trkpt lat="43.0329900" lon="-2.3151900"></trkpt>
      <trkpt lat="43.0323500" lon="-2.3144400"></trkpt>
      <trkpt lat="43.0322000" lon="-2.3155500"></trkpt>
      <trkpt lat="43.0323300" lon="-2.3164000"></trkpt>
      <trkpt lat="43.0329400" lon="-2.3168800"></trkpt>
      <trkpt lat="43.0331400" lon="-2.3175500"></trkpt>
      <trkpt lat="43.0327300" lon="-2.3197400"></trkpt>
      <trkpt lat="43.0324300" lon="-2.3204600"></trkpt>
      <trkpt lat="43.0318200" lon="-2.3210800"></trkpt>
      <trkpt lat="43.0321300" lon="-2.3213100"></trkpt>
      <trkpt lat="43.0326300" lon="-2.3208100"></trkpt>
      <trkpt lat="43.0329800" lon="-2.3210400"></trkpt>
      <trkpt lat="43.0329200" lon="-2.3219900"></trkpt>
      <trkpt lat="43.0332200" lon="-2.3235500"></trkpt>
      <trkpt lat="43.0336400" lon="-2.3242300"></trkpt>
      <trkpt lat="43.0348900" lon="-2.3271100"></trkpt>
      <trkpt lat="43.0357500" lon="-2.3284100"></trkpt>
      <trkpt lat="43.0363500" lon="-2.3296500"></trkpt>
      <trkpt lat="43.0378100" lon="-2.3304700"></trkpt>
      <trkpt lat="43.0382400" lon="-2.3312900"></trkpt>
      <trkpt lat="43.0381900" lon="-2.3327200"></trkpt>
      <trkpt lat="43.0383700" lon="-2.3332800"></trkpt>
      <trkpt lat="43.0386300" lon="-2.3362300"></trkpt>
      <trkpt lat="43.0385000" lon="-2.3368400"></trkpt>
      <trkpt lat="43.0374800" lon="-2.3369800"></trkpt>
      <trkpt lat="43.0370100" lon="-2.3374200"></trkpt>
      <trkpt lat="43.0360000" lon="-2.3391500"></trkpt>
      <trkpt lat="43.0346100" lon="-2.3406000"></trkpt>
      <trkpt lat="43.0335100" lon="-2.3411000"></trkpt>
      <trkpt lat="43.0324300" lon="-2.3410700"></trkpt>
      <trkpt lat="43.0307400" lon="-2.3404900"></trkpt>
      <trkpt lat="43.0295000" lon="-2.3406200"></trkpt>
      <trkpt lat="43.0288200" lon="-2.3414500"></trkpt>
      <trkpt lat="43.0274000" lon="-2.3449500"></trkpt>
      <trkpt lat="43.0263400" lon="-2.3472100"></trkpt>
      <trkpt lat="43.0254600" lon="-2.3480800"></trkpt>
      <trkpt lat="43.0252600" lon="-2.3487400"></trkpt>
      <trkpt lat="43.0251600" lon="-2.3502600"></trkpt>
      <trkpt lat="43.0241000" lon="-2.3528600"></trkpt>
      <trkpt lat="43.0236700" lon="-2.3532300"></trkpt>
      <trkpt lat="43.0202600" lon="-2.3547700"></trkpt>
      <trkpt lat="43.0194700" lon="-2.3550100"></trkpt>
      <trkpt lat="43.0174800" lon="-2.3552000"></trkpt>
      <trkpt lat="43.0168100" lon="-2.3559600"></trkpt>
      <trkpt lat="43.0155400" lon="-2.3583600"></trkpt>
      <trkpt lat="43.0148600" lon="-2.3588400"></trkpt>
      <trkpt lat="43.0146100" lon="-2.3595500"></trkpt>
      <trkpt lat="43.0153300" lon="-2.3598500"></trkpt>
      <trkpt lat="43.0163700" lon="-2.3607700"></trkpt>
      <trkpt lat="43.0165600" lon="-2.3615000"></trkpt>
      <trkpt lat="43.0178100" lon="-2.3617700"></trkpt>
      <trkpt lat="43.0180400" lon="-2.3622000"></trkpt>
      <trkpt lat="43.0177400" lon="-2.3634700"></trkpt>
      <trkpt lat="43.0177500" lon="-2.3642400"></trkpt>
      <trkpt lat="43.0181100" lon="-2.3655600"></trkpt>
      <trkpt lat="43.0184500" lon="-2.3660500"></trkpt>
      <trkpt lat="43.0185200" lon="-2.3674000"></trkpt>
      <trkpt lat="43.0191200" lon="-2.3677200"></trkpt>
      <trkpt lat="43.0201500" lon="-2.3674100"></trkpt>
      <trkpt lat="43.0203700" lon="-2.3686000"></trkpt>
      <trkpt lat="43.0207800" lon="-2.3691400"></trkpt>
      <trkpt lat="43.0208900" lon="-2.3698800"></trkpt>
      <trkpt lat="43.0219900" lon="-2.3709600"></trkpt>
      <trkpt lat="43.0228100" lon="-2.3722800"></trkpt>
      <trkpt lat="43.0233600" lon="-2.3724600"></trkpt>
      <trkpt lat="43.0247200" lon="-2.3722400"></trkpt>
      <trkpt lat="43.0247400" lon="-2.3725100"></trkpt>
      <trkpt lat="43.0232400" lon="-2.3731700"></trkpt>
      <trkpt lat="43.0227600" lon="-2.3729300"></trkpt>
      <trkpt lat="43.0213500" lon="-2.3714800"></trkpt>
      <trkpt lat="43.0201500" lon="-2.3714200"></trkpt>
      <trkpt lat="43.0213000" lon="-2.3719800"></trkpt>
      <trkpt lat="43.0222400" lon="-2.3736200"></trkpt>
      <trkpt lat="43.0231400" lon="-2.3758000"></trkpt>
      <trkpt lat="43.0223100" lon="-2.3749100"></trkpt>
      <trkpt lat="43.0215700" lon="-2.3735200"></trkpt>
      <trkpt lat="43.0205200" lon="-2.3726900"></trkpt>
      <trkpt lat="43.0203200" lon="-2.3730100"></trkpt>
      <trkpt lat="43.0209400" lon="-2.3732800"></trkpt>
      <trkpt lat="43.0215300" lon="-2.3742300"></trkpt>
      <trkpt lat="43.0217000" lon="-2.3754500"></trkpt>
      <trkpt lat="43.0222800" lon="-2.3766800"></trkpt>
      <trkpt lat="43.0228900" lon="-2.3773100"></trkpt>
      <trkpt lat="43.0233500" lon="-2.3788900"></trkpt>
      <trkpt lat="43.0239300" lon="-2.3815300"></trkpt>
      <trkpt lat="43.0245300" lon="-2.3822300"></trkpt>
      <trkpt lat="43.0250200" lon="-2.3833500"></trkpt>
      <trkpt lat="43.0264900" lon="-2.3856700"></trkpt>
      <trkpt lat="43.0280000" lon="-2.3905600"></trkpt>
      <trkpt lat="43.0289800" lon="-2.3934500"></trkpt>
      <trkpt lat="43.0323400" lon="-2.3976900"></trkpt>
      <trkpt lat="43.0326700" lon="-2.3989700"></trkpt>
      <trkpt lat="43.0322300" lon="-2.4032900"></trkpt>
      <trkpt lat="43.0316700" lon="-2.4078600"></trkpt>
      <trkpt lat="43.0324100" lon="-2.4107700"></trkpt>
      <trkpt lat="43.0329600" lon="-2.4113300"></trkpt>
      <trkpt lat="43.0335000" lon="-2.4123800"></trkpt>
      <trkpt lat="43.0334000" lon="-2.4133100"></trkpt>
      <trkpt lat="43.0343100" lon="-2.4138100"></trkpt>
      <trkpt lat="43.0342900" lon="-2.4141100"></trkpt>
      <trkpt lat="43.0352800" lon="-2.4145200"></trkpt>
      <trkpt lat="43.0364200" lon="-2.4154200"></trkpt>
      <trkpt lat="43.0425700" lon="-2.4210100"></trkpt>
      <trkpt lat="43.0443300" lon="-2.4228100"></trkpt>
      <trkpt lat="43.0482500" lon="-2.4282700"></trkpt>
      <trkpt lat="43.0487500" lon="-2.4284700"></trkpt>
      <trkpt lat="43.0489300" lon="-2.4292000"></trkpt>
      <trkpt lat="43.0496300" lon="-2.4300200"></trkpt>
      <trkpt lat="43.0535400" lon="-2.4320300"></trkpt>
      <trkpt lat="43.0554000" lon="-2.4353300"></trkpt>
      <trkpt lat="43.0597800" lon="-2.4384500"></trkpt>
      <trkpt lat="43.0604100" lon="-2.4390600"></trkpt>
      <trkpt lat="43.0610600" lon="-2.4400900"></trkpt>
      <trkpt lat="43.0618100" lon="-2.4438000"></trkpt>
      <trkpt lat="43.0614200" lon="-2.4456300"></trkpt>
      <trkpt lat="43.0608800" lon="-2.4468800"></trkpt>
      <trkpt lat="43.0602800" lon="-2.4475900"></trkpt>
      <trkpt lat="43.0584600" lon="-2.4488200"></trkpt>
      <trkpt lat="43.0577700" lon="-2.4495700"></trkpt>
      <trkpt lat="43.0567400" lon="-2.4515500"></trkpt>
      <trkpt lat="43.0547400" lon="-2.4544500"></trkpt>
      <trkpt lat="43.0521400" lon="-2.4577200"></trkpt>
      <trkpt lat="43.0511000" lon="-2.4586800"></trkpt>
      <trkpt lat="43.0504700" lon="-2.4604200"></trkpt>
      <trkpt lat="43.0493400" lon="-2.4609100"></trkpt>
      <trkpt lat="43.0490300" lon="-2.4620000"></trkpt>
      <trkpt lat="43.0486300" lon="-2.4622600"></trkpt>
      <trkpt lat="43.0490500" lon="-2.4639400"></trkpt>
      <trkpt lat="43.0489300" lon="-2.4649500"></trkpt>
      <trkpt lat="43.0499000" lon="-2.4679000"></trkpt>
      <trkpt lat="43.0501400" lon="-2.4703900"></trkpt>
      <trkpt lat="43.0503000" lon="-2.4710000"></trkpt>
      <trkpt lat="43.0498200" lon="-2.4727400"></trkpt>
      <trkpt lat="43.0501500" lon="-2.4732500"></trkpt>
      <trkpt lat="43.0499400" lon="-2.4740400"></trkpt>
      <trkpt lat="43.0494400" lon="-2.4744900"></trkpt>
      <trkpt lat="43.0481900" lon="-2.4749900"></trkpt>
      <trkpt lat="43.0476700" lon="-2.4772300"></trkpt>
      <trkpt lat="43.0475400" lon="-2.4785900"></trkpt>
      <trkpt lat="43.0471200" lon="-2.4797200"></trkpt>
      <trkpt lat="43.0464300" lon="-2.4806400"></trkpt>
      <trkpt lat="43.0461500" lon="-2.4816600"></trkpt>
      <trkpt lat="43.0456400" lon="-2.4822800"></trkpt>
      <trkpt lat="43.0453800" lon="-2.4833600"></trkpt>
      <trkpt lat="43.0454300" lon="-2.4849800"></trkpt>
      <trkpt lat="43.0446900" lon="-2.4862200"></trkpt>
      <trkpt lat="43.0449500" lon="-2.4869300"></trkpt>
      <trkpt lat="43.0447800" lon="-2.4883800"></trkpt>
      <trkpt lat="43.0441700" lon="-2.4891700"></trkpt>
      <trkpt lat="43.0434700" lon="-2.4910800"></trkpt>
      <trkpt lat="43.0435100" lon="-2.4938900"></trkpt>
      <trkpt lat="43.0422200" lon="-2.4951500"></trkpt>
      <trkpt lat="43.0415800" lon="-2.4952200"></trkpt>
      <trkpt lat="43.0411300" lon="-2.4947000"></trkpt>
      <trkpt lat="43.0401900" lon="-2.4950400"></trkpt>
      <trkpt lat="43.0397400" lon="-2.4949500"></trkpt>
      <trkpt lat="43.0390000" lon="-2.4941700"></trkpt>
      <trkpt lat="43.0381200" lon="-2.4942700"></trkpt>
      <trkpt lat="43.0372300" lon="-2.4956700"></trkpt>
      <trkpt lat="43.0367100" lon="-2.4961100"></trkpt>
      <trkpt lat="43.0365700" lon="-2.4971400"></trkpt>
      <trkpt lat="43.0357700" lon="-2.4989300"></trkpt>
      <trkpt lat="43.0354500" lon="-2.5006700"></trkpt>
      <trkpt lat="43.0355100" lon="-2.5018600"></trkpt>
      <trkpt lat="43.0348200" lon="-2.5007900"></trkpt>
      <trkpt lat="43.0344500" lon="-2.5012000"></trkpt>
      <trkpt lat="43.0341300" lon="-2.5027500"></trkpt>
      <trkpt lat="43.0291500" lon="-2.5049200"></trkpt>
      <trkpt lat="43.0275100" lon="-2.5063900"></trkpt>
      <trkpt lat="43.0269000" lon="-2.5077400"></trkpt>
      <trkpt lat="43.0266800" lon="-2.5076700"></trkpt>
      <trkpt lat="43.0261800" lon="-2.5088300"></trkpt>
      <trkpt lat="43.0257500" lon="-2.5105100"></trkpt>
      <trkpt lat="43.0231100" lon="-2.5171700"></trkpt>
      <trkpt lat="43.0208900" lon="-2.5217500"></trkpt>
      <trkpt lat="43.0203600" lon="-2.5222700"></trkpt>
      <trkpt lat="43.0185400" lon="-2.5234600"></trkpt>
      <trkpt lat="43.0184000" lon="-2.5240200"></trkpt>
      <trkpt lat="43.0177400" lon="-2.5240700"></trkpt>
      <trkpt lat="43.0152400" lon="-2.5269200"></trkpt>
      <trkpt lat="43.0140900" lon="-2.5311200"></trkpt>
      <trkpt lat="43.0130900" lon="-2.5332200"></trkpt>
      <trkpt lat="43.0128100" lon="-2.5347900"></trkpt>
      <trkpt lat="43.0129400" lon="-2.5356400"></trkpt>
      <trkpt lat="43.0133400" lon="-2.5358000"></trkpt>
      <trkpt lat="43.0135400" lon="-2.5365000"></trkpt>
      <trkpt lat="43.0136000" lon="-2.5381900"></trkpt>
      <trkpt lat="43.0141900" lon="-2.5411400"></trkpt>
      <trkpt lat="43.0135600" lon="-2.5427200"></trkpt>
      <trkpt lat="43.0124300" lon="-2.5451000"></trkpt>
      <trkpt lat="43.0110800" lon="-2.5468100"></trkpt>
      <trkpt lat="43.0078200" lon="-2.5500900"></trkpt>
      <trkpt lat="43.0071300" lon="-2.5512300"></trkpt>
      <trkpt lat="43.0054300" lon="-2.5531800"></trkpt>
      <trkpt lat="43.0034700" lon="-2.5550000"></trkpt>
      <trkpt lat="43.0010400" lon="-2.5580000"></trkpt>
      <trkpt lat="43.0008300" lon="-2.5587400"></trkpt>
      <trkpt lat="42.9999300" lon="-2.5601100"></trkpt>
      <trkpt lat="42.9993500" lon="-2.5607200"></trkpt>
      <trkpt lat="42.9993400" lon="-2.5621700"></trkpt>
      <trkpt lat="42.9990800" lon="-2.5629400"></trkpt>
      <trkpt lat="42.9968900" lon="-2.5659300"></trkpt>
      <trkpt lat="42.9949800" lon="-2.5675300"></trkpt>
      <trkpt lat="42.9919900" lon="-2.5682200"></trkpt>
      <trkpt lat="42.9909100" lon="-2.5677000"></trkpt>
      <trkpt lat="42.9901200" lon="-2.5684500"></trkpt>
      <trkpt lat="42.9891500" lon="-2.5683000"></trkpt>
      <trkpt lat="42.9883800" lon="-2.5685900"></trkpt>
      <trkpt lat="42.9873800" lon="-2.5683100"></trkpt>
      <trkpt lat="42.9872600" lon="-2.5695500"></trkpt>
      <trkpt lat="42.9867800" lon="-2.5696600"></trkpt>
      <trkpt lat="42.9856300" lon="-2.5690400"></trkpt>
      <trkpt lat="42.9858700" lon="-2.5700700"></trkpt>
      <trkpt lat="42.9834900" lon="-2.5697800"></trkpt>
      <trkpt lat="42.9830800" lon="-2.5699600"></trkpt>
      <trkpt lat="42.9823900" lon="-2.5696500"></trkpt>
      <trkpt lat="42.9823300" lon="-2.5692200"></trkpt>
      <trkpt lat="42.9806800" lon="-2.5689400"></trkpt>
      <trkpt lat="42.9784900" lon="-2.5689500"></trkpt>
      <trkpt lat="42.9779500" lon="-2.5691700"></trkpt>
      <trkpt lat="42.9768400" lon="-2.5686700"></trkpt>
      <trkpt lat="42.9758800" lon="-2.5690800"></trkpt>
      <trkpt lat="42.9757200" lon="-2.5721600"></trkpt>
      <trkpt lat="42.9751300" lon="-2.5743400"></trkpt>
      <trkpt lat="42.9746300" lon="-2.5750900"></trkpt>
      <trkpt lat="42.9713000" lon="-2.5770100"></trkpt>
      <trkpt lat="42.9703700" lon="-2.5772000"></trkpt>
      <trkpt lat="42.9702500" lon="-2.5783500"></trkpt>
      <trkpt lat="42.9692100" lon="-2.5804400"></trkpt>
      <trkpt lat="42.9690000" lon="-2.5819400"></trkpt>
      <trkpt lat="42.9691100" lon="-2.5839500"></trkpt>
      <trkpt lat="42.9688300" lon="-2.5846700"></trkpt>
      <trkpt lat="42.9670200" lon="-2.5860300"></trkpt>
      <trkpt lat="42.9641800" lon="-2.5875100"></trkpt>
      <trkpt lat="42.9637000" lon="-2.5879300"></trkpt>
      <trkpt lat="42.9629100" lon="-2.5894900"></trkpt>
      <trkpt lat="42.9621200" lon="-2.5901600"></trkpt>
      <trkpt lat="42.9607100" lon="-2.5893300"></trkpt>
      <trkpt lat="42.9599700" lon="-2.5901600"></trkpt>
      <trkpt lat="42.9581400" lon="-2.5928700"></trkpt>
      <trkpt lat="42.9580400" lon="-2.5945100"></trkpt>
      <trkpt lat="42.9608000" lon="-2.6060500"></trkpt>
      <trkpt lat="42.9609600" lon="-2.6082900"></trkpt>
      <trkpt lat="42.9608100" lon="-2.6094800"></trkpt>
      <trkpt lat="42.9586600" lon="-2.6227100"></trkpt>
      <trkpt lat="42.9584000" lon="-2.6230900"></trkpt>
      <trkpt lat="42.9567800" lon="-2.6244400"></trkpt>
      <trkpt lat="42.9557700" lon="-2.6242500"></trkpt>
      <trkpt lat="42.9553500" lon="-2.6248400"></trkpt>
      <trkpt lat="42.9550600" lon="-2.6262600"></trkpt>
      <trkpt lat="42.9545000" lon="-2.6268700"></trkpt>
      <trkpt lat="42.9532500" lon="-2.6277200"></trkpt>
      <trkpt lat="42.9527600" lon="-2.6282900"></trkpt>
      <trkpt lat="42.9516100" lon="-2.6284500"></trkpt>
      <trkpt lat="42.9489900" lon="-2.6301500"></trkpt>
      <trkpt lat="42.9475300" lon="-2.6307400"></trkpt>
      <trkpt lat="42.9451300" lon="-2.6321100"></trkpt>
      <trkpt lat="42.9432900" lon="-2.6327000"></trkpt>
      <trkpt lat="42.9425900" lon="-2.6334200"></trkpt>
      <trkpt lat="42.9425700" lon="-2.6340900"></trkpt>
      <trkpt lat="42.9420100" lon="-2.6351200"></trkpt>
      <trkpt lat="42.9416900" lon="-2.6352000"></trkpt>
      <trkpt lat="42.9402300" lon="-2.6363900"></trkpt>
      <trkpt lat="42.9354700" lon="-2.6381400"></trkpt>
      <trkpt lat="42.9320400" lon="-2.6386100"></trkpt>
      <trkpt lat="42.9289300" lon="-2.6384600"></trkpt>
      <trkpt lat="42.9280300" lon="-2.6388300"></trkpt>
      <trkpt lat="42.9272900" lon="-2.6383600"></trkpt>
      <trkpt lat="42.9260900" lon="-2.6383500"></trkpt>
      <trkpt lat="42.9189500" lon="-2.6395100"></trkpt>
      <trkpt lat="42.9108300" lon="-2.6413600"></trkpt>
      <trkpt lat="42.9097800" lon="-2.6414700"></trkpt>
      <trkpt lat="42.9047000" lon="-2.6426600"></trkpt>
      <trkpt lat="42.9021500" lon="-2.6433300"></trkpt>
      <trkpt lat="42.8981300" lon="-2.6442300"></trkpt>
      <trkpt lat="42.8937500" lon="-2.6448400"></trkpt>
      <trkpt lat="42.8881000" lon="-2.6457100"></trkpt>
      <trkpt lat="42.8866800" lon="-2.6453800"></trkpt>
      <trkpt lat="42.8854400" lon="-2.6461100"></trkpt>
      <trkpt lat="42.8802700" lon="-2.6467600"></trkpt>
      <trkpt lat="42.8726500" lon="-2.6478400"></trkpt>
      <trkpt lat="42.8713900" lon="-2.6485000"></trkpt>
      <trkpt lat="42.8645400" lon="-2.6557000"></trkpt>
      <trkpt lat="42.8594200" lon="-2.6608600"></trkpt>
      <trkpt lat="42.8591600" lon="-2.6606300"></trkpt>
      <trkpt lat="42.8575100" lon="-2.6626900"></trkpt>
      <trkpt lat="42.8563400" lon="-2.6644800"></trkpt>
      <trkpt lat="42.8520000" lon="-2.6704100"></trkpt>
      <trkpt lat="42.8514300" lon="-2.6713700"></trkpt>
      <trkpt lat="42.8508100" lon="-2.6730600"></trkpt>
      <trkpt lat="42.8500800" lon="-2.6737300"></trkpt>
      <trkpt lat="42.8479900" lon="-2.6736400"></trkpt>
      <trkpt lat="42.8469900" lon="-2.6731100"></trkpt>
      <trkpt lat="42.8460900" lon="-2.6741000"></trkpt>
      <trkpt lat="42.8458200" lon="-2.6755900"></trkpt>
      <trkpt lat="42.8444300" lon="-2.6774500"></trkpt>
      <trkpt lat="42.8439900" lon="-2.6784700"></trkpt>
      <trkpt lat="42.8425500" lon="-2.6825200"></trkpt>
      <trkpt lat="42.8378400" lon="-2.6960800"></trkpt>
      <trkpt lat="42.8379000" lon="-2.6969100"></trkpt>
      <trkpt lat="42.8375300" lon="-2.6973400"></trkpt>
      <trkpt lat="42.8365200" lon="-2.7011200"></trkpt>
      <trkpt lat="42.8357000" lon="-2.7038500"></trkpt>
      <trkpt lat="42.8354700" lon="-2.7042300"></trkpt>
      <trkpt lat="42.8341900" lon="-2.7089200"></trkpt>
      <trkpt lat="42.8336200" lon="-2.7096800"></trkpt>
      <trkpt lat="42.8336600" lon="-2.7106800"></trkpt>
      <trkpt lat="42.8330800" lon="-2.7125300"></trkpt>
      <trkpt lat="42.8311400" lon="-2.7181400"></trkpt>
      <trkpt lat="42.8302300" lon="-2.7190100"></trkpt>
      <trkpt lat="42.8301200" lon="-2.7201300"></trkpt>
      <trkpt lat="42.8292200" lon="-2.7227200"></trkpt>
      <trkpt lat="42.8285900" lon="-2.7255100"></trkpt>
      <trkpt lat="42.8283600" lon="-2.7286500"></trkpt>
      <trkpt lat="42.8283200" lon="-2.7316600"></trkpt>
      <trkpt lat="42.8276300" lon="-2.7325600"></trkpt>
      <trkpt lat="42.8268800" lon="-2.7322500"></trkpt>
      <trkpt lat="42.8260300" lon="-2.7337600"></trkpt>
      <trkpt lat="42.8258900" lon="-2.7343100"></trkpt>
      <trkpt lat="42.8251100" lon="-2.7355000"></trkpt>
      <trkpt lat="42.8246100" lon="-2.7371300"></trkpt>
      <trkpt lat="42.8242900" lon="-2.7376000"></trkpt>
      <trkpt lat="42.8227500" lon="-2.7421700"></trkpt>
      <trkpt lat="42.8222400" lon="-2.7426600"></trkpt>
      <trkpt lat="42.8209000" lon="-2.7449100"></trkpt>
      <trkpt lat="42.8196900" lon="-2.7460400"></trkpt>
      <trkpt lat="42.8189300" lon="-2.7473600"></trkpt>
      <trkpt lat="42.8170300" lon="-2.7494900"></trkpt>
      <trkpt lat="42.8155400" lon="-2.7509600"></trkpt>
      <trkpt lat="42.8146100" lon="-2.7525500"></trkpt>
      <trkpt lat="42.8143500" lon="-2.7535500"></trkpt>
      <trkpt lat="42.8144000" lon="-2.7553800"></trkpt>
      <trkpt lat="42.8140400" lon="-2.7565900"></trkpt>
      <trkpt lat="42.8139800" lon="-2.7584700"></trkpt>
      <trkpt lat="42.8137200" lon="-2.7595000"></trkpt>
      <trkpt lat="42.8129700" lon="-2.7614500"></trkpt>
      <trkpt lat="42.8127200" lon="-2.7644100"></trkpt>
      <trkpt lat="42.8119500" lon="-2.7655900"></trkpt>
      <trkpt lat="42.8106400" lon="-2.7671100"></trkpt>
      <trkpt lat="42.8101500" lon="-2.7679200"></trkpt>
      <trkpt lat="42.8099100" lon="-2.7688500"></trkpt>
      <trkpt lat="42.8088200" lon="-2.7703700"></trkpt>
      <trkpt lat="42.8086100" lon="-2.7713900"></trkpt>
      <trkpt lat="42.8079600" lon="-2.7733500"></trkpt>
      <trkpt lat="42.8079300" lon="-2.7742100"></trkpt>
      <trkpt lat="42.8075800" lon="-2.7751600"></trkpt>
      <trkpt lat="42.8067000" lon="-2.7759500"></trkpt>
      <trkpt lat="42.8065100" lon="-2.7771700"></trkpt>
      <trkpt lat="42.8058500" lon="-2.7766100"></trkpt>
      <trkpt lat="42.8041700" lon="-2.7757000"></trkpt>
      <trkpt lat="42.8035700" lon="-2.7752300"></trkpt>
      <trkpt lat="42.8018200" lon="-2.7759600"></trkpt>
      <trkpt lat="42.8014500" lon="-2.7766600"></trkpt>
      <trkpt lat="42.8017400" lon="-2.7773200"></trkpt>
      <trkpt lat="42.8013300" lon="-2.7784600"></trkpt>
      <trkpt lat="42.8002600" lon="-2.7795100"></trkpt>
      <trkpt lat="42.7988900" lon="-2.7805700"></trkpt>
      <trkpt lat="42.7984500" lon="-2.7807000"></trkpt>
      <trkpt lat="42.7974000" lon="-2.7816900"></trkpt>
      <trkpt lat="42.7964500" lon="-2.7830300"></trkpt>
      <trkpt lat="42.7960200" lon="-2.7848200"></trkpt>
      <trkpt lat="42.7954900" lon="-2.7857800"></trkpt>
      <trkpt lat="42.7954800" lon="-2.7866600"></trkpt>
      <trkpt lat="42.7934400" lon="-2.7893600"></trkpt>
      <trkpt lat="42.7933800" lon="-2.7898100"></trkpt>
      <trkpt lat="42.7926800" lon="-2.7909600"></trkpt>
      <trkpt lat="42.7924400" lon="-2.7926700"></trkpt>
      <trkpt lat="42.7921600" lon="-2.7934100"></trkpt>
      <trkpt lat="42.7916500" lon="-2.7936900"></trkpt>
      <trkpt lat="42.7917500" lon="-2.7943000"></trkpt>
      <trkpt lat="42.7911400" lon="-2.7960300"></trkpt>
      <trkpt lat="42.7897200" lon="-2.7985600"></trkpt>
      <trkpt lat="42.7871200" lon="-2.8033600"></trkpt>
      <trkpt lat="42.7864200" lon="-2.8043400"></trkpt>
      <trkpt lat="42.7846600" lon="-2.8079400"></trkpt>
      <trkpt lat="42.7839500" lon="-2.8087600"></trkpt>
      <trkpt lat="42.7826900" lon="-2.8088700"></trkpt>
      <trkpt lat="42.7819700" lon="-2.8095600"></trkpt>
      <trkpt lat="42.7812000" lon="-2.8098200"></trkpt>
      <trkpt lat="42.7788500" lon="-2.8110100"></trkpt>
      <trkpt lat="42.7775400" lon="-2.8114700"></trkpt>
      <trkpt lat="42.7763300" lon="-2.8136500"></trkpt>
      <trkpt lat="42.7736900" lon="-2.8174300"></trkpt>
      <trkpt lat="42.7725300" lon="-2.8188500"></trkpt>
      <trkpt lat="42.7716700" lon="-2.8225800"></trkpt>
      <trkpt lat="42.7721400" lon="-2.8240200"></trkpt>
      <trkpt lat="42.7723900" lon="-2.8274000"></trkpt>
      <trkpt lat="42.7722300" lon="-2.8280400"></trkpt>
      <trkpt lat="42.7702100" lon="-2.8294900"></trkpt>
      <trkpt lat="42.7695500" lon="-2.8297600"></trkpt>
      <trkpt lat="42.7685500" lon="-2.8297900"></trkpt>
      <trkpt lat="42.7648100" lon="-2.8296000"></trkpt>
      <trkpt lat="42.7609800" lon="-2.8307400"></trkpt>
      <trkpt lat="42.7610000" lon="-2.8308800"></trkpt>
      <trkpt lat="42.7592500" lon="-2.8313800"></trkpt>
      <trkpt lat="42.7585100" lon="-2.8317900"></trkpt>
      <trkpt lat="42.7577100" lon="-2.8325600"></trkpt>
      <trkpt lat="42.7539700" lon="-2.8376300"></trkpt>
      <trkpt lat="42.7530800" lon="-2.8389000"></trkpt>
      <trkpt lat="42.7523600" lon="-2.8402400"></trkpt>
      <trkpt lat="42.7518800" lon="-2.8415600"></trkpt>
      <trkpt lat="42.7509500" lon="-2.8451900"></trkpt>
      <trkpt lat="42.7504100" lon="-2.8466200"></trkpt>
      <trkpt lat="42.7472900" lon="-2.8529000"></trkpt>
      <trkpt lat="42.7467600" lon="-2.8541700"></trkpt>
      <trkpt lat="42.7462900" lon="-2.8561500"></trkpt>
      <trkpt lat="42.7457100" lon="-2.8577000"></trkpt>
      <trkpt lat="42.7440800" lon="-2.8612500"></trkpt>
      <trkpt lat="42.7409300" lon="-2.8662500"></trkpt>
      <trkpt lat="42.7376500" lon="-2.8706000"></trkpt>
      <trkpt lat="42.7363300" lon="-2.8720800"></trkpt>
      <trkpt lat="42.7352700" lon="-2.8728500"></trkpt>
      <trkpt lat="42.7339600" lon="-2.8731700"></trkpt>
      <trkpt lat="42.7306400" lon="-2.8729300"></trkpt>
      <trkpt lat="42.7292500" lon="-2.8730500"></trkpt>
      <trkpt lat="42.7277100" lon="-2.8735400"></trkpt>
      <trkpt lat="42.7270600" lon="-2.8731300"></trkpt>
      <trkpt lat="42.7263800" lon="-2.8720500"></trkpt>
      <trkpt lat="42.7241000" lon="-2.8720900"></trkpt>
      <trkpt lat="42.7230500" lon="-2.8725000"></trkpt>
      <trkpt lat="42.7231400" lon="-2.8739000"></trkpt>
      <trkpt lat="42.7228800" lon="-2.8756900"></trkpt>
      <trkpt lat="42.7206800" lon="-2.8803300"></trkpt>
      <trkpt lat="42.7182800" lon="-2.8901200"></trkpt>
      <trkpt lat="42.7176100" lon="-2.8923400"></trkpt>
      <trkpt lat="42.7159000" lon="-2.8969900"></trkpt>
      <trkpt lat="42.7154100" lon="-2.8986500"></trkpt>
      <trkpt lat="42.7140900" lon="-2.9049100"></trkpt>
      <trkpt lat="42.7167300" lon="-2.9074900"></trkpt>
      <trkpt lat="42.7174600" lon="-2.9079300"></trkpt>
      <trkpt lat="42.7175400" lon="-2.9085100"></trkpt>
      <trkpt lat="42.7169200" lon="-2.9096000"></trkpt>
      <trkpt lat="42.7171200" lon="-2.9109800"></trkpt>
      <trkpt lat="42.7164700" lon="-2.9135000"></trkpt>
      <trkpt lat="42.7147900" lon="-2.9160400"></trkpt>
      <trkpt lat="42.7137300" lon="-2.9165400"></trkpt>
      <trkpt lat="42.7134500" lon="-2.9173300"></trkpt>
      <trkpt lat="42.7121500" lon="-2.9176800"></trkpt>
      <trkpt lat="42.7120300" lon="-2.9183500"></trkpt>
      <trkpt lat="42.7065100" lon="-2.9205500"></trkpt>
      <trkpt lat="42.7029900" lon="-2.9210000"></trkpt>
      <trkpt lat="42.7014500" lon="-2.9227200"></trkpt>
      <trkpt lat="42.7001300" lon="-2.9233700"></trkpt>
      <trkpt lat="42.6940100" lon="-2.9335700"></trkpt>
      <trkpt lat="42.6934500" lon="-2.9348200"></trkpt>
      <trkpt lat="42.6925600" lon="-2.9395600"></trkpt>
      <trkpt lat="42.6922900" lon="-2.9406300"></trkpt>
      <trkpt lat="42.6896600" lon="-2.9500200"></trkpt>
      <trkpt lat="42.6890600" lon="-2.9516200"></trkpt>
      <trkpt lat="42.6869900" lon="-2.9563400"></trkpt>
      <trkpt lat="42.6864800" lon="-2.9580100"></trkpt>
      <trkpt lat="42.6846400" lon="-2.9701200"></trkpt>
      <trkpt lat="42.6843900" lon="-2.9715600"></trkpt>
      <trkpt lat="42.6839300" lon="-2.9729300"></trkpt>
      <trkpt lat="42.6834600" lon="-2.9737600"></trkpt>
      <trkpt lat="42.6812000" lon="-2.9765800"></trkpt>
      <trkpt lat="42.6789200" lon="-2.9795900"></trkpt>
      <trkpt lat="42.6717300" lon="-2.9884100"></trkpt>
      <trkpt lat="42.6705500" lon="-2.9904300"></trkpt>
      <trkpt lat="42.6701500" lon="-2.9918500"></trkpt>
      <trkpt lat="42.6698200" lon="-2.9943400"></trkpt>
      <trkpt lat="42.6693800" lon="-2.9985200"></trkpt>
      <trkpt lat="42.6684900" lon="-3.0030500"></trkpt>
      <trkpt lat="42.6668700" lon="-3.0108100"></trkpt>
      <trkpt lat="42.6654800" lon="-3.0182800"></trkpt>
      <trkpt lat="42.6635400" lon="-3.0283900"></trkpt>
      <trkpt lat="42.6615000" lon="-3.0393100"></trkpt>
      <trkpt lat="42.6613400" lon="-3.0417100"></trkpt>
      <trkpt lat="42.6613500" lon="-3.0446100"></trkpt>
      <trkpt lat="42.6609600" lon="-3.0464600"></trkpt>
      <trkpt lat="42.6597500" lon="-3.0532100"></trkpt>
      <trkpt lat="42.6594000" lon="-3.0543800"></trkpt>
      <trkpt lat="42.6580500" lon="-3.0576700"></trkpt>
      <trkpt lat="42.6576900" lon="-3.0589400"></trkpt>
      <trkpt lat="42.6552600" lon="-3.0617500"></trkpt>
      <trkpt lat="42.6547200" lon="-3.0626400"></trkpt>
      <trkpt lat="42.6535400" lon="-3.0633200"></trkpt>
      <trkpt lat="42.6534300" lon="-3.0636100"></trkpt>
      <trkpt lat="42.6539000" lon="-3.0661300"></trkpt>
      <trkpt lat="42.6539400" lon="-3.0670800"></trkpt>
      <trkpt lat="42.6527800" lon="-3.0668800"></trkpt>
      <trkpt lat="42.6523900" lon="-3.0670800"></trkpt>
      <trkpt lat="42.6524400" lon="-3.0685800"></trkpt>
      <trkpt lat="42.6523000" lon="-3.0702800"></trkpt>
      <trkpt lat="42.6521100" lon="-3.0708500"></trkpt>
      <trkpt lat="42.6512200" lon="-3.0721500"></trkpt>
      <trkpt lat="42.6510700" lon="-3.0750100"></trkpt>
      <trkpt lat="42.6512200" lon="-3.0772500"></trkpt>
      <trkpt lat="42.6505600" lon="-3.0788500"></trkpt>
      <trkpt lat="42.6502300" lon="-3.0803300"></trkpt>
      <trkpt lat="42.6496000" lon="-3.0814300"></trkpt>
      <trkpt lat="42.6494200" lon="-3.0830400"></trkpt>
      <trkpt lat="42.6486200" lon="-3.0845200"></trkpt>
      <trkpt lat="42.6485800" lon="-3.0854900"></trkpt>
      <trkpt lat="42.6475900" lon="-3.0860900"></trkpt>
      <trkpt lat="42.6470500" lon="-3.0878700"></trkpt>
      <trkpt lat="42.6466100" lon="-3.0881600"></trkpt>
      <trkpt lat="42.6467900" lon="-3.0891300"></trkpt>
      <trkpt lat="42.6464800" lon="-3.0903200"></trkpt>
      <trkpt lat="42.6464400" lon="-3.0917800"></trkpt>
      <trkpt lat="42.6447300" lon="-3.0931100"></trkpt>
      <trkpt lat="42.6440500" lon="-3.0938500"></trkpt>
      <trkpt lat="42.6422800" lon="-3.0973700"></trkpt>
      <trkpt lat="42.6415400" lon="-3.0995400"></trkpt>
      <trkpt lat="42.6410100" lon="-3.1000600"></trkpt>
      <trkpt lat="42.6400100" lon="-3.1000900"></trkpt>
      <trkpt lat="42.6392800" lon="-3.1007000"></trkpt>
      <trkpt lat="42.6390400" lon="-3.1016200"></trkpt>
      <trkpt lat="42.6391100" lon="-3.1027600"></trkpt>
      <trkpt lat="42.6394400" lon="-3.1037200"></trkpt>
      <trkpt lat="42.6393500" lon="-3.1050000"></trkpt>
      <trkpt lat="42.6395300" lon="-3.1062700"></trkpt>
      <trkpt lat="42.6392200" lon="-3.1076900"></trkpt>
      <trkpt lat="42.6387500" lon="-3.1086500"></trkpt>
      <trkpt lat="42.6362400" lon="-3.1107900"></trkpt>
      <trkpt lat="42.6354700" lon="-3.1106600"></trkpt>
      <trkpt lat="42.6328500" lon="-3.1119100"></trkpt>
      <trkpt lat="42.6319400" lon="-3.1125500"></trkpt>
      <trkpt lat="42.6307300" lon="-3.1142700"></trkpt>
      <trkpt lat="42.6302800" lon="-3.1152900"></trkpt>
      <trkpt lat="42.6291900" lon="-3.1190000"></trkpt>
      <trkpt lat="42.6292400" lon="-3.1202000"></trkpt>
      <trkpt lat="42.6288900" lon="-3.1229400"></trkpt>
      <trkpt lat="42.6290300" lon="-3.1299900"></trkpt>
      <trkpt lat="42.6309100" lon="-3.1462000"></trkpt>
      <trkpt lat="42.6311000" lon="-3.1473400"></trkpt>
      <trkpt lat="42.6343300" lon="-3.1599400"></trkpt>
      <trkpt lat="42.6349800" lon="-3.1628600"></trkpt>
      <trkpt lat="42.6355200" lon="-3.1662100"></trkpt>
      <trkpt lat="42.6369000" lon="-3.1832800"></trkpt>
      <trkpt lat="42.6372200" lon="-3.1877300"></trkpt>
      <trkpt lat="42.6376700" lon="-3.1954800"></trkpt>
      <trkpt lat="42.6378400" lon="-3.1965600"></trkpt>
      <trkpt lat="42.6385900" lon="-3.1983400"></trkpt>
      <trkpt lat="42.6401100" lon="-3.2000000"></trkpt>
      <trkpt lat="42.6409100" lon="-3.2018700"></trkpt>
      <trkpt lat="42.6442800" lon="-3.2113400"></trkpt>
      <trkpt lat="42.6462700" lon="-3.2166100"></trkpt>
      <trkpt lat="42.6469100" lon="-3.2184500"></trkpt>
      <trkpt lat="42.6545100" lon="-3.2390100"></trkpt>
      <trkpt lat="42.6579400" lon="-3.2482400"></trkpt>
      <trkpt lat="42.6602200" lon="-3.2544700"></trkpt>
      <trkpt lat="42.6626600" lon="-3.2609500"></trkpt>
      <trkpt lat="42.6626400" lon="-3.2613900"></trkpt>
      <trkpt lat="42.6631400" lon="-3.2627400"></trkpt>
      <trkpt lat="42.6634400" lon="-3.2642500"></trkpt>
      <trkpt lat="42.6648900" lon="-3.2766000"></trkpt>
      <trkpt lat="42.6652300" lon="-3.2797700"></trkpt>
      <trkpt lat="42.6656900" lon="-3.2832600"></trkpt>
      <trkpt lat="42.6664200" lon="-3.2894600"></trkpt>
      <trkpt lat="42.6668600" lon="-3.2911000"></trkpt>
      <trkpt lat="42.6679600" lon="-3.2938200"></trkpt>
      <trkpt lat="42.6691200" lon="-3.3031500"></trkpt>
      <trkpt lat="42.6692100" lon="-3.3031300"></trkpt>
      <trkpt lat="42.6721200" lon="-3.3254800"></trkpt>
      <trkpt lat="42.6721000" lon="-3.3284500"></trkpt>
      <trkpt lat="42.6719200" lon="-3.3295500"></trkpt>
      <trkpt lat="42.6712000" lon="-3.3318400"></trkpt>
      <trkpt lat="42.6710000" lon="-3.3341000"></trkpt>
      <trkpt lat="42.6715600" lon="-3.3460800"></trkpt>
      <trkpt lat="42.6715200" lon="-3.3531500"></trkpt>
      <trkpt lat="42.6717200" lon="-3.3552100"></trkpt>
      <trkpt lat="42.6748800" lon="-3.3695000"></trkpt>
      <trkpt lat="42.6771700" lon="-3.3799400"></trkpt>
      <trkpt lat="42.6780600" lon="-3.3838200"></trkpt>
      <trkpt lat="42.6804800" lon="-3.3980900"></trkpt>
      <trkpt lat="42.6812200" lon="-3.4035600"></trkpt>
      <trkpt lat="42.6819500" lon="-3.4093100"></trkpt>
      <trkpt lat="42.6822700" lon="-3.4113300"></trkpt>
      <trkpt lat="42.6829000" lon="-3.4144600"></trkpt>
      <trkpt lat="42.6828300" lon="-3.4147100"></trkpt>
      <trkpt lat="42.6834000" lon="-3.4174700"></trkpt>
      <trkpt lat="42.6831500" lon="-3.4176900"></trkpt>
      <trkpt lat="42.6832400" lon="-3.4185800"></trkpt>
      <trkpt lat="42.6830800" lon="-3.4205600"></trkpt>
      <trkpt lat="42.6822500" lon="-3.4230300"></trkpt>
      <trkpt lat="42.6821900" lon="-3.4242200"></trkpt>
      <trkpt lat="42.6823600" lon="-3.4258300"></trkpt>
      <trkpt lat="42.6822300" lon="-3.4273000"></trkpt>
      <trkpt lat="42.6829700" lon="-3.4275500"></trkpt>
      <trkpt lat="42.6824100" lon="-3.4279600"></trkpt>
      <trkpt lat="42.6803300" lon="-3.4306400"></trkpt>
      <trkpt lat="42.6794500" lon="-3.4310400"></trkpt>
      <trkpt lat="42.6787600" lon="-3.4321200"></trkpt>
      <trkpt lat="42.6780300" lon="-3.4328500"></trkpt>
      <trkpt lat="42.6771700" lon="-3.4353400"></trkpt>
      <trkpt lat="42.6760000" lon="-3.4378400"></trkpt>
      <trkpt lat="42.6758000" lon="-3.4387700"></trkpt>
      <trkpt lat="42.6757500" lon="-3.4413400"></trkpt>
      <trkpt lat="42.6756000" lon="-3.4430200"></trkpt>
      <trkpt lat="42.6751700" lon="-3.4453200"></trkpt>
      <trkpt lat="42.6739800" lon="-3.4493300"></trkpt>
      <trkpt lat="42.6728500" lon="-3.4570800"></trkpt>
      <trkpt lat="42.6721300" lon="-3.4595800"></trkpt>
      <trkpt lat="42.6708200" lon="-3.4622400"></trkpt>
      <trkpt lat="42.6701600" lon="-3.4657800"></trkpt>
      <trkpt lat="42.6686500" lon="-3.4682500"></trkpt>
      <trkpt lat="42.6685000" lon="-3.4692300"></trkpt>
      <trkpt lat="42.6687000" lon="-3.4702200"></trkpt>
      <trkpt lat="42.6686400" lon="-3.4715800"></trkpt>
      <trkpt lat="42.6691500" lon="-3.4720800"></trkpt>
      <trkpt lat="42.6695600" lon="-3.4738800"></trkpt>
      <trkpt lat="42.6694800" lon="-3.4753100"></trkpt>
      <trkpt lat="42.6698200" lon="-3.4779300"></trkpt>
      <trkpt lat="42.6684200" lon="-3.4783500"></trkpt>
      <trkpt lat="42.6670600" lon="-3.4796500"></trkpt>
      <trkpt lat="42.6659300" lon="-3.4820900"></trkpt>
      <trkpt lat="42.6651900" lon="-3.4834600"></trkpt>
      <trkpt lat="42.6651500" lon="-3.4851600"></trkpt>
      <trkpt lat="42.6658800" lon="-3.4878000"></trkpt>
      <trkpt lat="42.6661500" lon="-3.4891500"></trkpt>
      <trkpt lat="42.6655600" lon="-3.4903000"></trkpt>
      <trkpt lat="42.6655700" lon="-3.4909400"></trkpt>
      <trkpt lat="42.6663500" lon="-3.4940800"></trkpt>
      <trkpt lat="42.6663100" lon="-3.4963600"></trkpt>
      <trkpt lat="42.6655500" lon="-3.4983400"></trkpt>
      <trkpt lat="42.6657000" lon="-3.4989200"></trkpt>
      <trkpt lat="42.6654700" lon="-3.4998900"></trkpt>
      <trkpt lat="42.6657900" lon="-3.5006400"></trkpt>
      <trkpt lat="42.6650400" lon="-3.5023200"></trkpt>
      <trkpt lat="42.6638500" lon="-3.5032900"></trkpt>
      <trkpt lat="42.6633400" lon="-3.5046200"></trkpt>
      <trkpt lat="42.6627500" lon="-3.5055000"></trkpt>
      <trkpt lat="42.6638000" lon="-3.5053800"></trkpt>
      <trkpt lat="42.6650300" lon="-3.5055200"></trkpt>
      <trkpt lat="42.6654600" lon="-3.5060400"></trkpt>
      <trkpt lat="42.6665600" lon="-3.5056800"></trkpt>
      <trkpt lat="42.6664900" lon="-3.5068200"></trkpt>
      <trkpt lat="42.6669000" lon="-3.5090500"></trkpt>
      <trkpt lat="42.6667300" lon="-3.5098800"></trkpt>
      <trkpt lat="42.6671800" lon="-3.5118100"></trkpt>
      <trkpt lat="42.6672200" lon="-3.5130500"></trkpt>
      <trkpt lat="42.6676300" lon="-3.5135900"></trkpt>
      <trkpt lat="42.6679600" lon="-3.5146800"></trkpt>
      <trkpt lat="42.6671000" lon="-3.5157700"></trkpt>
      <trkpt lat="42.6670200" lon="-3.5173000"></trkpt>
      <trkpt lat="42.6681200" lon="-3.5207500"></trkpt>
      <trkpt lat="42.6691200" lon="-3.5220000"></trkpt>
      <trkpt lat="42.6690200" lon="-3.5235700"></trkpt>
      <trkpt lat="42.6683700" lon="-3.5253600"></trkpt>
      <trkpt lat="42.6688200" lon="-3.5265000"></trkpt>
      <trkpt lat="42.6688600" lon="-3.5272400"></trkpt>
      <trkpt lat="42.6685600" lon="-3.5283200"></trkpt>
      <trkpt lat="42.6687200" lon="-3.5294100"></trkpt>
      <trkpt lat="42.6700000" lon="-3.5318600"></trkpt>
      <trkpt lat="42.6690800" lon="-3.5343900"></trkpt>
      <trkpt lat="42.6690800" lon="-3.5354500"></trkpt>
      <trkpt lat="42.6683800" lon="-3.5453600"></trkpt>
      <trkpt lat="42.6682200" lon="-3.5469100"></trkpt>
      <trkpt lat="42.6666400" lon="-3.5550400"></trkpt>
      <trkpt lat="42.6658900" lon="-3.5590700"></trkpt>
      <trkpt lat="42.6636800" lon="-3.5701400"></trkpt>
      <trkpt lat="42.6618300" lon="-3.5797300"></trkpt>
      <trkpt lat="42.6618700" lon="-3.5836500"></trkpt>
      <trkpt lat="42.6615200" lon="-3.5852600"></trkpt>
      <trkpt lat="42.6603800" lon="-3.5874500"></trkpt>
      <trkpt lat="42.6575300" lon="-3.5991500"></trkpt>
      <trkpt lat="42.6567000" lon="-3.6026700"></trkpt>
      <trkpt lat="42.6528000" lon="-3.6184100"></trkpt>
      <trkpt lat="42.6524700" lon="-3.6219500"></trkpt>
      <trkpt lat="42.6521800" lon="-3.6233500"></trkpt>
      <trkpt lat="42.6524100" lon="-3.6238500"></trkpt>
      <trkpt lat="42.6522300" lon="-3.6248000"></trkpt>
      <trkpt lat="42.6519300" lon="-3.6285800"></trkpt>
      <trkpt lat="42.6514700" lon="-3.6309800"></trkpt>
      <trkpt lat="42.6514000" lon="-3.6319200"></trkpt>
      <trkpt lat="42.6522400" lon="-3.6359300"></trkpt>
      <trkpt lat="42.6532000" lon="-3.6426000"></trkpt>
      <trkpt lat="42.6540500" lon="-3.6435100"></trkpt>
      <trkpt lat="42.6541800" lon="-3.6439800"></trkpt>
      <trkpt lat="42.6521300" lon="-3.6525900"></trkpt>
      <trkpt lat="42.6520500" lon="-3.6538100"></trkpt>
      <trkpt lat="42.6546300" lon="-3.6635900"></trkpt>
      <trkpt lat="42.6545800" lon="-3.6644200"></trkpt>
      <trkpt lat="42.6540500" lon="-3.6653100"></trkpt>
      <trkpt lat="42.6490400" lon="-3.6731800"></trkpt>
      <trkpt lat="42.6485500" lon="-3.6738000"></trkpt>
      <trkpt lat="42.6479000" lon="-3.6741400"></trkpt>
      <trkpt lat="42.6452400" lon="-3.6746800"></trkpt>
      <trkpt lat="42.6445300" lon="-3.6753900"></trkpt>
      <trkpt lat="42.6417900" lon="-3.6819900"></trkpt>
      <trkpt lat="42.6410000" lon="-3.6830700"></trkpt>
      <trkpt lat="42.6402800" lon="-3.6831800"></trkpt>
      <trkpt lat="42.6382600" lon="-3.6827400"></trkpt>
      <trkpt lat="42.6377100" lon="-3.6830900"></trkpt>
      <trkpt lat="42.6385600" lon="-3.6857600"></trkpt>
      <trkpt lat="42.6378600" lon="-3.6896500"></trkpt>
      <trkpt lat="42.6378000" lon="-3.6903300"></trkpt>
      <trkpt lat="42.6379300" lon="-3.6936500"></trkpt>
      <trkpt lat="42.6364800" lon="-3.6978700"></trkpt>
      <trkpt lat="42.6369100" lon="-3.6995300"></trkpt>
      <trkpt lat="42.6369000" lon="-3.7000900"></trkpt>
      <trkpt lat="42.6363500" lon="-3.7011700"></trkpt>
      <trkpt lat="42.6345400" lon="-3.7020300"></trkpt>
      <trkpt lat="42.6340000" lon="-3.7024500"></trkpt>
      <trkpt lat="42.6292300" lon="-3.7104900"></trkpt>
      <trkpt lat="42.6287900" lon="-3.7115800"></trkpt>
      <trkpt lat="42.6274000" lon="-3.7159800"></trkpt>
      <trkpt lat="42.6267200" lon="-3.7187500"></trkpt>
      <trkpt lat="42.6258500" lon="-3.7210000"></trkpt>
      <trkpt lat="42.6240100" lon="-3.7283200"></trkpt>
      <trkpt lat="42.6229200" lon="-3.7329200"></trkpt>
      <trkpt lat="42.6220600" lon="-3.7344600"></trkpt>
      <trkpt lat="42.6195800" lon="-3.7368200"></trkpt>
      <trkpt lat="42.6193400" lon="-3.7372600"></trkpt>
      <trkpt lat="42.6188800" lon="-3.7412800"></trkpt>
      <trkpt lat="42.6134700" lon="-3.7501300"></trkpt>
      <trkpt lat="42.6108800" lon="-3.7548200"></trkpt>
      <trkpt lat="42.6094800" lon="-3.7600800"></trkpt>
      <trkpt lat="42.6095000" lon="-3.7613700"></trkpt>
      <trkpt lat="42.6098000" lon="-3.7643300"></trkpt>
      <trkpt lat="42.6110400" lon="-3.7682700"></trkpt>
      <trkpt lat="42.6114600" lon="-3.7693400"></trkpt>
      <trkpt lat="42.6116000" lon="-3.7704400"></trkpt>
      <trkpt lat="42.6123200" lon="-3.7724400"></trkpt>
      <trkpt lat="42.6124000" lon="-3.7731800"></trkpt>
      <trkpt lat="42.6113300" lon="-3.7754400"></trkpt>
      <trkpt lat="42.6111500" lon="-3.7772200"></trkpt>
      <trkpt lat="42.6106600" lon="-3.7786800"></trkpt>
      <trkpt lat="42.6045100" lon="-3.7909600"></trkpt>
      <trkpt lat="42.6035600" lon="-3.7929500"></trkpt>
      <trkpt lat="42.6017500" lon="-3.7989200"></trkpt>
      <trkpt lat="42.6014900" lon="-3.7992400"></trkpt>
      <trkpt lat="42.5998300" lon="-3.8001200"></trkpt>
      <trkpt lat="42.5988100" lon="-3.8009500"></trkpt>
      <trkpt lat="42.5983700" lon="-3.8025700"></trkpt>
      <trkpt lat="42.5985000" lon="-3.8034900"></trkpt>
      <trkpt lat="42.6001700" lon="-3.8077500"></trkpt>
      <trkpt lat="42.6026400" lon="-3.8118900"></trkpt>
      <trkpt lat="42.6034600" lon="-3.8129200"></trkpt>
      <trkpt lat="42.6057700" lon="-3.8152700"></trkpt>
      <trkpt lat="42.6061500" lon="-3.8162500"></trkpt>
      <trkpt lat="42.6040200" lon="-3.8211700"></trkpt>
      <trkpt lat="42.6035800" lon="-3.8213100"></trkpt>
      <trkpt lat="42.6025500" lon="-3.8198300"></trkpt>
      <trkpt lat="42.6022800" lon="-3.8199000"></trkpt>
      <trkpt lat="42.6019100" lon="-3.8219100"></trkpt>
      <trkpt lat="42.6017400" lon="-3.8220600"></trkpt>
      <trkpt lat="42.5989300" lon="-3.8216900"></trkpt>
      <trkpt lat="42.5977400" lon="-3.8219600"></trkpt>
      <trkpt lat="42.5956400" lon="-3.8240900"></trkpt>
      <trkpt lat="42.5933800" lon="-3.8265000"></trkpt>
      <trkpt lat="42.5927200" lon="-3.8275800"></trkpt>
      <trkpt lat="42.5925900" lon="-3.8397900"></trkpt>
      <trkpt lat="42.5925900" lon="-3.8513600"></trkpt>
      <trkpt lat="42.5918100" lon="-3.8608100"></trkpt>
      <trkpt lat="42.5915300" lon="-3.8636900"></trkpt>
      <trkpt lat="42.5902500" lon="-3.8788800"></trkpt>
      <trkpt lat="42.5898800" lon="-3.8828300"></trkpt>
      <trkpt lat="42.5897500" lon="-3.8831800"></trkpt>
      <trkpt lat="42.5883000" lon="-3.8845000"></trkpt>
      <trkpt lat="42.5883400" lon="-3.8852700"></trkpt>
      <trkpt lat="42.5893300" lon="-3.8869300"></trkpt>
      <trkpt lat="42.5904500" lon="-3.8880600"></trkpt>
      <trkpt lat="42.5901000" lon="-3.8884800"></trkpt>
      <trkpt lat="42.5895500" lon="-3.8878800"></trkpt>
      <trkpt lat="42.5868100" lon="-3.8861200"></trkpt>
      <trkpt lat="42.5863700" lon="-3.8861300"></trkpt>
      <trkpt lat="42.5865400" lon="-3.8882100"></trkpt>
      <trkpt lat="42.5865500" lon="-3.8900600"></trkpt>
      <trkpt lat="42.5864200" lon="-3.8905600"></trkpt>
      <trkpt lat="42.5856900" lon="-3.8910100"></trkpt>
      <trkpt lat="42.5823200" lon="-3.8913800"></trkpt>
      <trkpt lat="42.5799900" lon="-3.8911800"></trkpt>
      <trkpt lat="42.5786900" lon="-3.8916700"></trkpt>
      <trkpt lat="42.5772200" lon="-3.8928900"></trkpt>
      <trkpt lat="42.5752700" lon="-3.8960600"></trkpt>
      <trkpt lat="42.5742800" lon="-3.8969400"></trkpt>
      <trkpt lat="42.5727900" lon="-3.8971300"></trkpt>
      <trkpt lat="42.5713700" lon="-3.8969400"></trkpt>
      <trkpt lat="42.5687400" lon="-3.9010500"></trkpt>
      <trkpt lat="42.5685900" lon="-3.9020100"></trkpt>
      <trkpt lat="42.5693100" lon="-3.9067800"></trkpt>
      <trkpt lat="42.5692900" lon="-3.9081600"></trkpt>
      <trkpt lat="42.5685700" lon="-3.9125000"></trkpt>
      <trkpt lat="42.5666200" lon="-3.9199800"></trkpt>
      <trkpt lat="42.5663300" lon="-3.9226100"></trkpt>
      <trkpt lat="42.5662100" lon="-3.9261900"></trkpt>
      <trkpt lat="42.5649000" lon="-3.9315800"></trkpt>
      <trkpt lat="42.5635900" lon="-3.9364400"></trkpt>
      <trkpt lat="42.5628200" lon="-3.9394900"></trkpt>
      <trkpt lat="42.5612100" lon="-3.9455300"></trkpt>
      <trkpt lat="42.5606000" lon="-3.9463500"></trkpt>
      <trkpt lat="42.5586700" lon="-3.9479700"></trkpt>
      <trkpt lat="42.5578500" lon="-3.9485000"></trkpt>
      <trkpt lat="42.5564900" lon="-3.9490600"></trkpt>
      <trkpt lat="42.5507600" lon="-3.9528900"></trkpt>
      <trkpt lat="42.5502600" lon="-3.9535300"></trkpt>
      <trkpt lat="42.5457200" lon="-3.9611300"></trkpt>
      <trkpt lat="42.5436300" lon="-3.9643900"></trkpt>
      <trkpt lat="42.5414900" lon="-3.9683200"></trkpt>
      <trkpt lat="42.5387500" lon="-3.9737700"></trkpt>
      <trkpt lat="42.5383200" lon="-3.9744300"></trkpt>
      <trkpt lat="42.5355700" lon="-3.9779700"></trkpt>
      <trkpt lat="42.5304500" lon="-3.9848600"></trkpt>
      <trkpt lat="42.5282600" lon="-3.9882200"></trkpt>
      <trkpt lat="42.5222400" lon="-3.9987400"></trkpt>
      <trkpt lat="42.5200300" lon="-4.0024900"></trkpt>
      <trkpt lat="42.5172800" lon="-4.0074100"></trkpt>
      <trkpt lat="42.5155600" lon="-4.0093700"></trkpt>
      <trkpt lat="42.5150500" lon="-4.0103600"></trkpt>
      <trkpt lat="42.5139700" lon="-4.0116500"></trkpt>
      <trkpt lat="42.5135800" lon="-4.0133300"></trkpt>
      <trkpt lat="42.5124800" lon="-4.0161000"></trkpt>
      <trkpt lat="42.5083800" lon="-4.0254700"></trkpt>
      <trkpt lat="42.5074800" lon="-4.0276200"></trkpt>
      <trkpt lat="42.4932100" lon="-4.0605500"></trkpt>
      <trkpt lat="42.4917200" lon="-4.0632900"></trkpt>
      <trkpt lat="42.4858600" lon="-4.0729500"></trkpt>
      <trkpt lat="42.4764400" lon="-4.0885900"></trkpt>
      <trkpt lat="42.4735200" lon="-4.0933500"></trkpt>
      <trkpt lat="42.4689900" lon="-4.1008700"></trkpt>
      <trkpt lat="42.4653200" lon="-4.1068100"></trkpt>
      <trkpt lat="42.4640200" lon="-4.1090200"></trkpt>
      <trkpt lat="42.4609200" lon="-4.1140600"></trkpt>
      <trkpt lat="42.4604700" lon="-4.1150900"></trkpt>
      <trkpt lat="42.4582300" lon="-4.1215700"></trkpt>
      <trkpt lat="42.4577500" lon="-4.1228100"></trkpt>
      <trkpt lat="42.4546800" lon="-4.1315900"></trkpt>
      <trkpt lat="42.4531500" lon="-4.1358800"></trkpt>
      <trkpt lat="42.4513500" lon="-4.1411000"></trkpt>
      <trkpt lat="42.4476700" lon="-4.1514700"></trkpt>
      <trkpt lat="42.4460000" lon="-4.1563000"></trkpt>
      <trkpt lat="42.4455500" lon="-4.1574400"></trkpt>
      <trkpt lat="42.4387400" lon="-4.1709700"></trkpt>
      <trkpt lat="42.4308400" lon="-4.1867500"></trkpt>
      <trkpt lat="42.4292400" lon="-4.1898600"></trkpt>
      <trkpt lat="42.4218500" lon="-4.2046200"></trkpt>
      <trkpt lat="42.4154100" lon="-4.2175300"></trkpt>
      <trkpt lat="42.4094900" lon="-4.2292100"></trkpt>
      <trkpt lat="42.4076700" lon="-4.2329200"></trkpt>
      <trkpt lat="42.4055400" lon="-4.2370400"></trkpt>
      <trkpt lat="42.4052500" lon="-4.2377400"></trkpt>
      <trkpt lat="42.4046300" lon="-4.2417800"></trkpt>
      <trkpt lat="42.4034700" lon="-4.2424200"></trkpt>
      <trkpt lat="42.4020600" lon="-4.2445200"></trkpt>
      <trkpt lat="42.4019200" lon="-4.2462500"></trkpt>
      <trkpt lat="42.4024900" lon="-4.2503200"></trkpt>
      <trkpt lat="42.4015800" lon="-4.2512100"></trkpt>
      <trkpt lat="42.4017300" lon="-4.2517500"></trkpt>
      <trkpt lat="42.4028600" lon="-4.2541800"></trkpt>
      <trkpt lat="42.4043800" lon="-4.2625700"></trkpt>
      <trkpt lat="42.4071900" lon="-4.2783500"></trkpt>
      <trkpt lat="42.4076300" lon="-4.2795500"></trkpt>
      <trkpt lat="42.4083000" lon="-4.2805300"></trkpt>
      <trkpt lat="42.4094000" lon="-4.2817600"></trkpt>
      <trkpt lat="42.4099800" lon="-4.2826400"></trkpt>
      <trkpt lat="42.4087300" lon="-4.2826600"></trkpt>
      <trkpt lat="42.4084500" lon="-4.2868200"></trkpt>
      <trkpt lat="42.4080400" lon="-4.2893300"></trkpt>
      <trkpt lat="42.4081200" lon="-4.2900500"></trkpt>
      <trkpt lat="42.4078400" lon="-4.2916000"></trkpt>
      <trkpt lat="42.4063100" lon="-4.2976800"></trkpt>
      <trkpt lat="42.4074100" lon="-4.2986200"></trkpt>
      <trkpt lat="42.4064700" lon="-4.3003200"></trkpt>
      <trkpt lat="42.4062200" lon="-4.3020200"></trkpt>
      <trkpt lat="42.4065500" lon="-4.3035500"></trkpt>
      <trkpt lat="42.4087000" lon="-4.3083700"></trkpt>
      <trkpt lat="42.4096000" lon="-4.3109200"></trkpt>
      <trkpt lat="42.4098800" lon="-4.3121300"></trkpt>
      <trkpt lat="42.4096000" lon="-4.3159800"></trkpt>
      <trkpt lat="42.4103100" lon="-4.3174400"></trkpt>
      <trkpt lat="42.4111500" lon="-4.3198700"></trkpt>
      <trkpt lat="42.4121400" lon="-4.3223500"></trkpt>
      <trkpt lat="42.4124200" lon="-4.3235700"></trkpt>
      <trkpt lat="42.4115900" lon="-4.3288300"></trkpt>
      <trkpt lat="42.4119600" lon="-4.3399200"></trkpt>
      <trkpt lat="42.4119800" lon="-4.3440600"></trkpt>
      <trkpt lat="42.4123300" lon="-4.3464400"></trkpt>
      <trkpt lat="42.4123800" lon="-4.3484700"></trkpt>
      <trkpt lat="42.4121900" lon="-4.3539000"></trkpt>
      <trkpt lat="42.4086100" lon="-4.3554100"></trkpt>
      <trkpt lat="42.4077100" lon="-4.3560300"></trkpt>
      <trkpt lat="42.4069900" lon="-4.3577400"></trkpt>
      <trkpt lat="42.4069700" lon="-4.3586900"></trkpt>
      <trkpt lat="42.4074800" lon="-4.3612900"></trkpt>
      <trkpt lat="42.4083100" lon="-4.3646800"></trkpt>
      <trkpt lat="42.4084500" lon="-4.3686300"></trkpt>
      <trkpt lat="42.4079100" lon="-4.3711100"></trkpt>
      <trkpt lat="42.4044700" lon="-4.3828000"></trkpt>
      <trkpt lat="42.4032800" lon="-4.3849400"></trkpt>
      <trkpt lat="42.4026400" lon="-4.3863600"></trkpt>
      <trkpt lat="42.4013900" lon="-4.3906300"></trkpt>
      <trkpt lat="42.4009700" lon="-4.3945600"></trkpt>
      <trkpt lat="42.3985200" lon="-4.4029300"></trkpt>
      <trkpt lat="42.3983900" lon="-4.4049700"></trkpt>
      <trkpt lat="42.3986700" lon="-4.4084100"></trkpt>
      <trkpt lat="42.3986100" lon="-4.4104800"></trkpt>
      <trkpt lat="42.3984100" lon="-4.4116700"></trkpt>
      <trkpt lat="42.3975200" lon="-4.4153900"></trkpt>
      <trkpt lat="42.3959000" lon="-4.4232800"></trkpt>
      <trkpt lat="42.3938000" lon="-4.4324300"></trkpt>
      <trkpt lat="42.3885400" lon="-4.4550800"></trkpt>
      <trkpt lat="42.3882600" lon="-4.4570000"></trkpt>
      <trkpt lat="42.3882100" lon="-4.4605200"></trkpt>
      <trkpt lat="42.3879100" lon="-4.4625600"></trkpt>
      <trkpt lat="42.3874700" lon="-4.4645800"></trkpt>
      <trkpt lat="42.3873700" lon="-4.4667900"></trkpt>
      <trkpt lat="42.3871500" lon="-4.4683300"></trkpt>
      <trkpt lat="42.3864000" lon="-4.4712000"></trkpt>
      <trkpt lat="42.3826900" lon="-4.4845300"></trkpt>
      <trkpt lat="42.3784100" lon="-4.5005900"></trkpt>
      <trkpt lat="42.3745500" lon="-4.5146600"></trkpt>
      <trkpt lat="42.3734800" lon="-4.5173500"></trkpt>
      <trkpt lat="42.3713500" lon="-4.5247800"></trkpt>
      <trkpt lat="42.3691700" lon="-4.5320900"></trkpt>
      <trkpt lat="42.3669000" lon="-4.5399400"></trkpt>
      <trkpt lat="42.3661200" lon="-4.5428400"></trkpt>
      <trkpt lat="42.3651000" lon="-4.5462900"></trkpt>
      <trkpt lat="42.3637500" lon="-4.5516700"></trkpt>
      <trkpt lat="42.3630000" lon="-4.5540300"></trkpt>
      <trkpt lat="42.3619700" lon="-4.5563000"></trkpt>
      <trkpt lat="42.3570000" lon="-4.5668500"></trkpt>
      <trkpt lat="42.3570700" lon="-4.5669100"></trkpt>
      <trkpt lat="42.3518600" lon="-4.5780000"></trkpt>
      <trkpt lat="42.3514200" lon="-4.5791200"></trkpt>
      <trkpt lat="42.3500600" lon="-4.5836000"></trkpt>
      <trkpt lat="42.3495800" lon="-4.5846800"></trkpt>
      <trkpt lat="42.3483900" lon="-4.5867500"></trkpt>
      <trkpt lat="42.3449100" lon="-4.5930300"></trkpt>
      <trkpt lat="42.3439000" lon="-4.5956900"></trkpt>
      <trkpt lat="42.3437000" lon="-4.5971400"></trkpt>
      <trkpt lat="42.3437900" lon="-4.5995000"></trkpt>
      <trkpt lat="42.3448400" lon="-4.6037000"></trkpt>
      <trkpt lat="42.3451500" lon="-4.6051900"></trkpt>
      <trkpt lat="42.3452100" lon="-4.6066600"></trkpt>
      <trkpt lat="42.3445000" lon="-4.6156600"></trkpt>
      <trkpt lat="42.3442900" lon="-4.6167000"></trkpt>
      <trkpt lat="42.3437000" lon="-4.6181800"></trkpt>
      <trkpt lat="42.3415700" lon="-4.6218500"></trkpt>
      <trkpt lat="42.3415000" lon="-4.6225700"></trkpt>
      <trkpt lat="42.3418400" lon="-4.6266800"></trkpt>
      <trkpt lat="42.3421600" lon="-4.6295000"></trkpt>
      <trkpt lat="42.3431900" lon="-4.6419000"></trkpt>
      <trkpt lat="42.3438600" lon="-4.6511700"></trkpt>
      <trkpt lat="42.3442000" lon="-4.6535500"></trkpt>
      <trkpt lat="42.3450300" lon="-4.6568700"></trkpt>
      <trkpt lat="42.3450900" lon="-4.6580900"></trkpt>
      <trkpt lat="42.3443900" lon="-4.6598900"></trkpt>
      <trkpt lat="42.3442900" lon="-4.6605400"></trkpt>
      <trkpt lat="42.3441900" lon="-4.6660300"></trkpt>
      <trkpt lat="42.3438500" lon="-4.6709200"></trkpt>
      <trkpt lat="42.3428400" lon="-4.6814200"></trkpt>
      <trkpt lat="42.3414400" lon="-4.6939600"></trkpt>
      <trkpt lat="42.3401900" lon="-4.7038000"></trkpt>
      <trkpt lat="42.3393900" lon="-4.7095700"></trkpt>
      <trkpt lat="42.3380800" lon="-4.7185800"></trkpt>
      <trkpt lat="42.3375400" lon="-4.7226500"></trkpt>
      <trkpt lat="42.3359000" lon="-4.7337100"></trkpt>
      <trkpt lat="42.3344400" lon="-4.7428300"></trkpt>
      <trkpt lat="42.3336800" lon="-4.7473500"></trkpt>
      <trkpt lat="42.3321100" lon="-4.7587200"></trkpt>
      <trkpt lat="42.3297000" lon="-4.7708900"></trkpt>
      <trkpt lat="42.3293500" lon="-4.7747100"></trkpt>
      <trkpt lat="42.3291300" lon="-4.7778600"></trkpt>
      <trkpt lat="42.3289900" lon="-4.7867900"></trkpt>
      <trkpt lat="42.3291000" lon="-4.7925100"></trkpt>
      <trkpt lat="42.3288800" lon="-4.7991800"></trkpt>
      <trkpt lat="42.3291400" lon="-4.8024300"></trkpt>
      <trkpt lat="42.3293900" lon="-4.8076900"></trkpt>
      <trkpt lat="42.3294000" lon="-4.8091000"></trkpt>
      <trkpt lat="42.3296600" lon="-4.8117700"></trkpt>
      <trkpt lat="42.3298800" lon="-4.8127000"></trkpt>
      <trkpt lat="42.3330600" lon="-4.8181300"></trkpt>
      <trkpt lat="42.3372500" lon="-4.8262000"></trkpt>
      <trkpt lat="42.3388000" lon="-4.8294600"></trkpt>
      <trkpt lat="42.3401700" lon="-4.8326900"></trkpt>
      <trkpt lat="42.3406200" lon="-4.8343400"></trkpt>
      <trkpt lat="42.3415300" lon="-4.8368700"></trkpt>
      <trkpt lat="42.3424900" lon="-4.8390200"></trkpt>
      <trkpt lat="42.3428800" lon="-4.8401600"></trkpt>
      <trkpt lat="42.3436000" lon="-4.8437900"></trkpt>
      <trkpt lat="42.3448100" lon="-4.8475300"></trkpt>
      <trkpt lat="42.3481000" lon="-4.8564400"></trkpt>
      <trkpt lat="42.3483600" lon="-4.8581600"></trkpt>
      <trkpt lat="42.3483400" lon="-4.8605200"></trkpt>
      <trkpt lat="42.3488900" lon="-4.8619800"></trkpt>
      <trkpt lat="42.3503200" lon="-4.8633100"></trkpt>
      <trkpt lat="42.3533200" lon="-4.8663600"></trkpt>
      <trkpt lat="42.3524600" lon="-4.8674300"></trkpt>
      <trkpt lat="42.3517200" lon="-4.8694200"></trkpt>
      <trkpt lat="42.3539900" lon="-4.8697100"></trkpt>
      <trkpt lat="42.3563300" lon="-4.8698800"></trkpt>
      <trkpt lat="42.3565000" lon="-4.8717400"></trkpt>
      <trkpt lat="42.3574600" lon="-4.8766800"></trkpt>
      <trkpt lat="42.3593100" lon="-4.8843100"></trkpt>
      <trkpt lat="42.3602800" lon="-4.8895000"></trkpt>
      <trkpt lat="42.3604800" lon="-4.8903100"></trkpt>
      <trkpt lat="42.3623700" lon="-4.8914100"></trkpt>
      <trkpt lat="42.3631600" lon="-4.8912700"></trkpt>
      <trkpt lat="42.3636200" lon="-4.8908500"></trkpt>
      <trkpt lat="42.3644500" lon="-4.8911400"></trkpt>
      <trkpt lat="42.3636400" lon="-4.9059400"></trkpt>
      <trkpt lat="42.3623500" lon="-4.9282200"></trkpt>
      <trkpt lat="42.3623500" lon="-4.9289400"></trkpt>
      <trkpt lat="42.3639600" lon="-4.9390000"></trkpt>
      <trkpt lat="42.3653600" lon="-4.9495100"></trkpt>
      <trkpt lat="42.3651300" lon="-4.9524500"></trkpt>
      <trkpt lat="42.3650700" lon="-4.9591200"></trkpt>
      <trkpt lat="42.3659100" lon="-4.9705500"></trkpt>
      <trkpt lat="42.3660200" lon="-4.9726400"></trkpt>
      <trkpt lat="42.3658600" lon="-4.9741200"></trkpt>
      <trkpt lat="42.3655200" lon="-4.9804100"></trkpt>
      <trkpt lat="42.3654900" lon="-4.9819200"></trkpt>
      <trkpt lat="42.3673500" lon="-5.0000200"></trkpt>
      <trkpt lat="42.3679400" lon="-5.0056000"></trkpt>
      <trkpt lat="42.3682400" lon="-5.0074800"></trkpt>
      <trkpt lat="42.3689400" lon="-5.0101200"></trkpt>
      <trkpt lat="42.3696500" lon="-5.0119800"></trkpt>
      <trkpt lat="42.3708500" lon="-5.0143000"></trkpt>
      <trkpt lat="42.3721400" lon="-5.0161200"></trkpt>
      <trkpt lat="42.3749100" lon="-5.0194000"></trkpt>
      <trkpt lat="42.3758400" lon="-5.0206600"></trkpt>
      <trkpt lat="42.3768300" lon="-5.0223600"></trkpt>
      <trkpt lat="42.3778400" lon="-5.0247200"></trkpt>
      <trkpt lat="42.3785200" lon="-5.0274100"></trkpt>
      <trkpt lat="42.3788700" lon="-5.0302300"></trkpt>
      <trkpt lat="42.3788500" lon="-5.0326800"></trkpt>
      <trkpt lat="42.3786100" lon="-5.0347400"></trkpt>
      <trkpt lat="42.3781800" lon="-5.0367800"></trkpt>
      <trkpt lat="42.3764800" lon="-5.0423500"></trkpt>
      <trkpt lat="42.3760800" lon="-5.0439000"></trkpt>
      <trkpt lat="42.3755700" lon="-5.0469500"></trkpt>
      <trkpt lat="42.3755100" lon="-5.0497900"></trkpt>
      <trkpt lat="42.3757700" lon="-5.0527500"></trkpt>
      <trkpt lat="42.3767000" lon="-5.0578000"></trkpt>
      <trkpt lat="42.3777900" lon="-5.0619900"></trkpt>
      <trkpt lat="42.3783500" lon="-5.0638300"></trkpt>
      <trkpt lat="42.3790500" lon="-5.0651900"></trkpt>
      <trkpt lat="42.3807000" lon="-5.0678600"></trkpt>
      <trkpt lat="42.3810600" lon="-5.0686200"></trkpt>
      <trkpt lat="42.3819900" lon="-5.0713600"></trkpt>
      <trkpt lat="42.3821800" lon="-5.0725700"></trkpt>
      <trkpt lat="42.3822900" lon="-5.0773100"></trkpt>
      <trkpt lat="42.3829000" lon="-5.0781800"></trkpt>
      <trkpt lat="42.3837400" lon="-5.0836700"></trkpt>
      <trkpt lat="42.3841500" lon="-5.0897300"></trkpt>
      <trkpt lat="42.3839400" lon="-5.0970200"></trkpt>
      <trkpt lat="42.3846800" lon="-5.1093100"></trkpt>
      <trkpt lat="42.3849400" lon="-5.1111200"></trkpt>
      <trkpt lat="42.3862400" lon="-5.1175300"></trkpt>
      <trkpt lat="42.3868300" lon="-5.1193300"></trkpt>
      <trkpt lat="42.3872800" lon="-5.1214200"></trkpt>
      <trkpt lat="42.3888400" lon="-5.1293800"></trkpt>
      <trkpt lat="42.3894100" lon="-5.1319300"></trkpt>
      <trkpt lat="42.3893900" lon="-5.1332100"></trkpt>
      <trkpt lat="42.3882000" lon="-5.1401300"></trkpt>
      <trkpt lat="42.3881100" lon="-5.1412300"></trkpt>
      <trkpt lat="42.3884400" lon="-5.1423500"></trkpt>
      <trkpt lat="42.3892900" lon="-5.1430300"></trkpt>
      <trkpt lat="42.3896200" lon="-5.1438100"></trkpt>
      <trkpt lat="42.3895100" lon="-5.1471800"></trkpt>
      <trkpt lat="42.3906500" lon="-5.1493500"></trkpt>
      <trkpt lat="42.3915200" lon="-5.1515200"></trkpt>
      <trkpt lat="42.3939100" lon="-5.1559200"></trkpt>
      <trkpt lat="42.3945600" lon="-5.1572500"></trkpt>
      <trkpt lat="42.3969500" lon="-5.1629000"></trkpt>
      <trkpt lat="42.3979900" lon="-5.1669100"></trkpt>
      <trkpt lat="42.3987500" lon="-5.1689200"></trkpt>
      <trkpt lat="42.4006100" lon="-5.1735200"></trkpt>
      <trkpt lat="42.4042000" lon="-5.1825300"></trkpt>
      <trkpt lat="42.4047400" lon="-5.1839700"></trkpt>
      <trkpt lat="42.4069200" lon="-5.1885500"></trkpt>
      <trkpt lat="42.4112900" lon="-5.1980600"></trkpt>
      <trkpt lat="42.4128700" lon="-5.2017900"></trkpt>
      <trkpt lat="42.4140700" lon="-5.2041400"></trkpt>
      <trkpt lat="42.4144700" lon="-5.2051200"></trkpt>
      <trkpt lat="42.4158600" lon="-5.2077200"></trkpt>
      <trkpt lat="42.4176200" lon="-5.2107100"></trkpt>
      <trkpt lat="42.4199900" lon="-5.2154500"></trkpt>
      <trkpt lat="42.4201100" lon="-5.2153700"></trkpt>
      <trkpt lat="42.4224600" lon="-5.2202100"></trkpt>
      <trkpt lat="42.4230500" lon="-5.2225300"></trkpt>
      <trkpt lat="42.4238600" lon="-5.2234700"></trkpt>
      <trkpt lat="42.4250100" lon="-5.2256100"></trkpt>
      <trkpt lat="42.4263800" lon="-5.2276100"></trkpt>
      <trkpt lat="42.4308700" lon="-5.2368900"></trkpt>
      <trkpt lat="42.4317100" lon="-5.2392500"></trkpt>
      <trkpt lat="42.4335400" lon="-5.2447500"></trkpt>
      <trkpt lat="42.4338600" lon="-5.2454300"></trkpt>
      <trkpt lat="42.4396100" lon="-5.2551500"></trkpt>
      <trkpt lat="42.4442800" lon="-5.2618600"></trkpt>
      <trkpt lat="42.4451200" lon="-5.2631700"></trkpt>
      <trkpt lat="42.4479300" lon="-5.2679200"></trkpt>
      <trkpt lat="42.4516400" lon="-5.2771100"></trkpt>
      <trkpt lat="42.4532500" lon="-5.2810100"></trkpt>
      <trkpt lat="42.4584800" lon="-5.2934600"></trkpt>
      <trkpt lat="42.4602900" lon="-5.2997200"></trkpt>
      <trkpt lat="42.4638700" lon="-5.3110200"></trkpt>
      <trkpt lat="42.4652300" lon="-5.3180700"></trkpt>
      <trkpt lat="42.4653100" lon="-5.3190000"></trkpt>
      <trkpt lat="42.4649400" lon="-5.3226900"></trkpt>
      <trkpt lat="42.4644800" lon="-5.3279300"></trkpt>
      <trkpt lat="42.4651100" lon="-5.3288900"></trkpt>
      <trkpt lat="42.4673700" lon="-5.3297000"></trkpt>
      <trkpt lat="42.4680400" lon="-5.3305900"></trkpt>
      <trkpt lat="42.4683400" lon="-5.3320300"></trkpt>
      <trkpt lat="42.4683400" lon="-5.3368900"></trkpt>
      <trkpt lat="42.4689000" lon="-5.3382600"></trkpt>
      <trkpt lat="42.4699900" lon="-5.3394000"></trkpt>
      <trkpt lat="42.4705100" lon="-5.3408200"></trkpt>
      <trkpt lat="42.4707200" lon="-5.3435400"></trkpt>
      <trkpt lat="42.4705900" lon="-5.3464700"></trkpt>
      <trkpt lat="42.4707000" lon="-5.3477500"></trkpt>
      <trkpt lat="42.4718100" lon="-5.3506500"></trkpt>
      <trkpt lat="42.4712800" lon="-5.3533700"></trkpt>
      <trkpt lat="42.4717500" lon="-5.3534400"></trkpt>
      <trkpt lat="42.4722500" lon="-5.3545300"></trkpt>
      <trkpt lat="42.4728700" lon="-5.3577100"></trkpt>
      <trkpt lat="42.4727800" lon="-5.3583400"></trkpt>
      <trkpt lat="42.4709300" lon="-5.3614000"></trkpt>
      <trkpt lat="42.4689900" lon="-5.3655400"></trkpt>
      <trkpt lat="42.4686300" lon="-5.3681500"></trkpt>
      <trkpt lat="42.4678700" lon="-5.3696500"></trkpt>
      <trkpt lat="42.4657500" lon="-5.3757600"></trkpt>
      <trkpt lat="42.4651500" lon="-5.3773200"></trkpt>
      <trkpt lat="42.4640100" lon="-5.3782500"></trkpt>
      <trkpt lat="42.4634400" lon="-5.3791600"></trkpt>
      <trkpt lat="42.4605900" lon="-5.3844200"></trkpt>
      <trkpt lat="42.4602900" lon="-5.3853300"></trkpt>
      <trkpt lat="42.4604000" lon="-5.3882400"></trkpt>
      <trkpt lat="42.4609000" lon="-5.3904300"></trkpt>
      <trkpt lat="42.4604500" lon="-5.3920200"></trkpt>
      <trkpt lat="42.4605000" lon="-5.3950200"></trkpt>
      <trkpt lat="42.4606500" lon="-5.3964100"></trkpt>
      <trkpt lat="42.4602500" lon="-5.4069000"></trkpt>
      <trkpt lat="42.4610300" lon="-5.4072600"></trkpt>
      <trkpt lat="42.4609900" lon="-5.4079100"></trkpt>
      <trkpt lat="42.4602400" lon="-5.4078600"></trkpt>
      <trkpt lat="42.4602600" lon="-5.4086100"></trkpt>
      <trkpt lat="42.4601000" lon="-5.4159700"></trkpt>
      <trkpt lat="42.4599300" lon="-5.4259600"></trkpt>
      <trkpt lat="42.4597400" lon="-5.4348200"></trkpt>
      <trkpt lat="42.4596300" lon="-5.4413000"></trkpt>
      <trkpt lat="42.4591500" lon="-5.4647200"></trkpt>
      <trkpt lat="42.4589500" lon="-5.4754800"></trkpt>
      <trkpt lat="42.4591700" lon="-5.4770100"></trkpt>
      <trkpt lat="42.4588900" lon="-5.4784900"></trkpt>
      <trkpt lat="42.4588900" lon="-5.4828400"></trkpt>
      <trkpt lat="42.4590900" lon="-5.4864900"></trkpt>
      <trkpt lat="42.4595400" lon="-5.4899500"></trkpt>
      <trkpt lat="42.4597000" lon="-5.4903400"></trkpt>
      <trkpt lat="42.4624900" lon="-5.4947000"></trkpt>
      <trkpt lat="42.4617600" lon="-5.4959200"></trkpt>
      <trkpt lat="42.4617000" lon="-5.4971200"></trkpt>
      <trkpt lat="42.4629600" lon="-5.4999800"></trkpt>
      <trkpt lat="42.4637300" lon="-5.5057600"></trkpt>
      <trkpt lat="42.4662700" lon="-5.5119700"></trkpt>
      <trkpt lat="42.4719800" lon="-5.5260900"></trkpt>
      <trkpt lat="42.4732000" lon="-5.5290200"></trkpt>
      <trkpt lat="42.4743300" lon="-5.5310100"></trkpt>
      <trkpt lat="42.4752800" lon="-5.5316700"></trkpt>
      <trkpt lat="42.4767800" lon="-5.5323900"></trkpt>
      <trkpt lat="42.4783900" lon="-5.5326900"></trkpt>
      <trkpt lat="42.4792000" lon="-5.5334000"></trkpt>
      <trkpt lat="42.4799600" lon="-5.5331200"></trkpt>
      <trkpt lat="42.4799000" lon="-5.5355800"></trkpt>
      <trkpt lat="42.4801700" lon="-5.5367100"></trkpt>
      <trkpt lat="42.4829100" lon="-5.5388700"></trkpt>
      <trkpt lat="42.4807300" lon="-5.5458500"></trkpt>
      <trkpt lat="42.4794900" lon="-5.5477800"></trkpt>
      <trkpt lat="42.4800500" lon="-5.5482200"></trkpt>
      <trkpt lat="42.4805500" lon="-5.5501500"></trkpt>
      <trkpt lat="42.4805100" lon="-5.5513900"></trkpt>
      <trkpt lat="42.4800400" lon="-5.5537400"></trkpt>
      <trkpt lat="42.4799200" lon="-5.5553000"></trkpt>
      <trkpt lat="42.4801900" lon="-5.5568700"></trkpt>
      <trkpt lat="42.4814800" lon="-5.5622000"></trkpt>
      <trkpt lat="42.4826200" lon="-5.5665500"></trkpt>
      <trkpt lat="42.4837200" lon="-5.5758600"></trkpt>
      <trkpt lat="42.4837600" lon="-5.5787300"></trkpt>
      <trkpt lat="42.4839100" lon="-5.5800800"></trkpt>
      <trkpt lat="42.4844500" lon="-5.5820400"></trkpt>
      <trkpt lat="42.4854800" lon="-5.5830400"></trkpt>
      <trkpt lat="42.4862400" lon="-5.5835400"></trkpt>
      <trkpt lat="42.4864800" lon="-5.5847100"></trkpt>
      <trkpt lat="42.4872900" lon="-5.5848200"></trkpt>
      <trkpt lat="42.4875200" lon="-5.5865500"></trkpt>
      <trkpt lat="42.4878800" lon="-5.5876400"></trkpt>
      <trkpt lat="42.4875600" lon="-5.5896100"></trkpt>
      <trkpt lat="42.4866500" lon="-5.5918600"></trkpt>
      <trkpt lat="42.4865300" lon="-5.5932600"></trkpt>
      <trkpt lat="42.4868000" lon="-5.5960100"></trkpt>
      <trkpt lat="42.4867400" lon="-5.5981300"></trkpt>
      <trkpt lat="42.4865400" lon="-5.6000400"></trkpt>
      <trkpt lat="42.4862100" lon="-5.6011900"></trkpt>
      <trkpt lat="42.4858100" lon="-5.6035400"></trkpt>
      <trkpt lat="42.4848000" lon="-5.6074000"></trkpt>
      <trkpt lat="42.4847200" lon="-5.6086000"></trkpt>
      <trkpt lat="42.4843700" lon="-5.6100000"></trkpt>
      <trkpt lat="42.4842200" lon="-5.6122300"></trkpt>
      <trkpt lat="42.4828500" lon="-5.6177100"></trkpt>
      <trkpt lat="42.4819700" lon="-5.6194800"></trkpt>
      <trkpt lat="42.4816700" lon="-5.6204200"></trkpt>
      <trkpt lat="42.4813100" lon="-5.6226200"></trkpt>
      <trkpt lat="42.4821100" lon="-5.6244600"></trkpt>
      <trkpt lat="42.4818000" lon="-5.6256200"></trkpt>
      <trkpt lat="42.4818100" lon="-5.6275300"></trkpt>
      <trkpt lat="42.4815400" lon="-5.6279700"></trkpt>
      <trkpt lat="42.4824100" lon="-5.6298800"></trkpt>
      <trkpt lat="42.4808900" lon="-5.6352800"></trkpt>
      <trkpt lat="42.4793500" lon="-5.6379100"></trkpt>
      <trkpt lat="42.4798100" lon="-5.6397900"></trkpt>
      <trkpt lat="42.4790900" lon="-5.6424300"></trkpt>
      <trkpt lat="42.4791800" lon="-5.6426100"></trkpt>
      <trkpt lat="42.4810300" lon="-5.6429700"></trkpt>
      <trkpt lat="42.4768400" lon="-5.6480000"></trkpt>
      <trkpt lat="42.4753100" lon="-5.6499600"></trkpt>
      <trkpt lat="42.4731100" lon="-5.6547000"></trkpt>
      <trkpt lat="42.4732300" lon="-5.6548500"></trkpt>
      <trkpt lat="42.4753600" lon="-5.6602300"></trkpt>
      <trkpt lat="42.4754600" lon="-5.6606700"></trkpt>
      <trkpt lat="42.4768800" lon="-5.6696000"></trkpt>
      <trkpt lat="42.4768200" lon="-5.6698400"></trkpt>
      <trkpt lat="42.4751400" lon="-5.6707500"></trkpt>
      <trkpt lat="42.4752800" lon="-5.6721200"></trkpt>
      <trkpt lat="42.4764900" lon="-5.6769500"></trkpt>
      <trkpt lat="42.4766400" lon="-5.6783400"></trkpt>
      <trkpt lat="42.4770700" lon="-5.6801100"></trkpt>
      <trkpt lat="42.4771200" lon="-5.6816100"></trkpt>
      <trkpt lat="42.4773600" lon="-5.6827100"></trkpt>
      <trkpt lat="42.4775800" lon="-5.6860000"></trkpt>
      <trkpt lat="42.4773700" lon="-5.6872900"></trkpt>
      <trkpt lat="42.4774300" lon="-5.6894100"></trkpt>
      <trkpt lat="42.4775600" lon="-5.6996800"></trkpt>
      <trkpt lat="42.4773800" lon="-5.7026500"></trkpt>
      <trkpt lat="42.4774900" lon="-5.7049400"></trkpt>
      <trkpt lat="42.4772000" lon="-5.7064900"></trkpt>
      <trkpt lat="42.4774200" lon="-5.7091300"></trkpt>
      <trkpt lat="42.4792300" lon="-5.7153000"></trkpt>
      <trkpt lat="42.4821300" lon="-5.7180100"></trkpt>
      <trkpt lat="42.4818900" lon="-5.7218800"></trkpt>
      <trkpt lat="42.4831200" lon="-5.7258600"></trkpt>
      <trkpt lat="42.4829100" lon="-5.7278200"></trkpt>
      <trkpt lat="42.4829600" lon="-5.7287100"></trkpt>
      <trkpt lat="42.4820500" lon="-5.7318600"></trkpt>
      <trkpt lat="42.4815800" lon="-5.7331500"></trkpt>
      <trkpt lat="42.4800000" lon="-5.7385200"></trkpt>
      <trkpt lat="42.4739000" lon="-5.7576700"></trkpt>
      <trkpt lat="42.4733800" lon="-5.7593900"></trkpt>
      <trkpt lat="42.4709000" lon="-5.7671300"></trkpt>
      <trkpt lat="42.4661300" lon="-5.7822300"></trkpt>
      <trkpt lat="42.4614100" lon="-5.7972400"></trkpt>
      <trkpt lat="42.4613000" lon="-5.7974200"></trkpt>
      <trkpt lat="42.4600300" lon="-5.7973100"></trkpt>
      <trkpt lat="42.4595600" lon="-5.7975500"></trkpt>
      <trkpt lat="42.4595200" lon="-5.7984100"></trkpt>
      <trkpt lat="42.4606100" lon="-5.8009800"></trkpt>
      <trkpt lat="42.4607700" lon="-5.8017500"></trkpt>
      <trkpt lat="42.4605200" lon="-5.8128800"></trkpt>
      <trkpt lat="42.4604000" lon="-5.8165600"></trkpt>
      <trkpt lat="42.4603100" lon="-5.8221500"></trkpt>
      <trkpt lat="42.4601000" lon="-5.8297900"></trkpt>
      <trkpt lat="42.4598600" lon="-5.8398100"></trkpt>
      <trkpt lat="42.4593500" lon="-5.8559000"></trkpt>
      <trkpt lat="42.4592400" lon="-5.8602800"></trkpt>
      <trkpt lat="42.4590600" lon="-5.8605700"></trkpt>
      <trkpt lat="42.4580000" lon="-5.8605900"></trkpt>
      <trkpt lat="42.4579700" lon="-5.8613500"></trkpt>
      <trkpt lat="42.4575300" lon="-5.8619700"></trkpt>
      <trkpt lat="42.4567900" lon="-5.8611900"></trkpt>
      <trkpt lat="42.4620200" lon="-5.8693800"></trkpt>
      <trkpt lat="42.4620400" lon="-5.8705200"></trkpt>
      <trkpt lat="42.4595600" lon="-5.8751300"></trkpt>
      <trkpt lat="42.4591400" lon="-5.8760600"></trkpt>
      <trkpt lat="42.4592000" lon="-5.8767700"></trkpt>
      <trkpt lat="42.4591200" lon="-5.8804700"></trkpt>
      <trkpt lat="42.4589600" lon="-5.8809600"></trkpt>
      <trkpt lat="42.4565400" lon="-5.8943500"></trkpt>
      <trkpt lat="42.4538000" lon="-5.9099200"></trkpt>
      <trkpt lat="42.4531300" lon="-5.9134400"></trkpt>
      <trkpt lat="42.4518400" lon="-5.9208700"></trkpt>
      <trkpt lat="42.4501700" lon="-5.9299700"></trkpt>
      <trkpt lat="42.4492900" lon="-5.9345500"></trkpt>
      <trkpt lat="42.4466200" lon="-5.9446500"></trkpt>
      <trkpt lat="42.4464400" lon="-5.9460300"></trkpt>
      <trkpt lat="42.4464600" lon="-5.9471900"></trkpt>
      <trkpt lat="42.4471000" lon="-5.9558500"></trkpt>
      <trkpt lat="42.4472100" lon="-5.9590700"></trkpt>
      <trkpt lat="42.4483000" lon="-5.9794900"></trkpt>
      <trkpt lat="42.4486900" lon="-5.9815100"></trkpt>
      <trkpt lat="42.4491000" lon="-5.9823600"></trkpt>
      <trkpt lat="42.4505300" lon="-5.9846700"></trkpt>
      <trkpt lat="42.4514400" lon="-5.9851000"></trkpt>
      <trkpt lat="42.4515500" lon="-5.9858600"></trkpt>
      <trkpt lat="42.4532700" lon="-5.9891300"></trkpt>
      <trkpt lat="42.4535400" lon="-5.9903100"></trkpt>
      <trkpt lat="42.4533200" lon="-5.9923700"></trkpt>
      <trkpt lat="42.4534300" lon="-5.9962500"></trkpt>
      <trkpt lat="42.4539900" lon="-6.0006600"></trkpt>
      <trkpt lat="42.4543000" lon="-6.0015900"></trkpt>
      <trkpt lat="42.4545700" lon="-6.0032100"></trkpt>
      <trkpt lat="42.4543000" lon="-6.0060300"></trkpt>
      <trkpt lat="42.4543600" lon="-6.0063500"></trkpt>
      <trkpt lat="42.4542800" lon="-6.0123700"></trkpt>
      <trkpt lat="42.4542100" lon="-6.0146600"></trkpt>
      <trkpt lat="42.4546600" lon="-6.0223800"></trkpt>
      <trkpt lat="42.4538900" lon="-6.0235000"></trkpt>
      <trkpt lat="42.4538200" lon="-6.0239900"></trkpt>
      <trkpt lat="42.4544700" lon="-6.0385700"></trkpt>
      <trkpt lat="42.4543200" lon="-6.0392800"></trkpt>
      <trkpt lat="42.4530100" lon="-6.0400800"></trkpt>
      <trkpt lat="42.4523800" lon="-6.0410500"></trkpt>
      <trkpt lat="42.4521100" lon="-6.0426500"></trkpt>
      <trkpt lat="42.4525300" lon="-6.0443700"></trkpt>
      <trkpt lat="42.4542100" lon="-6.0474700"></trkpt>
      <trkpt lat="42.4543800" lon="-6.0482900"></trkpt>
      <trkpt lat="42.4549600" lon="-6.0486500"></trkpt>
      <trkpt lat="42.4565500" lon="-6.0507700"></trkpt>
      <trkpt lat="42.4567600" lon="-6.0526400"></trkpt>
      <trkpt lat="42.4578900" lon="-6.0536800"></trkpt>
      <trkpt lat="42.4583000" lon="-6.0546600"></trkpt>
      <trkpt lat="42.4588900" lon="-6.0573800"></trkpt>
      <trkpt lat="42.4586400" lon="-6.0578400"></trkpt>
      <trkpt lat="42.4586300" lon="-6.0606800"></trkpt>
      <trkpt lat="42.4590400" lon="-6.0621900"></trkpt>
      <trkpt lat="42.4586100" lon="-6.0649700"></trkpt>
      <trkpt lat="42.4586700" lon="-6.0682500"></trkpt>
      <trkpt lat="42.4593800" lon="-6.0737900"></trkpt>
      <trkpt lat="42.4591600" lon="-6.0765800"></trkpt>
      <trkpt lat="42.4592700" lon="-6.0808700"></trkpt>
      <trkpt lat="42.4593700" lon="-6.0815000"></trkpt>
      <trkpt lat="42.4613700" lon="-6.0909800"></trkpt>
      <trkpt lat="42.4615200" lon="-6.0920600"></trkpt>
      <trkpt lat="42.4616700" lon="-6.0954400"></trkpt>
      <trkpt lat="42.4615700" lon="-6.0964400"></trkpt>
      <trkpt lat="42.4606600" lon="-6.0984100"></trkpt>
      <trkpt lat="42.4605000" lon="-6.0992600"></trkpt>
      <trkpt lat="42.4603800" lon="-6.1020200"></trkpt>
      <trkpt lat="42.4602800" lon="-6.1021700"></trkpt>
      <trkpt lat="42.4593400" lon="-6.1063000"></trkpt>
      <trkpt lat="42.4583300" lon="-6.1121300"></trkpt>
      <trkpt lat="42.4571400" lon="-6.1192400"></trkpt>
      <trkpt lat="42.4554900" lon="-6.1266000"></trkpt>
      <trkpt lat="42.4548400" lon="-6.1318600"></trkpt>
      <trkpt lat="42.4549000" lon="-6.1423300"></trkpt>
      <trkpt lat="42.4547400" lon="-6.1453400"></trkpt>
      <trkpt lat="42.4552400" lon="-6.1478400"></trkpt>
      <trkpt lat="42.4553100" lon="-6.1488900"></trkpt>
      <trkpt lat="42.4551700" lon="-6.1542000"></trkpt>
      <trkpt lat="42.4550300" lon="-6.1558800"></trkpt>
      <trkpt lat="42.4542200" lon="-6.1572500"></trkpt>
      <trkpt lat="42.4548500" lon="-6.1603500"></trkpt>
      <trkpt lat="42.4555200" lon="-6.1622400"></trkpt>
      <trkpt lat="42.4582300" lon="-6.1762900"></trkpt>
      <trkpt lat="42.4592400" lon="-6.1827100"></trkpt>
      <trkpt lat="42.4599500" lon="-6.1852300"></trkpt>
      <trkpt lat="42.4608200" lon="-6.1911700"></trkpt>
      <trkpt lat="42.4610000" lon="-6.1926700"></trkpt>
      <trkpt lat="42.4609700" lon="-6.1983800"></trkpt>
      <trkpt lat="42.4612800" lon="-6.2001400"></trkpt>
      <trkpt lat="42.4613700" lon="-6.2016500"></trkpt>
      <trkpt lat="42.4623500" lon="-6.2061100"></trkpt>
      <trkpt lat="42.4627300" lon="-6.2096900"></trkpt>
      <trkpt lat="42.4630800" lon="-6.2152700"></trkpt>
      <trkpt lat="42.4634700" lon="-6.2171400"></trkpt>
      <trkpt lat="42.4644500" lon="-6.2187200"></trkpt>
      <trkpt lat="42.4639400" lon="-6.2218700"></trkpt>
      <trkpt lat="42.4641100" lon="-6.2246900"></trkpt>
      <trkpt lat="42.4668100" lon="-6.2321100"></trkpt>
      <trkpt lat="42.4684800" lon="-6.2368400"></trkpt>
      <trkpt lat="42.4717600" lon="-6.2452200"></trkpt>
      <trkpt lat="42.4730700" lon="-6.2503700"></trkpt>
      <trkpt lat="42.4741300" lon="-6.2528600"></trkpt>
      <trkpt lat="42.4741400" lon="-6.2552200"></trkpt>
      <trkpt lat="42.4742900" lon="-6.2557400"></trkpt>
      <trkpt lat="42.4766600" lon="-6.2597000"></trkpt>
      <trkpt lat="42.4778300" lon="-6.2613500"></trkpt>
      <trkpt lat="42.4791100" lon="-6.2707300"></trkpt>
      <trkpt lat="42.4789000" lon="-6.2726600"></trkpt>
      <trkpt lat="42.4794200" lon="-6.2745700"></trkpt>
      <trkpt lat="42.4802800" lon="-6.2787100"></trkpt>
      <trkpt lat="42.4807400" lon="-6.2794200"></trkpt>
      <trkpt lat="42.4815900" lon="-6.2813500"></trkpt>
      <trkpt lat="42.4823400" lon="-6.2844600"></trkpt>
      <trkpt lat="42.4825400" lon="-6.2863300"></trkpt>
      <trkpt lat="42.4829400" lon="-6.2881900"></trkpt>
      <trkpt lat="42.4830000" lon="-6.2892600"></trkpt>
      <trkpt lat="42.4826100" lon="-6.2916700"></trkpt>
      <trkpt lat="42.4827500" lon="-6.2936200"></trkpt>
      <trkpt lat="42.4831400" lon="-6.2957200"></trkpt>
      <trkpt lat="42.4832500" lon="-6.2974400"></trkpt>
      <trkpt lat="42.4837300" lon="-6.2994100"></trkpt>
      <trkpt lat="42.4847400" lon="-6.3012000"></trkpt>
      <trkpt lat="42.4858200" lon="-6.3045300"></trkpt>
      <trkpt lat="42.4866900" lon="-6.3064500"></trkpt>
      <trkpt lat="42.4865900" lon="-6.3079200"></trkpt>
      <trkpt lat="42.4861500" lon="-6.3090200"></trkpt>
      <trkpt lat="42.4862000" lon="-6.3108800"></trkpt>
      <trkpt lat="42.4865400" lon="-6.3119000"></trkpt>
      <trkpt lat="42.4874000" lon="-6.3130300"></trkpt>
      <trkpt lat="42.4880800" lon="-6.3136400"></trkpt>
      <trkpt lat="42.4884100" lon="-6.3144300"></trkpt>
      <trkpt lat="42.4881100" lon="-6.3157200"></trkpt>
      <trkpt lat="42.4884600" lon="-6.3171600"></trkpt>
      <trkpt lat="42.4899800" lon="-6.3192500"></trkpt>
      <trkpt lat="42.4896100" lon="-6.3205700"></trkpt>
      <trkpt lat="42.4896600" lon="-6.3210800"></trkpt>
      <trkpt lat="42.4903800" lon="-6.3224700"></trkpt>
      <trkpt lat="42.4910300" lon="-6.3230800"></trkpt>
      <trkpt lat="42.4915200" lon="-6.3241500"></trkpt>
      <trkpt lat="42.4915700" lon="-6.3271400"></trkpt>
      <trkpt lat="42.4913200" lon="-6.3276100"></trkpt>
      <trkpt lat="42.4901200" lon="-6.3285700"></trkpt>
      <trkpt lat="42.4897400" lon="-6.3307100"></trkpt>
      <trkpt lat="42.4910600" lon="-6.3330900"></trkpt>
      <trkpt lat="42.4916200" lon="-6.3343800"></trkpt>
      <trkpt lat="42.4916500" lon="-6.3355300"></trkpt>
      <trkpt lat="42.4914200" lon="-6.3370300"></trkpt>
      <trkpt lat="42.4910300" lon="-6.3380900"></trkpt>
      <trkpt lat="42.4907100" lon="-6.3400200"></trkpt>
      <trkpt lat="42.4909800" lon="-6.3420100"></trkpt>
      <trkpt lat="42.4917500" lon="-6.3432000"></trkpt>
      <trkpt lat="42.4918900" lon="-6.3439400"></trkpt>
      <trkpt lat="42.4924800" lon="-6.3451300"></trkpt>
      <trkpt lat="42.4926300" lon="-6.3468900"></trkpt>
      <trkpt lat="42.4918200" lon="-6.3502100"></trkpt>
      <trkpt lat="42.4908900" lon="-6.3501700"></trkpt>
      <trkpt lat="42.4899900" lon="-6.3506000"></trkpt>
      <trkpt lat="42.4898600" lon="-6.3515900"></trkpt>
      <trkpt lat="42.4904400" lon="-6.3525000"></trkpt>
      <trkpt lat="42.4910700" lon="-6.3529800"></trkpt>
      <trkpt lat="42.4916200" lon="-6.3542000"></trkpt>
      <trkpt lat="42.4916300" lon="-6.3549000"></trkpt>
      <trkpt lat="42.4908700" lon="-6.3557700"></trkpt>
      <trkpt lat="42.4907200" lon="-6.3576200"></trkpt>
      <trkpt lat="42.4901100" lon="-6.3593900"></trkpt>
      <trkpt lat="42.4887000" lon="-6.3618900"></trkpt>
      <trkpt lat="42.4886800" lon="-6.3638100"></trkpt>
      <trkpt lat="42.4891900" lon="-6.3655700"></trkpt>
      <trkpt lat="42.4892800" lon="-6.3666000"></trkpt>
      <trkpt lat="42.4890400" lon="-6.3678200"></trkpt>
      <trkpt lat="42.4890900" lon="-6.3699900"></trkpt>
      <trkpt lat="42.4899300" lon="-6.3724100"></trkpt>
      <trkpt lat="42.4897800" lon="-6.3733700"></trkpt>
      <trkpt lat="42.4886500" lon="-6.3747200"></trkpt>
      <trkpt lat="42.4883400" lon="-6.3756900"></trkpt>
      <trkpt lat="42.4884500" lon="-6.3776200"></trkpt>
      <trkpt lat="42.4883200" lon="-6.3785500"></trkpt>
      <trkpt lat="42.4877100" lon="-6.3792300"></trkpt>
      <trkpt lat="42.4874000" lon="-6.3805400"></trkpt>
      <trkpt lat="42.4875100" lon="-6.3817100"></trkpt>
      <trkpt lat="42.4878900" lon="-6.3835000"></trkpt>
      <trkpt lat="42.4882900" lon="-6.3845700"></trkpt>
      <trkpt lat="42.4892000" lon="-6.3850100"></trkpt>
      <trkpt lat="42.4902300" lon="-6.3866200"></trkpt>
      <trkpt lat="42.4905600" lon="-6.3876100"></trkpt>
      <trkpt lat="42.4901600" lon="-6.3894200"></trkpt>
      <trkpt lat="42.4904500" lon="-6.3915000"></trkpt>
      <trkpt lat="42.4913800" lon="-6.3926700"></trkpt>
      <trkpt lat="42.4916200" lon="-6.3936700"></trkpt>
      <trkpt lat="42.4913000" lon="-6.3941500"></trkpt>
      <trkpt lat="42.4918200" lon="-6.3964100"></trkpt>
      <trkpt lat="42.4926100" lon="-6.3979500"></trkpt>
      <trkpt lat="42.4922500" lon="-6.3990500"></trkpt>
      <trkpt lat="42.4922800" lon="-6.3998600"></trkpt>
      <trkpt lat="42.4927400" lon="-6.4021700"></trkpt>
      <trkpt lat="42.4927400" lon="-6.4030600"></trkpt>
      <trkpt lat="42.4924300" lon="-6.4048200"></trkpt>
      <trkpt lat="42.4918500" lon="-6.4056600"></trkpt>
      <trkpt lat="42.4908800" lon="-6.4058000"></trkpt>
      <trkpt lat="42.4894900" lon="-6.4066200"></trkpt>
      <trkpt lat="42.4894400" lon="-6.4069600"></trkpt>
      <trkpt lat="42.4902000" lon="-6.4091800"></trkpt>
      <trkpt lat="42.4904400" lon="-6.4107700"></trkpt>
      <trkpt lat="42.4900800" lon="-6.4121600"></trkpt>
      <trkpt lat="42.4895400" lon="-6.4129300"></trkpt>
      <trkpt lat="42.4894400" lon="-6.4136100"></trkpt>
      <trkpt lat="42.4894200" lon="-6.4173300"></trkpt>
      <trkpt lat="42.4892900" lon="-6.4182100"></trkpt>
      <trkpt lat="42.4882900" lon="-6.4191800"></trkpt>
      <trkpt lat="42.4879800" lon="-6.4204600"></trkpt>
      <trkpt lat="42.4887600" lon="-6.4226200"></trkpt>
      <trkpt lat="42.4887400" lon="-6.4239000"></trkpt>
      <trkpt lat="42.4898100" lon="-6.4269700"></trkpt>
      <trkpt lat="42.4909600" lon="-6.4283000"></trkpt>
      <trkpt lat="42.4913100" lon="-6.4292100"></trkpt>
      <trkpt lat="42.4918600" lon="-6.4315100"></trkpt>
      <trkpt lat="42.4916500" lon="-6.4336400"></trkpt>
      <trkpt lat="42.4910400" lon="-6.4378400"></trkpt>
      <trkpt lat="42.4910800" lon="-6.4387400"></trkpt>
      <trkpt lat="42.4914500" lon="-6.4398800"></trkpt>
      <trkpt lat="42.4932400" lon="-6.4415400"></trkpt>
      <trkpt lat="42.4945200" lon="-6.4420500"></trkpt>
      <trkpt lat="42.4953000" lon="-6.4426600"></trkpt>
      <trkpt lat="42.4964800" lon="-6.4456100"></trkpt>
      <trkpt lat="42.4969300" lon="-6.4491800"></trkpt>
      <trkpt lat="42.4968900" lon="-6.4508100"></trkpt>
      <trkpt lat="42.4970900" lon="-6.4523500"></trkpt>
      <trkpt lat="42.4969700" lon="-6.4540400"></trkpt>
      <trkpt lat="42.4974600" lon="-6.4551700"></trkpt>
      <trkpt lat="42.4969000" lon="-6.4552200"></trkpt>
      <trkpt lat="42.4982400" lon="-6.4561300"></trkpt>
      <trkpt lat="42.4990400" lon="-6.4571800"></trkpt>
      <trkpt lat="42.4995500" lon="-6.4582300"></trkpt>
      <trkpt lat="42.5006500" lon="-6.4586100"></trkpt>
      <trkpt lat="42.5030700" lon="-6.4608600"></trkpt>
      <trkpt lat="42.5044300" lon="-6.4624900"></trkpt>
      <trkpt lat="42.5070700" lon="-6.4672900"></trkpt>
      <trkpt lat="42.5079400" lon="-6.4679800"></trkpt>
      <trkpt lat="42.5085000" lon="-6.4677400"></trkpt>
      <trkpt lat="42.5098800" lon="-6.4681900"></trkpt>
      <trkpt lat="42.5120100" lon="-6.4706100"></trkpt>
      <trkpt lat="42.5130500" lon="-6.4719400"></trkpt>
      <trkpt lat="42.5146400" lon="-6.4717000"></trkpt>
      <trkpt lat="42.5151600" lon="-6.4709000"></trkpt>
      <trkpt lat="42.5159500" lon="-6.4704600"></trkpt>
      <trkpt lat="42.5164000" lon="-6.4705800"></trkpt>
      <trkpt lat="42.5195400" lon="-6.4769400"></trkpt>
      <trkpt lat="42.5218600" lon="-6.4786600"></trkpt>
      <trkpt lat="42.5227800" lon="-6.4790300"></trkpt>
      <trkpt lat="42.5231200" lon="-6.4785000"></trkpt>
      <trkpt lat="42.5238700" lon="-6.4787000"></trkpt>
      <trkpt lat="42.5238600" lon="-6.4797600"></trkpt>
      <trkpt lat="42.5243700" lon="-6.4812800"></trkpt>
      <trkpt lat="42.5254600" lon="-6.4833800"></trkpt>
      <trkpt lat="42.5264500" lon="-6.4850400"></trkpt>
      <trkpt lat="42.5269100" lon="-6.4846800"></trkpt>
      <trkpt lat="42.5272600" lon="-6.4849800"></trkpt>
      <trkpt lat="42.5273500" lon="-6.4858000"></trkpt>
      <trkpt lat="42.5264800" lon="-6.4870900"></trkpt>
      <trkpt lat="42.5263500" lon="-6.4878400"></trkpt>
      <trkpt lat="42.5263600" lon="-6.4899400"></trkpt>
      <trkpt lat="42.5265200" lon="-6.4914600"></trkpt>
      <trkpt lat="42.5263900" lon="-6.4924800"></trkpt>
      <trkpt lat="42.5267100" lon="-6.4931800"></trkpt>
      <trkpt lat="42.5280000" lon="-6.4938000"></trkpt>
      <trkpt lat="42.5285400" lon="-6.4945700"></trkpt>
      <trkpt lat="42.5287200" lon="-6.4961800"></trkpt>
      <trkpt lat="42.5291600" lon="-6.4970100"></trkpt>
      <trkpt lat="42.5292000" lon="-6.4979400"></trkpt>
      <trkpt lat="42.5303100" lon="-6.5005200"></trkpt>
      <trkpt lat="42.5302900" lon="-6.5019000"></trkpt>
      <trkpt lat="42.5306400" lon="-6.5022200"></trkpt>
      <trkpt lat="42.5303900" lon="-6.5027100"></trkpt>
      <trkpt lat="42.5304500" lon="-6.5056800"></trkpt>
      <trkpt lat="42.5300600" lon="-6.5070400"></trkpt>
      <trkpt lat="42.5301900" lon="-6.5086400"></trkpt>
      <trkpt lat="42.5310300" lon="-6.5106400"></trkpt>
      <trkpt lat="42.5322200" lon="-6.5105000"></trkpt>
      <trkpt lat="42.5328200" lon="-6.5112900"></trkpt>
      <trkpt lat="42.5351700" lon="-6.5110400"></trkpt>
      <trkpt lat="42.5349700" lon="-6.5117900"></trkpt>
      <trkpt lat="42.5344200" lon="-6.5120200"></trkpt>
      <trkpt lat="42.5339800" lon="-6.5128200"></trkpt>
      <trkpt lat="42.5338500" lon="-6.5138400"></trkpt>
      <trkpt lat="42.5343700" lon="-6.5145900"></trkpt>
      <trkpt lat="42.5348300" lon="-6.5161700"></trkpt>
      <trkpt lat="42.5351400" lon="-6.5166400"></trkpt>
      <trkpt lat="42.5368800" lon="-6.5174500"></trkpt>
      <trkpt lat="42.5376200" lon="-6.5181200"></trkpt>
      <trkpt lat="42.5384200" lon="-6.5183300"></trkpt>
      <trkpt lat="42.5386500" lon="-6.5207700"></trkpt>
      <trkpt lat="42.5392600" lon="-6.5231600"></trkpt>
      <trkpt lat="42.5406700" lon="-6.5260800"></trkpt>
      <trkpt lat="42.5417200" lon="-6.5275800"></trkpt>
      <trkpt lat="42.5423600" lon="-6.5288200"></trkpt>
      <trkpt lat="42.5456300" lon="-6.5359300"></trkpt>
      <trkpt lat="42.5456700" lon="-6.5379200"></trkpt>
      <trkpt lat="42.5461600" lon="-6.5390600"></trkpt>
      <trkpt lat="42.5463900" lon="-6.5420300"></trkpt>
      <trkpt lat="42.5458600" lon="-6.5482700"></trkpt>
      <trkpt lat="42.5454200" lon="-6.5494600"></trkpt>
      <trkpt lat="42.5453400" lon="-6.5502300"></trkpt>
      <trkpt lat="42.5456800" lon="-6.5514800"></trkpt>
      <trkpt lat="42.5456400" lon="-6.5524500"></trkpt>
      <trkpt lat="42.5452000" lon="-6.5538300"></trkpt>
      <trkpt lat="42.5458000" lon="-6.5600000"></trkpt>
      <trkpt lat="42.5457800" lon="-6.5611600"></trkpt>
      <trkpt lat="42.5453100" lon="-6.5634400"></trkpt>
      <trkpt lat="42.5453700" lon="-6.5645600"></trkpt>
      <trkpt lat="42.5457200" lon="-6.5651100"></trkpt>
      <trkpt lat="42.5464600" lon="-6.5655900"></trkpt>
      <trkpt lat="42.5468100" lon="-6.5672900"></trkpt>
      <trkpt lat="42.5462200" lon="-6.5684200"></trkpt>
      <trkpt lat="42.5452000" lon="-6.5711300"></trkpt>
      <trkpt lat="42.5450600" lon="-6.5738000"></trkpt>
      <trkpt lat="42.5455500" lon="-6.5770900"></trkpt>
      <trkpt lat="42.5460900" lon="-6.5778500"></trkpt>
      <trkpt lat="42.5461800" lon="-6.5787500"></trkpt>
      <trkpt lat="42.5456500" lon="-6.5829900"></trkpt>
      <trkpt lat="42.5454100" lon="-6.5834700"></trkpt>
      <trkpt lat="42.5451200" lon="-6.5857300"></trkpt>
      <trkpt lat="42.5454300" lon="-6.5860100"></trkpt>
      <trkpt lat="42.5470400" lon="-6.5882500"></trkpt>
      <trkpt lat="42.5468100" lon="-6.5886300"></trkpt>
      <trkpt lat="42.5472800" lon="-6.5895500"></trkpt>
      <trkpt lat="42.5467800" lon="-6.5905200"></trkpt>
      <trkpt lat="42.5466600" lon="-6.5915300"></trkpt>
      <trkpt lat="42.5479500" lon="-6.5980400"></trkpt>
      <trkpt lat="42.5486300" lon="-6.6006200"></trkpt>
      <trkpt lat="42.5490300" lon="-6.6015800"></trkpt>
      <trkpt lat="42.5539200" lon="-6.6110300"></trkpt>
      <trkpt lat="42.5546700" lon="-6.6125800"></trkpt>
      <trkpt lat="42.5667600" lon="-6.6400100"></trkpt>
      <trkpt lat="42.5668600" lon="-6.6399400"></trkpt>
      <trkpt lat="42.5719600" lon="-6.6515100"></trkpt>
      <trkpt lat="42.5761200" lon="-6.6608900"></trkpt>
      <trkpt lat="42.5769600" lon="-6.6629400"></trkpt>
      <trkpt lat="42.5779900" lon="-6.6658600"></trkpt>
      <trkpt lat="42.5789400" lon="-6.6673600"></trkpt>
      <trkpt lat="42.5811400" lon="-6.6721100"></trkpt>
      <trkpt lat="42.5833200" lon="-6.6744600"></trkpt>
      <trkpt lat="42.5841800" lon="-6.6751700"></trkpt>
      <trkpt lat="42.5844800" lon="-6.6757700"></trkpt>
      <trkpt lat="42.5858500" lon="-6.6771000"></trkpt>
      <trkpt lat="42.5872300" lon="-6.6788200"></trkpt>
      <trkpt lat="42.5873100" lon="-6.6792600"></trkpt>
      <trkpt lat="42.5869300" lon="-6.6805200"></trkpt>
      <trkpt lat="42.5883100" lon="-6.6836000"></trkpt>
      <trkpt lat="42.5882900" lon="-6.6847200"></trkpt>
      <trkpt lat="42.5885100" lon="-6.6859400"></trkpt>
      <trkpt lat="42.5894300" lon="-6.6891900"></trkpt>
      <trkpt lat="42.5893900" lon="-6.6900900"></trkpt>
      <trkpt lat="42.5897600" lon="-6.6915100"></trkpt>
      <trkpt lat="42.5906000" lon="-6.6925800"></trkpt>
      <trkpt lat="42.5916300" lon="-6.6959800"></trkpt>
      <trkpt lat="42.5921400" lon="-6.6973900"></trkpt>
      <trkpt lat="42.5930700" lon="-6.7004800"></trkpt>
      <trkpt lat="42.5935600" lon="-6.7031700"></trkpt>
      <trkpt lat="42.5940800" lon="-6.7044800"></trkpt>
      <trkpt lat="42.5934600" lon="-6.7166300"></trkpt>
      <trkpt lat="42.5936500" lon="-6.7180900"></trkpt>
      <trkpt lat="42.5939700" lon="-6.7188100"></trkpt>
      <trkpt lat="42.5969400" lon="-6.7232900"></trkpt>
      <trkpt lat="42.5986800" lon="-6.7257900"></trkpt>
      <trkpt lat="42.5999500" lon="-6.7277800"></trkpt>
      <trkpt lat="42.6001800" lon="-6.7315700"></trkpt>
      <trkpt lat="42.6013700" lon="-6.7361900"></trkpt>
      <trkpt lat="42.6019200" lon="-6.7377300"></trkpt>
      <trkpt lat="42.6044000" lon="-6.7425000"></trkpt>
      <trkpt lat="42.6046900" lon="-6.7433600"></trkpt>
      <trkpt lat="42.6060000" lon="-6.7518700"></trkpt>
      <trkpt lat="42.6062100" lon="-6.7547000"></trkpt>
      <trkpt lat="42.6061700" lon="-6.7554200"></trkpt>
      <trkpt lat="42.6051100" lon="-6.7601600"></trkpt>
      <trkpt lat="42.6044900" lon="-6.7620700"></trkpt>
      <trkpt lat="42.6043700" lon="-6.7649500"></trkpt>
      <trkpt lat="42.6040100" lon="-6.7662100"></trkpt>
      <trkpt lat="42.6028300" lon="-6.7682900"></trkpt>
      <trkpt lat="42.6016800" lon="-6.7697200"></trkpt>
      <trkpt lat="42.6013400" lon="-6.7705300"></trkpt>
      <trkpt lat="42.6014600" lon="-6.7724000"></trkpt>
      <trkpt lat="42.6017200" lon="-6.7740100"></trkpt>
      <trkpt lat="42.6017200" lon="-6.7750100"></trkpt>
      <trkpt lat="42.6012200" lon="-6.7763700"></trkpt>
      <trkpt lat="42.6015600" lon="-6.7769700"></trkpt>
      <trkpt lat="42.6016000" lon="-6.7815000"></trkpt>
      <trkpt lat="42.6020800" lon="-6.7831900"></trkpt>
      <trkpt lat="42.6020800" lon="-6.7845100"></trkpt>
      <trkpt lat="42.6025800" lon="-6.7863400"></trkpt>
      <trkpt lat="42.6024800" lon="-6.7876800"></trkpt>
      <trkpt lat="42.6036100" lon="-6.7890900"></trkpt>
      <trkpt lat="42.6047500" lon="-6.7916600"></trkpt>
      <trkpt lat="42.6047700" lon="-6.7951800"></trkpt>
      <trkpt lat="42.6046900" lon="-6.7964400"></trkpt>
      <trkpt lat="42.6039900" lon="-6.7980500"></trkpt>
      <trkpt lat="42.6039200" lon="-6.7986800"></trkpt>
      <trkpt lat="42.6041200" lon="-6.8007300"></trkpt>
      <trkpt lat="42.6044800" lon="-6.8025400"></trkpt>
      <trkpt lat="42.6045600" lon="-6.8057200"></trkpt>
      <trkpt lat="42.6041300" lon="-6.8083800"></trkpt>
      <trkpt lat="42.6044700" lon="-6.8099900"></trkpt>
      <trkpt lat="42.6053000" lon="-6.8103400"></trkpt>
      <trkpt lat="42.6058300" lon="-6.8108800"></trkpt>
      <trkpt lat="42.6083200" lon="-6.8109200"></trkpt>
      <trkpt lat="42.6087300" lon="-6.8107100"></trkpt>
      <trkpt lat="42.6092600" lon="-6.8117900"></trkpt>
      <trkpt lat="42.6098000" lon="-6.8134500"></trkpt>
      <trkpt lat="42.6108300" lon="-6.8138800"></trkpt>
      <trkpt lat="42.6127300" lon="-6.8151500"></trkpt>
      <trkpt lat="42.6139600" lon="-6.8149200"></trkpt>
      <trkpt lat="42.6150400" lon="-6.8157500"></trkpt>
      <trkpt lat="42.6152600" lon="-6.8165900"></trkpt>
      <trkpt lat="42.6148600" lon="-6.8184400"></trkpt>
      <trkpt lat="42.6145200" lon="-6.8188700"></trkpt>
      <trkpt lat="42.6128600" lon="-6.8190500"></trkpt>
      <trkpt lat="42.6118000" lon="-6.8199200"></trkpt>
      <trkpt lat="42.6116000" lon="-6.8203700"></trkpt>
      <trkpt lat="42.6128800" lon="-6.8212000"></trkpt>
      <trkpt lat="42.6146200" lon="-6.8211100"></trkpt>
      <trkpt lat="42.6150900" lon="-6.8218200"></trkpt>
      <trkpt lat="42.6150400" lon="-6.8240900"></trkpt>
      <trkpt lat="42.6154500" lon="-6.8248000"></trkpt>
      <trkpt lat="42.6167200" lon="-6.8259400"></trkpt>
      <trkpt lat="42.6175200" lon="-6.8273200"></trkpt>
      <trkpt lat="42.6182100" lon="-6.8291400"></trkpt>
      <trkpt lat="42.6188700" lon="-6.8297100"></trkpt>
      <trkpt lat="42.6207300" lon="-6.8304700"></trkpt>
      <trkpt lat="42.6220400" lon="-6.8296600"></trkpt>
      <trkpt lat="42.6226800" lon="-6.8296300"></trkpt>
      <trkpt lat="42.6232600" lon="-6.8302100"></trkpt>
      <trkpt lat="42.6234300" lon="-6.8310600"></trkpt>
      <trkpt lat="42.6232800" lon="-6.8323200"></trkpt>
      <trkpt lat="42.6226400" lon="-6.8339900"></trkpt>
      <trkpt lat="42.6212100" lon="-6.8355800"></trkpt>
      <trkpt lat="42.6211300" lon="-6.8367000"></trkpt>
      <trkpt lat="42.6213700" lon="-6.8371100"></trkpt>
      <trkpt lat="42.6224600" lon="-6.8379800"></trkpt>
      <trkpt lat="42.6228100" lon="-6.8385600"></trkpt>
      <trkpt lat="42.6257900" lon="-6.8451500"></trkpt>
      <trkpt lat="42.6266800" lon="-6.8460800"></trkpt>
      <trkpt lat="42.6281600" lon="-6.8465400"></trkpt>
      <trkpt lat="42.6293700" lon="-6.8471800"></trkpt>
      <trkpt lat="42.6312700" lon="-6.8492400"></trkpt>
      <trkpt lat="42.6335700" lon="-6.8521900"></trkpt>
      <trkpt lat="42.6355600" lon="-6.8532700"></trkpt>
      <trkpt lat="42.6368600" lon="-6.8544100"></trkpt>
      <trkpt lat="42.6382500" lon="-6.8562800"></trkpt>
      <trkpt lat="42.6386100" lon="-6.8572000"></trkpt>
      <trkpt lat="42.6389500" lon="-6.8601100"></trkpt>
      <trkpt lat="42.6387500" lon="-6.8609000"></trkpt>
      <trkpt lat="42.6382200" lon="-6.8616600"></trkpt>
      <trkpt lat="42.6379600" lon="-6.8628500"></trkpt>
      <trkpt lat="42.6381900" lon="-6.8635000"></trkpt>
      <trkpt lat="42.6395000" lon="-6.8658900"></trkpt>
      <trkpt lat="42.6410500" lon="-6.8690500"></trkpt>
      <trkpt lat="42.6420900" lon="-6.8704600"></trkpt>
      <trkpt lat="42.6454700" lon="-6.8739700"></trkpt>
      <trkpt lat="42.6465400" lon="-6.8754400"></trkpt>
      <trkpt lat="42.6476300" lon="-6.8777800"></trkpt>
      <trkpt lat="42.6482900" lon="-6.8797900"></trkpt>
      <trkpt lat="42.6487000" lon="-6.8817700"></trkpt>
      <trkpt lat="42.6490100" lon="-6.8849400"></trkpt>
      <trkpt lat="42.6492600" lon="-6.8863600"></trkpt>
      <trkpt lat="42.6500300" lon="-6.8879600"></trkpt>
      <trkpt lat="42.6510200" lon="-6.8888100"></trkpt>
      <trkpt lat="42.6529600" lon="-6.8897500"></trkpt>
      <trkpt lat="42.6538400" lon="-6.8903700"></trkpt>
      <trkpt lat="42.6544200" lon="-6.8910500"></trkpt>
      <trkpt lat="42.6551200" lon="-6.8923700"></trkpt>
      <trkpt lat="42.6554900" lon="-6.8940800"></trkpt>
      <trkpt lat="42.6554300" lon="-6.8957200"></trkpt>
      <trkpt lat="42.6546400" lon="-6.8985300"></trkpt>
      <trkpt lat="42.6545200" lon="-6.8996400"></trkpt>
      <trkpt lat="42.6547000" lon="-6.9009000"></trkpt>
      <trkpt lat="42.6555700" lon="-6.9046900"></trkpt>
      <trkpt lat="42.6566800" lon="-6.9063900"></trkpt>
      <trkpt lat="42.6570800" lon="-6.9078500"></trkpt>
      <trkpt lat="42.6575300" lon="-6.9085700"></trkpt>
      <trkpt lat="42.6586000" lon="-6.9095100"></trkpt>
      <trkpt lat="42.6588000" lon="-6.9104000"></trkpt>
      <trkpt lat="42.6584600" lon="-6.9115700"></trkpt>
      <trkpt lat="42.6578200" lon="-6.9122300"></trkpt>
      <trkpt lat="42.6576300" lon="-6.9128400"></trkpt>
      <trkpt lat="42.6577500" lon="-6.9137300"></trkpt>
      <trkpt lat="42.6592200" lon="-6.9151700"></trkpt>
      <trkpt lat="42.6597900" lon="-6.9161700"></trkpt>
      <trkpt lat="42.6602400" lon="-6.9177000"></trkpt>
      <trkpt lat="42.6603600" lon="-6.9187600"></trkpt>
      <trkpt lat="42.6603500" lon="-6.9218100"></trkpt>
      <trkpt lat="42.6610700" lon="-6.9249200"></trkpt>
      <trkpt lat="42.6621200" lon="-6.9265900"></trkpt>
      <trkpt lat="42.6643000" lon="-6.9267800"></trkpt>
      <trkpt lat="42.6649600" lon="-6.9266500"></trkpt>
      <trkpt lat="42.6658800" lon="-6.9274500"></trkpt>
      <trkpt lat="42.6658000" lon="-6.9283300"></trkpt>
      <trkpt lat="42.6652200" lon="-6.9305800"></trkpt>
      <trkpt lat="42.6656500" lon="-6.9320000"></trkpt>
      <trkpt lat="42.6664100" lon="-6.9362700"></trkpt>
      <trkpt lat="42.6663900" lon="-6.9380400"></trkpt>
      <trkpt lat="42.6660900" lon="-6.9390100"></trkpt>
      <trkpt lat="42.6650700" lon="-6.9401900"></trkpt>
      <trkpt lat="42.6640000" lon="-6.9411800"></trkpt>
      <trkpt lat="42.6639800" lon="-6.9422700"></trkpt>
      <trkpt lat="42.6644900" lon="-6.9442600"></trkpt>
      <trkpt lat="42.6652600" lon="-6.9465200"></trkpt>
      <trkpt lat="42.6643700" lon="-6.9542100"></trkpt>
      <trkpt lat="42.6645700" lon="-6.9548100"></trkpt>
      <trkpt lat="42.6683700" lon="-6.9580900"></trkpt>
      <trkpt lat="42.6695800" lon="-6.9592000"></trkpt>
      <trkpt lat="42.6702900" lon="-6.9605500"></trkpt>
      <trkpt lat="42.6712000" lon="-6.9631900"></trkpt>
      <trkpt lat="42.6718000" lon="-6.9646200"></trkpt>
      <trkpt lat="42.6728400" lon="-6.9666100"></trkpt>
      <trkpt lat="42.6729300" lon="-6.9672100"></trkpt>
      <trkpt lat="42.6722300" lon="-6.9684200"></trkpt>
      <trkpt lat="42.6716500" lon="-6.9688900"></trkpt>
      <trkpt lat="42.6724400" lon="-6.9701200"></trkpt>
      <trkpt lat="42.6725100" lon="-6.9730300"></trkpt>
      <trkpt lat="42.6724200" lon="-6.9739700"></trkpt>
      <trkpt lat="42.6725200" lon="-6.9760700"></trkpt>
      <trkpt lat="42.6723300" lon="-6.9784300"></trkpt>
      <trkpt lat="42.6711400" lon="-6.9789200"></trkpt>
      <trkpt lat="42.6709400" lon="-6.9805700"></trkpt>
      <trkpt lat="42.6705100" lon="-6.9822600"></trkpt>
      <trkpt lat="42.6715800" lon="-6.9850400"></trkpt>
      <trkpt lat="42.6718300" lon="-6.9860400"></trkpt>
      <trkpt lat="42.6725100" lon="-6.9871600"></trkpt>
      <trkpt lat="42.6729200" lon="-6.9882200"></trkpt>
      <trkpt lat="42.6727500" lon="-6.9899900"></trkpt>
      <trkpt lat="42.6732000" lon="-6.9913400"></trkpt>
      <trkpt lat="42.6730700" lon="-6.9922300"></trkpt>
      <trkpt lat="42.6733500" lon="-6.9933200"></trkpt>
      <trkpt lat="42.6745900" lon="-6.9944000"></trkpt>
      <trkpt lat="42.6749400" lon="-6.9950700"></trkpt>
      <trkpt lat="42.6758300" lon="-6.9958200"></trkpt>
      <trkpt lat="42.6760900" lon="-6.9970300"></trkpt>
      <trkpt lat="42.6757100" lon="-6.9982500"></trkpt>
      <trkpt lat="42.6765900" lon="-7.0000700"></trkpt>
      <trkpt lat="42.6773500" lon="-7.0001600"></trkpt>
      <trkpt lat="42.6787500" lon="-7.0014100"></trkpt>
      <trkpt lat="42.6800800" lon="-7.0032300"></trkpt>
      <trkpt lat="42.6801700" lon="-7.0043500"></trkpt>
      <trkpt lat="42.6820000" lon="-7.0060400"></trkpt>
      <trkpt lat="42.6833500" lon="-7.0077200"></trkpt>
      <trkpt lat="42.6834700" lon="-7.0073200"></trkpt>
      <trkpt lat="42.6840300" lon="-7.0077500"></trkpt>
      <trkpt lat="42.6843100" lon="-7.0075400"></trkpt>
      <trkpt lat="42.6847200" lon="-7.0088200"></trkpt>
      <trkpt lat="42.6867700" lon="-7.0113100"></trkpt>
      <trkpt lat="42.6865700" lon="-7.0123700"></trkpt>
      <trkpt lat="42.6870400" lon="-7.0129500"></trkpt>
      <trkpt lat="42.6879700" lon="-7.0126000"></trkpt>
      <trkpt lat="42.6891700" lon="-7.0130000"></trkpt>
      <trkpt lat="42.6899200" lon="-7.0146700"></trkpt>
      <trkpt lat="42.6903000" lon="-7.0149700"></trkpt>
      <trkpt lat="42.6919500" lon="-7.0154400"></trkpt>
      <trkpt lat="42.6926400" lon="-7.0168700"></trkpt>
      <trkpt lat="42.6936700" lon="-7.0180200"></trkpt>
      <trkpt lat="42.6951200" lon="-7.0185800"></trkpt>
      <trkpt lat="42.6964600" lon="-7.0183900"></trkpt>
      <trkpt lat="42.6980100" lon="-7.0200100"></trkpt>
      <trkpt lat="42.6993300" lon="-7.0198500"></trkpt>
      <trkpt lat="42.7011700" lon="-7.0211700"></trkpt>
      <trkpt lat="42.7012500" lon="-7.0220000"></trkpt>
      <trkpt lat="42.7030200" lon="-7.0236900"></trkpt>
      <trkpt lat="42.7037900" lon="-7.0242200"></trkpt>
      <trkpt lat="42.7058200" lon="-7.0264800"></trkpt>
      <trkpt lat="42.7059700" lon="-7.0281100"></trkpt>
      <trkpt lat="42.7065800" lon="-7.0296800"></trkpt>
      <trkpt lat="42.7057700" lon="-7.0307600"></trkpt>
      <trkpt lat="42.7060300" lon="-7.0317900"></trkpt>
      <trkpt lat="42.7072700" lon="-7.0332000"></trkpt>
      <trkpt lat="42.7079600" lon="-7.0353400"></trkpt>
      <trkpt lat="42.7076800" lon="-7.0364900"></trkpt>
      <trkpt lat="42.7072400" lon="-7.0368500"></trkpt>
      <trkpt lat="42.7072300" lon="-7.0390700"></trkpt>
      <trkpt lat="42.7075200" lon="-7.0402500"></trkpt>
      <trkpt lat="42.7077800" lon="-7.0423600"></trkpt>
      <trkpt lat="42.7074700" lon="-7.0431400"></trkpt>
      <trkpt lat="42.7080200" lon="-7.0441400"></trkpt>
      <trkpt lat="42.7078700" lon="-7.0471700"></trkpt>
      <trkpt lat="42.7070300" lon="-7.0494600"></trkpt>
      <trkpt lat="42.7068200" lon="-7.0504700"></trkpt>
      <trkpt lat="42.7062900" lon="-7.0513400"></trkpt>
      <trkpt lat="42.7058400" lon="-7.0516000"></trkpt>
      <trkpt lat="42.7054500" lon="-7.0524200"></trkpt>
      <trkpt lat="42.7049900" lon="-7.0541200"></trkpt>
      <trkpt lat="42.7035500" lon="-7.0562400"></trkpt>
      <trkpt lat="42.7034700" lon="-7.0579100"></trkpt>
      <trkpt lat="42.7042900" lon="-7.0606400"></trkpt>
      <trkpt lat="42.7049200" lon="-7.0618200"></trkpt>
      <trkpt lat="42.7050200" lon="-7.0627000"></trkpt>
      <trkpt lat="42.7042600" lon="-7.0659300"></trkpt>
      <trkpt lat="42.7046900" lon="-7.0673300"></trkpt>
      <trkpt lat="42.7047800" lon="-7.0690900"></trkpt>
      <trkpt lat="42.7040700" lon="-7.0700600"></trkpt>
      <trkpt lat="42.7015500" lon="-7.0718300"></trkpt>
      <trkpt lat="42.7001300" lon="-7.0726400"></trkpt>
      <trkpt lat="42.6996100" lon="-7.0731100"></trkpt>
      <trkpt lat="42.6982500" lon="-7.0752500"></trkpt>
      <trkpt lat="42.6980100" lon="-7.0758200"></trkpt>
      <trkpt lat="42.6983400" lon="-7.0776100"></trkpt>
      <trkpt lat="42.6987000" lon="-7.0786700"></trkpt>
      <trkpt lat="42.6983800" lon="-7.0797900"></trkpt>
      <trkpt lat="42.6983700" lon="-7.0805700"></trkpt>
      <trkpt lat="42.6987000" lon="-7.0815000"></trkpt>
      <trkpt lat="42.6986000" lon="-7.0848400"></trkpt>
      <trkpt lat="42.6986800" lon="-7.0860000"></trkpt>
      <trkpt lat="42.6989900" lon="-7.0873800"></trkpt>
      <trkpt lat="42.6987400" lon="-7.0885900"></trkpt>
      <trkpt lat="42.6978500" lon="-7.0895100"></trkpt>
      <trkpt lat="42.6978800" lon="-7.0902000"></trkpt>
      <trkpt lat="42.6984900" lon="-7.0910800"></trkpt>
      <trkpt lat="42.7012300" lon="-7.0942100"></trkpt>
      <trkpt lat="42.7024300" lon="-7.0959600"></trkpt>
      <trkpt lat="42.7039900" lon="-7.0978700"></trkpt>
      <trkpt lat="42.7042300" lon="-7.0988200"></trkpt>
      <trkpt lat="42.7044200" lon="-7.1008000"></trkpt>
      <trkpt lat="42.7046800" lon="-7.1021600"></trkpt>
      <trkpt lat="42.7052200" lon="-7.1035100"></trkpt>
      <trkpt lat="42.7053500" lon="-7.1044200"></trkpt>
      <trkpt lat="42.7050600" lon="-7.1054300"></trkpt>
      <trkpt lat="42.7055700" lon="-7.1068600"></trkpt>
      <trkpt lat="42.7058000" lon="-7.1081000"></trkpt>
      <trkpt lat="42.7063300" lon="-7.1085700"></trkpt>
      <trkpt lat="42.7070600" lon="-7.1084700"></trkpt>
      <trkpt lat="42.7077500" lon="-7.1090800"></trkpt>
      <trkpt lat="42.7074000" lon="-7.1104600"></trkpt>
      <trkpt lat="42.7079100" lon="-7.1117700"></trkpt>
      <trkpt lat="42.7089400" lon="-7.1120700"></trkpt>
      <trkpt lat="42.7094900" lon="-7.1124800"></trkpt>
      <trkpt lat="42.7096800" lon="-7.1146200"></trkpt>
      <trkpt lat="42.7093800" lon="-7.1154700"></trkpt>
      <trkpt lat="42.7084800" lon="-7.1165300"></trkpt>
      <trkpt lat="42.7083200" lon="-7.1171600"></trkpt>
      <trkpt lat="42.7086400" lon="-7.1183900"></trkpt>
      <trkpt lat="42.7085200" lon="-7.1198500"></trkpt>
      <trkpt lat="42.7098400" lon="-7.1222400"></trkpt>
      <trkpt lat="42.7109300" lon="-7.1230300"></trkpt>
      <trkpt lat="42.7119100" lon="-7.1252300"></trkpt>
      <trkpt lat="42.7138700" lon="-7.1285800"></trkpt>
      <trkpt lat="42.7152200" lon="-7.1298200"></trkpt>
      <trkpt lat="42.7162000" lon="-7.1316700"></trkpt>
      <trkpt lat="42.7165200" lon="-7.1335600"></trkpt>
      <trkpt lat="42.7181900" lon="-7.1366000"></trkpt>
      <trkpt lat="42.7190400" lon="-7.1394800"></trkpt>
      <trkpt lat="42.7194100" lon="-7.1400200"></trkpt>
      <trkpt lat="42.7204900" lon="-7.1408800"></trkpt>
      <trkpt lat="42.7214700" lon="-7.1422700"></trkpt>
      <trkpt lat="42.7221600" lon="-7.1434900"></trkpt>
      <trkpt lat="42.7228000" lon="-7.1456300"></trkpt>
      <trkpt lat="42.7237200" lon="-7.1475800"></trkpt>
      <trkpt lat="42.7263600" lon="-7.1513400"></trkpt>
      <trkpt lat="42.7271300" lon="-7.1536200"></trkpt>
      <trkpt lat="42.7291100" lon="-7.1555200"></trkpt>
      <trkpt lat="42.7316800" lon="-7.1585100"></trkpt>
      <trkpt lat="42.7326700" lon="-7.1599800"></trkpt>
      <trkpt lat="42.7333700" lon="-7.1616300"></trkpt>
      <trkpt lat="42.7350500" lon="-7.1663700"></trkpt>
      <trkpt lat="42.7365800" lon="-7.1702300"></trkpt>
      <trkpt lat="42.7368000" lon="-7.1723900"></trkpt>
      <trkpt lat="42.7371700" lon="-7.1737000"></trkpt>
      <trkpt lat="42.7380800" lon="-7.1742500"></trkpt>
      <trkpt lat="42.7388800" lon="-7.1742200"></trkpt>
      <trkpt lat="42.7403400" lon="-7.1751700"></trkpt>
      <trkpt lat="42.7412600" lon="-7.1765000"></trkpt>
      <trkpt lat="42.7427000" lon="-7.1779800"></trkpt>
      <trkpt lat="42.7433000" lon="-7.1779000"></trkpt>
      <trkpt lat="42.7440700" lon="-7.1782400"></trkpt>
      <trkpt lat="42.7441700" lon="-7.1787200"></trkpt>
      <trkpt lat="42.7439200" lon="-7.1809600"></trkpt>
      <trkpt lat="42.7436500" lon="-7.1821500"></trkpt>
      <trkpt lat="42.7439300" lon="-7.1837300"></trkpt>
      <trkpt lat="42.7442700" lon="-7.1841900"></trkpt>
      <trkpt lat="42.7438000" lon="-7.1859600"></trkpt>
      <trkpt lat="42.7439500" lon="-7.1871400"></trkpt>
      <trkpt lat="42.7447400" lon="-7.1879900"></trkpt>
      <trkpt lat="42.7445300" lon="-7.1890400"></trkpt>
      <trkpt lat="42.7438500" lon="-7.1896300"></trkpt>
      <trkpt lat="42.7421500" lon="-7.1903700"></trkpt>
      <trkpt lat="42.7404300" lon="-7.1916000"></trkpt>
      <trkpt lat="42.7401000" lon="-7.1924200"></trkpt>
      <trkpt lat="42.7405400" lon="-7.1931300"></trkpt>
      <trkpt lat="42.7406000" lon="-7.1952100"></trkpt>
      <trkpt lat="42.7433700" lon="-7.2006700"></trkpt>
      <trkpt lat="42.7435100" lon="-7.2017800"></trkpt>
      <trkpt lat="42.7429300" lon="-7.2037300"></trkpt>
      <trkpt lat="42.7423900" lon="-7.2047000"></trkpt>
      <trkpt lat="42.7440200" lon="-7.2047200"></trkpt>
      <trkpt lat="42.7440800" lon="-7.2053200"></trkpt>
      <trkpt lat="42.7434600" lon="-7.2059000"></trkpt>
      <trkpt lat="42.7448000" lon="-7.2091300"></trkpt>
      <trkpt lat="42.7453300" lon="-7.2118200"></trkpt>
      <trkpt lat="42.7467600" lon="-7.2138400"></trkpt>
      <trkpt lat="42.7473600" lon="-7.2154200"></trkpt>
      <trkpt lat="42.7474700" lon="-7.2162700"></trkpt>
      <trkpt lat="42.7473100" lon="-7.2173900"></trkpt>
      <trkpt lat="42.7476000" lon="-7.2180500"></trkpt>
      <trkpt lat="42.7484700" lon="-7.2187100"></trkpt>
      <trkpt lat="42.7488700" lon="-7.2196200"></trkpt>
      <trkpt lat="42.7495600" lon="-7.2198100"></trkpt>
      <trkpt lat="42.7504400" lon="-7.2205200"></trkpt>
      <trkpt lat="42.7509400" lon="-7.2214300"></trkpt>
      <trkpt lat="42.7510900" lon="-7.2223000"></trkpt>
      <trkpt lat="42.7507700" lon="-7.2229600"></trkpt>
      <trkpt lat="42.7508100" lon="-7.2240300"></trkpt>
      <trkpt lat="42.7515400" lon="-7.2252900"></trkpt>
      <trkpt lat="42.7524600" lon="-7.2259600"></trkpt>
      <trkpt lat="42.7537600" lon="-7.2265400"></trkpt>
      <trkpt lat="42.7547300" lon="-7.2282500"></trkpt>
      <trkpt lat="42.7556000" lon="-7.2292500"></trkpt>
      <trkpt lat="42.7558600" lon="-7.2305300"></trkpt>
      <trkpt lat="42.7555500" lon="-7.2314200"></trkpt>
      <trkpt lat="42.7561600" lon="-7.2337600"></trkpt>
      <trkpt lat="42.7560900" lon="-7.2352800"></trkpt>
      <trkpt lat="42.7564300" lon="-7.2363700"></trkpt>
      <trkpt lat="42.7566100" lon="-7.2402100"></trkpt>
      <trkpt lat="42.7561800" lon="-7.2429800"></trkpt>
      <trkpt lat="42.7559300" lon="-7.2436700"></trkpt>
      <trkpt lat="42.7576100" lon="-7.2443100"></trkpt>
      <trkpt lat="42.7593900" lon="-7.2459000"></trkpt>
      <trkpt lat="42.7602100" lon="-7.2464100"></trkpt>
      <trkpt lat="42.7608100" lon="-7.2478600"></trkpt>
      <trkpt lat="42.7613000" lon="-7.2485200"></trkpt>
      <trkpt lat="42.7631300" lon="-7.2495500"></trkpt>
      <trkpt lat="42.7632100" lon="-7.2499700"></trkpt>
      <trkpt lat="42.7628400" lon="-7.2514400"></trkpt>
      <trkpt lat="42.7634400" lon="-7.2517400"></trkpt>
      <trkpt lat="42.7644500" lon="-7.2535600"></trkpt>
      <trkpt lat="42.7644400" lon="-7.2539900"></trkpt>
      <trkpt lat="42.7656400" lon="-7.2556500"></trkpt>
      <trkpt lat="42.7665500" lon="-7.2562800"></trkpt>
      <trkpt lat="42.7665500" lon="-7.2571100"></trkpt>
      <trkpt lat="42.7669300" lon="-7.2573200"></trkpt>
      <trkpt lat="42.7672500" lon="-7.2568100"></trkpt>
      <trkpt lat="42.7680800" lon="-7.2571200"></trkpt>
      <trkpt lat="42.7687500" lon="-7.2587300"></trkpt>
      <trkpt lat="42.7698100" lon="-7.2600600"></trkpt>
      <trkpt lat="42.7701600" lon="-7.2611200"></trkpt>
      <trkpt lat="42.7694300" lon="-7.2630300"></trkpt>
      <trkpt lat="42.7692600" lon="-7.2641800"></trkpt>
      <trkpt lat="42.7688100" lon="-7.2650600"></trkpt>
      <trkpt lat="42.7685200" lon="-7.2677000"></trkpt>
      <trkpt lat="42.7686800" lon="-7.2681200"></trkpt>
      <trkpt lat="42.7673200" lon="-7.2713800"></trkpt>
      <trkpt lat="42.7663000" lon="-7.2723300"></trkpt>
      <trkpt lat="42.7657400" lon="-7.2742700"></trkpt>
      <trkpt lat="42.7659300" lon="-7.2755600"></trkpt>
      <trkpt lat="42.7652500" lon="-7.2760700"></trkpt>
      <trkpt lat="42.7645200" lon="-7.2774100"></trkpt>
      <trkpt lat="42.7643400" lon="-7.2781000"></trkpt>
      <trkpt lat="42.7643300" lon="-7.2803700"></trkpt>
      <trkpt lat="42.7654700" lon="-7.2823400"></trkpt>
      <trkpt lat="42.7661500" lon="-7.2828300"></trkpt>
      <trkpt lat="42.7680400" lon="-7.2828400"></trkpt>
      <trkpt lat="42.7678500" lon="-7.2846900"></trkpt>
      <trkpt lat="42.7674700" lon="-7.2854300"></trkpt>
      <trkpt lat="42.7674400" lon="-7.2862900"></trkpt>
      <trkpt lat="42.7677300" lon="-7.2864600"></trkpt>
      <trkpt lat="42.7698700" lon="-7.2862200"></trkpt>
      <trkpt lat="42.7711700" lon="-7.2859100"></trkpt>
      <trkpt lat="42.7726500" lon="-7.2870100"></trkpt>
      <trkpt lat="42.7715700" lon="-7.2890200"></trkpt>
      <trkpt lat="42.7715800" lon="-7.2899900"></trkpt>
      <trkpt lat="42.7718700" lon="-7.2922900"></trkpt>
      <trkpt lat="42.7722000" lon="-7.2939900"></trkpt>
      <trkpt lat="42.7718100" lon="-7.2965000"></trkpt>
      <trkpt lat="42.7717000" lon="-7.2988200"></trkpt>
      <trkpt lat="42.7714600" lon="-7.2996200"></trkpt>
      <trkpt lat="42.7711500" lon="-7.3019400"></trkpt>
      <trkpt lat="42.7707100" lon="-7.3044000"></trkpt>
      <trkpt lat="42.7708100" lon="-7.3048400"></trkpt>
      <trkpt lat="42.7705000" lon="-7.3060300"></trkpt>
      <trkpt lat="42.7697100" lon="-7.3063000"></trkpt>
      <trkpt lat="42.7685600" lon="-7.3061200"></trkpt>
      <trkpt lat="42.7680000" lon="-7.3066300"></trkpt>
      <trkpt lat="42.7678000" lon="-7.3078000"></trkpt>
      <trkpt lat="42.7684800" lon="-7.3087900"></trkpt>
      <trkpt lat="42.7688000" lon="-7.3096400"></trkpt>
      <trkpt lat="42.7696100" lon="-7.3103600"></trkpt>
      <trkpt lat="42.7709000" lon="-7.3107300"></trkpt>
      <trkpt lat="42.7716700" lon="-7.3116700"></trkpt>
      <trkpt lat="42.7710800" lon="-7.3127300"></trkpt>
      <trkpt lat="42.7708400" lon="-7.3137900"></trkpt>
      <trkpt lat="42.7714000" lon="-7.3150200"></trkpt>
      <trkpt lat="42.7711500" lon="-7.3161000"></trkpt>
      <trkpt lat="42.7714900" lon="-7.3175500"></trkpt>
      <trkpt lat="42.7718700" lon="-7.3183100"></trkpt>
      <trkpt lat="42.7724300" lon="-7.3183700"></trkpt>
      <trkpt lat="42.7726100" lon="-7.3195900"></trkpt>
      <trkpt lat="42.7725400" lon="-7.3206800"></trkpt>
      <trkpt lat="42.7735700" lon="-7.3234700"></trkpt>
      <trkpt lat="42.7741500" lon="-7.3259000"></trkpt>
      <trkpt lat="42.7741500" lon="-7.3267800"></trkpt>
      <trkpt lat="42.7732600" lon="-7.3288400"></trkpt>
      <trkpt lat="42.7731600" lon="-7.3308400"></trkpt>
      <trkpt lat="42.7727700" lon="-7.3337500"></trkpt>
      <trkpt lat="42.7730000" lon="-7.3356500"></trkpt>
      <trkpt lat="42.7740200" lon="-7.3381900"></trkpt>
      <trkpt lat="42.7741900" lon="-7.3396900"></trkpt>
      <trkpt lat="42.7748600" lon="-7.3417000"></trkpt>
      <trkpt lat="42.7743500" lon="-7.3449500"></trkpt>
      <trkpt lat="42.7740100" lon="-7.3462100"></trkpt>
      <trkpt lat="42.7739800" lon="-7.3488600"></trkpt>
      <trkpt lat="42.7738300" lon="-7.3511100"></trkpt>
      <trkpt lat="42.7743500" lon="-7.3508300"></trkpt>
      <trkpt lat="42.7735600" lon="-7.3536300"></trkpt>
      <trkpt lat="42.7738900" lon="-7.3551600"></trkpt>
      <trkpt lat="42.7737700" lon="-7.3583300"></trkpt>
      <trkpt lat="42.7726000" lon="-7.3630900"></trkpt>
      <trkpt lat="42.7725800" lon="-7.3639000"></trkpt>
      <trkpt lat="42.7731100" lon="-7.3649000"></trkpt>
      <trkpt lat="42.7733200" lon="-7.3658900"></trkpt>
      <trkpt lat="42.7731200" lon="-7.3668600"></trkpt>
      <trkpt lat="42.7730600" lon="-7.3686700"></trkpt>
      <trkpt lat="42.7731900" lon="-7.3714100"></trkpt>
      <trkpt lat="42.7734600" lon="-7.3728300"></trkpt>
      <trkpt lat="42.7734800" lon="-7.3745300"></trkpt>
      <trkpt lat="42.7738100" lon="-7.3756000"></trkpt>
      <trkpt lat="42.7740100" lon="-7.3775000"></trkpt>
      <trkpt lat="42.7748200" lon="-7.3798600"></trkpt>
      <trkpt lat="42.7756200" lon="-7.3829600"></trkpt>
      <trkpt lat="42.7763600" lon="-7.3840600"></trkpt>
      <trkpt lat="42.7760300" lon="-7.3894000"></trkpt>
      <trkpt lat="42.7763100" lon="-7.3931800"></trkpt>
      <trkpt lat="42.7760400" lon="-7.3986600"></trkpt>
      <trkpt lat="42.7755500" lon="-7.4007600"></trkpt>
      <trkpt lat="42.7757300" lon="-7.4029000"></trkpt>
      <trkpt lat="42.7755800" lon="-7.4042700"></trkpt>
      <trkpt lat="42.7759000" lon="-7.4056200"></trkpt>
      <trkpt lat="42.7756400" lon="-7.4063800"></trkpt>
      <trkpt lat="42.7778800" lon="-7.4096900"></trkpt>
      <trkpt lat="42.7777800" lon="-7.4100300"></trkpt>
      <trkpt lat="42.7780200" lon="-7.4121600"></trkpt>
      <trkpt lat="42.7776100" lon="-7.4130100"></trkpt>
      <trkpt lat="42.7779300" lon="-7.4136900"></trkpt>
      <trkpt lat="42.7792800" lon="-7.4156600"></trkpt>
      <trkpt lat="42.7807200" lon="-7.4193200"></trkpt>
      <trkpt lat="42.7812900" lon="-7.4216500"></trkpt>
      <trkpt lat="42.7811200" lon="-7.4237900"></trkpt>
      <trkpt lat="42.7809500" lon="-7.4241300"></trkpt>
      <trkpt lat="42.7795800" lon="-7.4244400"></trkpt>
      <trkpt lat="42.7784100" lon="-7.4254200"></trkpt>
      <trkpt lat="42.7774900" lon="-7.4267600"></trkpt>
      <trkpt lat="42.7788300" lon="-7.4265200"></trkpt>
      <trkpt lat="42.7779600" lon="-7.4277800"></trkpt>
      <trkpt lat="42.7777900" lon="-7.4294300"></trkpt>
      <trkpt lat="42.7781200" lon="-7.4315500"></trkpt>
      <trkpt lat="42.7780400" lon="-7.4322400"></trkpt>
      <trkpt lat="42.7783900" lon="-7.4340500"></trkpt>
      <trkpt lat="42.7785300" lon="-7.4384200"></trkpt>
      <trkpt lat="42.7787500" lon="-7.4390800"></trkpt>
      <trkpt lat="42.7805900" lon="-7.4425200"></trkpt>
      <trkpt lat="42.7813600" lon="-7.4446700"></trkpt>
      <trkpt lat="42.7820000" lon="-7.4457200"></trkpt>
      <trkpt lat="42.7825500" lon="-7.4495500"></trkpt>
      <trkpt lat="42.7818900" lon="-7.4507900"></trkpt>
      <trkpt lat="42.7817900" lon="-7.4513400"></trkpt>
      <trkpt lat="42.7816000" lon="-7.4553900"></trkpt>
      <trkpt lat="42.7818900" lon="-7.4567000"></trkpt>
      <trkpt lat="42.7822100" lon="-7.4572200"></trkpt>
      <trkpt lat="42.7825200" lon="-7.4585800"></trkpt>
      <trkpt lat="42.7836100" lon="-7.4601000"></trkpt>
      <trkpt lat="42.7838000" lon="-7.4606200"></trkpt>
      <trkpt lat="42.7837100" lon="-7.4630100"></trkpt>
      <trkpt lat="42.7833000" lon="-7.4650500"></trkpt>
      <trkpt lat="42.7828500" lon="-7.4663900"></trkpt>
      <trkpt lat="42.7820600" lon="-7.4679800"></trkpt>
      <trkpt lat="42.7803500" lon="-7.4728200"></trkpt>
      <trkpt lat="42.7812600" lon="-7.4741700"></trkpt>
      <trkpt lat="42.7815800" lon="-7.4752700"></trkpt>
      <trkpt lat="42.7813100" lon="-7.4774200"></trkpt>
      <trkpt lat="42.7805300" lon="-7.4780400"></trkpt>
      <trkpt lat="42.7804300" lon="-7.4795100"></trkpt>
      <trkpt lat="42.7805700" lon="-7.4805800"></trkpt>
      <trkpt lat="42.7810900" lon="-7.4818400"></trkpt>
      <trkpt lat="42.7804100" lon="-7.4832800"></trkpt>
      <trkpt lat="42.7810600" lon="-7.4839700"></trkpt>
      <trkpt lat="42.7809700" lon="-7.4875000"></trkpt>
      <trkpt lat="42.7811000" lon="-7.4889700"></trkpt>
      <trkpt lat="42.7809600" lon="-7.4913700"></trkpt>
      <trkpt lat="42.7805000" lon="-7.4934700"></trkpt>
      <trkpt lat="42.7802000" lon="-7.4940600"></trkpt>
      <trkpt lat="42.7809500" lon="-7.4955300"></trkpt>
      <trkpt lat="42.7805700" lon="-7.4959600"></trkpt>
      <trkpt lat="42.7798800" lon="-7.4958500"></trkpt>
      <trkpt lat="42.7795100" lon="-7.4963700"></trkpt>
      <trkpt lat="42.7790700" lon="-7.4990500"></trkpt>
      <trkpt lat="42.7778300" lon="-7.5004900"></trkpt>
      <trkpt lat="42.7772700" lon="-7.5029900"></trkpt>
      <trkpt lat="42.7774800" lon="-7.5046800"></trkpt>
      <trkpt lat="42.7771500" lon="-7.5060500"></trkpt>
      <trkpt lat="42.7783800" lon="-7.5081200"></trkpt>
      <trkpt lat="42.7788200" lon="-7.5086000"></trkpt>
      <trkpt lat="42.7784200" lon="-7.5095200"></trkpt>
      <trkpt lat="42.7787600" lon="-7.5113900"></trkpt>
      <trkpt lat="42.7786800" lon="-7.5125400"></trkpt>
      <trkpt lat="42.7790200" lon="-7.5137400"></trkpt>
      <trkpt lat="42.7789400" lon="-7.5144400"></trkpt>
      <trkpt lat="42.7795500" lon="-7.5157200"></trkpt>
      <trkpt lat="42.7797200" lon="-7.5168900"></trkpt>
      <trkpt lat="42.7804200" lon="-7.5192600"></trkpt>
      <trkpt lat="42.7810900" lon="-7.5199500"></trkpt>
      <trkpt lat="42.7814000" lon="-7.5206700"></trkpt>
      <trkpt lat="42.7821900" lon="-7.5212200"></trkpt>
      <trkpt lat="42.7827900" lon="-7.5210900"></trkpt>
      <trkpt lat="42.7835000" lon="-7.5213900"></trkpt>
      <trkpt lat="42.7840400" lon="-7.5210400"></trkpt>
      <trkpt lat="42.7849100" lon="-7.5215300"></trkpt>
      <trkpt lat="42.7852900" lon="-7.5222800"></trkpt>
      <trkpt lat="42.7839900" lon="-7.5257400"></trkpt>
      <trkpt lat="42.7840500" lon="-7.5263600"></trkpt>
      <trkpt lat="42.7836000" lon="-7.5275200"></trkpt>
      <trkpt lat="42.7839000" lon="-7.5296400"></trkpt>
      <trkpt lat="42.7838800" lon="-7.5307900"></trkpt>
      <trkpt lat="42.7834500" lon="-7.5319000"></trkpt>
      <trkpt lat="42.7836300" lon="-7.5334100"></trkpt>
      <trkpt lat="42.7834700" lon="-7.5334200"></trkpt>
      <trkpt lat="42.7835800" lon="-7.5352200"></trkpt>
      <trkpt lat="42.7838900" lon="-7.5373700"></trkpt>
      <trkpt lat="42.7845800" lon="-7.5401200"></trkpt>
      <trkpt lat="42.7853400" lon="-7.5416200"></trkpt>
      <trkpt lat="42.7855000" lon="-7.5430900"></trkpt>
      <trkpt lat="42.7862200" lon="-7.5445000"></trkpt>
      <trkpt lat="42.7859400" lon="-7.5454600"></trkpt>
      <trkpt lat="42.7845900" lon="-7.5472000"></trkpt>
      <trkpt lat="42.7840900" lon="-7.5484300"></trkpt>
      <trkpt lat="42.7839300" lon="-7.5499700"></trkpt>
      <trkpt lat="42.7842300" lon="-7.5508900"></trkpt>
      <trkpt lat="42.7842000" lon="-7.5524700"></trkpt>
      <trkpt lat="42.7838800" lon="-7.5540400"></trkpt>
      <trkpt lat="42.7828400" lon="-7.5554200"></trkpt>
      <trkpt lat="42.7829700" lon="-7.5563300"></trkpt>
      <trkpt lat="42.7833600" lon="-7.5568500"></trkpt>
      <trkpt lat="42.7843000" lon="-7.5574500"></trkpt>
      <trkpt lat="42.7846500" lon="-7.5583800"></trkpt>
      <trkpt lat="42.7845300" lon="-7.5590000"></trkpt>
      <trkpt lat="42.7858300" lon="-7.5605800"></trkpt>
      <trkpt lat="42.7864000" lon="-7.5623400"></trkpt>
      <trkpt lat="42.7869100" lon="-7.5628500"></trkpt>
      <trkpt lat="42.7862700" lon="-7.5634900"></trkpt>
      <trkpt lat="42.7873300" lon="-7.5641600"></trkpt>
      <trkpt lat="42.7879600" lon="-7.5657200"></trkpt>
      <trkpt lat="42.7881100" lon="-7.5665400"></trkpt>
      <trkpt lat="42.7887700" lon="-7.5679500"></trkpt>
      <trkpt lat="42.7888100" lon="-7.5693000"></trkpt>
      <trkpt lat="42.7895100" lon="-7.5707700"></trkpt>
      <trkpt lat="42.7903700" lon="-7.5716100"></trkpt>
      <trkpt lat="42.7909300" lon="-7.5725500"></trkpt>
      <trkpt lat="42.7909400" lon="-7.5745300"></trkpt>
      <trkpt lat="42.7910900" lon="-7.5758100"></trkpt>
      <trkpt lat="42.7908000" lon="-7.5782300"></trkpt>
      <trkpt lat="42.7908300" lon="-7.5796100"></trkpt>
      <trkpt lat="42.7911500" lon="-7.5821000"></trkpt>
      <trkpt lat="42.7914600" lon="-7.5833400"></trkpt>
      <trkpt lat="42.7931400" lon="-7.5846900"></trkpt>
      <trkpt lat="42.7940600" lon="-7.5871200"></trkpt>
      <trkpt lat="42.7943600" lon="-7.5901200"></trkpt>
      <trkpt lat="42.7942800" lon="-7.5912500"></trkpt>
      <trkpt lat="42.7948800" lon="-7.5935500"></trkpt>
      <trkpt lat="42.7953700" lon="-7.5963600"></trkpt>
      <trkpt lat="42.7952100" lon="-7.5970600"></trkpt>
      <trkpt lat="42.7955700" lon="-7.5985500"></trkpt>
      <trkpt lat="42.7956400" lon="-7.6007800"></trkpt>
      <trkpt lat="42.7963200" lon="-7.6032500"></trkpt>
      <trkpt lat="42.7963100" lon="-7.6053900"></trkpt>
      <trkpt lat="42.7965400" lon="-7.6065000"></trkpt>
      <trkpt lat="42.7970600" lon="-7.6073400"></trkpt>
      <trkpt lat="42.7965900" lon="-7.6088500"></trkpt>
      <trkpt lat="42.7977400" lon="-7.6081300"></trkpt>
      <trkpt lat="42.7983300" lon="-7.6086300"></trkpt>
      <trkpt lat="42.7991000" lon="-7.6087900"></trkpt>
      <trkpt lat="42.7996100" lon="-7.6104800"></trkpt>
      <trkpt lat="42.8003500" lon="-7.6109400"></trkpt>
      <trkpt lat="42.8004700" lon="-7.6117700"></trkpt>
      <trkpt lat="42.8010400" lon="-7.6119800"></trkpt>
      <trkpt lat="42.8011100" lon="-7.6125500"></trkpt>
      <trkpt lat="42.8021900" lon="-7.6134000"></trkpt>
      <trkpt lat="42.8021200" lon="-7.6150400"></trkpt>
      <trkpt lat="42.8049000" lon="-7.6168500"></trkpt>
      <trkpt lat="42.8053400" lon="-7.6184900"></trkpt>
      <trkpt lat="42.8060500" lon="-7.6191600"></trkpt>
      <trkpt lat="42.8063400" lon="-7.6199600"></trkpt>
      <trkpt lat="42.8065600" lon="-7.6224000"></trkpt>
      <trkpt lat="42.8076900" lon="-7.6267600"></trkpt>
      <trkpt lat="42.8081700" lon="-7.6280800"></trkpt>
      <trkpt lat="42.8085900" lon="-7.6286600"></trkpt>
      <trkpt lat="42.8101600" lon="-7.6298900"></trkpt>
      <trkpt lat="42.8103800" lon="-7.6303800"></trkpt>
      <trkpt lat="42.8101600" lon="-7.6319800"></trkpt>
      <trkpt lat="42.8095500" lon="-7.6331500"></trkpt>
      <trkpt lat="42.8090900" lon="-7.6346500"></trkpt>
      <trkpt lat="42.8080100" lon="-7.6375600"></trkpt>
      <trkpt lat="42.8079100" lon="-7.6387900"></trkpt>
      <trkpt lat="42.8082000" lon="-7.6397500"></trkpt>
      <trkpt lat="42.8095500" lon="-7.6421100"></trkpt>
      <trkpt lat="42.8116000" lon="-7.6460100"></trkpt>
      <trkpt lat="42.8116900" lon="-7.6464600"></trkpt>
      <trkpt lat="42.8120100" lon="-7.6571700"></trkpt>
      <trkpt lat="42.8120800" lon="-7.6580800"></trkpt>
      <trkpt lat="42.8128800" lon="-7.6629600"></trkpt>
      <trkpt lat="42.8155300" lon="-7.6688600"></trkpt>
      <trkpt lat="42.8160400" lon="-7.6698600"></trkpt>
      <trkpt lat="42.8206900" lon="-7.6782300"></trkpt>
      <trkpt lat="42.8213400" lon="-7.6800800"></trkpt>
      <trkpt lat="42.8222300" lon="-7.6859400"></trkpt>
      <trkpt lat="42.8223900" lon="-7.6864300"></trkpt>
      <trkpt lat="42.8244800" lon="-7.6901000"></trkpt>
      <trkpt lat="42.8248700" lon="-7.6910500"></trkpt>
      <trkpt lat="42.8262600" lon="-7.6956100"></trkpt>
      <trkpt lat="42.8265600" lon="-7.6962500"></trkpt>
      <trkpt lat="42.8292100" lon="-7.7006300"></trkpt>
      <trkpt lat="42.8306100" lon="-7.7034100"></trkpt>
      <trkpt lat="42.8311700" lon="-7.7040800"></trkpt>
      <trkpt lat="42.8339100" lon="-7.7068600"></trkpt>
      <trkpt lat="42.8347600" lon="-7.7083100"></trkpt>
      <trkpt lat="42.8349500" lon="-7.7090900"></trkpt>
      <trkpt lat="42.8350800" lon="-7.7118500"></trkpt>
      <trkpt lat="42.8353700" lon="-7.7145100"></trkpt>
      <trkpt lat="42.8354800" lon="-7.7215700"></trkpt>
      <trkpt lat="42.8355900" lon="-7.7222800"></trkpt>
      <trkpt lat="42.8377800" lon="-7.7289600"></trkpt>
      <trkpt lat="42.8384000" lon="-7.7301000"></trkpt>
      <trkpt lat="42.8389000" lon="-7.7306100"></trkpt>
      <trkpt lat="42.8419500" lon="-7.7332300"></trkpt>
      <trkpt lat="42.8424900" lon="-7.7344100"></trkpt>
      <trkpt lat="42.8419100" lon="-7.7354700"></trkpt>
      <trkpt lat="42.8425300" lon="-7.7374600"></trkpt>
      <trkpt lat="42.8428400" lon="-7.7409800"></trkpt>
      <trkpt lat="42.8432500" lon="-7.7422700"></trkpt>
      <trkpt lat="42.8434400" lon="-7.7452000"></trkpt>
      <trkpt lat="42.8436400" lon="-7.7462900"></trkpt>
      <trkpt lat="42.8443100" lon="-7.7479800"></trkpt>
      <trkpt lat="42.8443500" lon="-7.7491400"></trkpt>
      <trkpt lat="42.8449600" lon="-7.7508900"></trkpt>
      <trkpt lat="42.8454700" lon="-7.7529300"></trkpt>
      <trkpt lat="42.8455100" lon="-7.7542300"></trkpt>
      <trkpt lat="42.8458400" lon="-7.7556800"></trkpt>
      <trkpt lat="42.8465100" lon="-7.7567000"></trkpt>
      <trkpt lat="42.8479700" lon="-7.7580100"></trkpt>
      <trkpt lat="42.8495100" lon="-7.7600600"></trkpt>
      <trkpt lat="42.8508600" lon="-7.7638400"></trkpt>
      <trkpt lat="42.8517100" lon="-7.7674900"></trkpt>
      <trkpt lat="42.8525600" lon="-7.7700300"></trkpt>
      <trkpt lat="42.8525400" lon="-7.7720800"></trkpt>
      <trkpt lat="42.8528200" lon="-7.7728200"></trkpt>
      <trkpt lat="42.8538400" lon="-7.7740700"></trkpt>
      <trkpt lat="42.8547500" lon="-7.7757500"></trkpt>
      <trkpt lat="42.8555100" lon="-7.7775600"></trkpt>
      <trkpt lat="42.8563500" lon="-7.7779000"></trkpt>
      <trkpt lat="42.8577300" lon="-7.7790700"></trkpt>
      <trkpt lat="42.8590100" lon="-7.7799300"></trkpt>
      <trkpt lat="42.8599800" lon="-7.7813600"></trkpt>
      <trkpt lat="42.8602900" lon="-7.7814300"></trkpt>
      <trkpt lat="42.8622100" lon="-7.7834400"></trkpt>
      <trkpt lat="42.8626500" lon="-7.7848800"></trkpt>
      <trkpt lat="42.8634100" lon="-7.7853200"></trkpt>
      <trkpt lat="42.8654900" lon="-7.7875400"></trkpt>
      <trkpt lat="42.8656500" lon="-7.7888000"></trkpt>
      <trkpt lat="42.8655400" lon="-7.7902700"></trkpt>
      <trkpt lat="42.8660200" lon="-7.7916700"></trkpt>
      <trkpt lat="42.8662700" lon="-7.7937300"></trkpt>
      <trkpt lat="42.8675500" lon="-7.7963200"></trkpt>
      <trkpt lat="42.8683700" lon="-7.7977800"></trkpt>
      <trkpt lat="42.8709400" lon="-7.8009900"></trkpt>
      <trkpt lat="42.8719800" lon="-7.8035400"></trkpt>
      <trkpt lat="42.8737200" lon="-7.8057200"></trkpt>
      <trkpt lat="42.8734800" lon="-7.8075700"></trkpt>
      <trkpt lat="42.8737400" lon="-7.8084900"></trkpt>
      <trkpt lat="42.8730600" lon="-7.8105700"></trkpt>
      <trkpt lat="42.8723100" lon="-7.8119900"></trkpt>
      <trkpt lat="42.8721900" lon="-7.8142600"></trkpt>
      <trkpt lat="42.8716000" lon="-7.8165400"></trkpt>
      <trkpt lat="42.8718300" lon="-7.8183000"></trkpt>
      <trkpt lat="42.8723500" lon="-7.8212200"></trkpt>
      <trkpt lat="42.8725600" lon="-7.8217200"></trkpt>
      <trkpt lat="42.8731100" lon="-7.8217500"></trkpt>
      <trkpt lat="42.8729400" lon="-7.8227300"></trkpt>
      <trkpt lat="42.8729600" lon="-7.8250400"></trkpt>
      <trkpt lat="42.8734000" lon="-7.8265000"></trkpt>
      <trkpt lat="42.8738300" lon="-7.8271000"></trkpt>
      <trkpt lat="42.8747800" lon="-7.8290800"></trkpt>
      <trkpt lat="42.8751200" lon="-7.8294400"></trkpt>
      <trkpt lat="42.8754900" lon="-7.8306300"></trkpt>
      <trkpt lat="42.8758400" lon="-7.8326200"></trkpt>
      <trkpt lat="42.8759800" lon="-7.8347900"></trkpt>
      <trkpt lat="42.8758700" lon="-7.8359300"></trkpt>
      <trkpt lat="42.8760600" lon="-7.8364000"></trkpt>
      <trkpt lat="42.8746700" lon="-7.8426300"></trkpt>
      <trkpt lat="42.8744200" lon="-7.8446800"></trkpt>
      <trkpt lat="42.8743000" lon="-7.8485600"></trkpt>
      <trkpt lat="42.8743700" lon="-7.8491100"></trkpt>
      <trkpt lat="42.8754300" lon="-7.8529200"></trkpt>
      <trkpt lat="42.8754000" lon="-7.8540300"></trkpt>
      <trkpt lat="42.8751100" lon="-7.8563500"></trkpt>
      <trkpt lat="42.8759200" lon="-7.8618100"></trkpt>
      <trkpt lat="42.8758800" lon="-7.8633400"></trkpt>
      <trkpt lat="42.8755000" lon="-7.8662900"></trkpt>
      <trkpt lat="42.8740100" lon="-7.8690000"></trkpt>
      <trkpt lat="42.8728800" lon="-7.8691100"></trkpt>
      <trkpt lat="42.8727100" lon="-7.8697500"></trkpt>
      <trkpt lat="42.8737500" lon="-7.8709700"></trkpt>
      <trkpt lat="42.8739100" lon="-7.8724800"></trkpt>
      <trkpt lat="42.8729900" lon="-7.8771400"></trkpt>
      <trkpt lat="42.8725700" lon="-7.8798000"></trkpt>
      <trkpt lat="42.8724600" lon="-7.8811800"></trkpt>
      <trkpt lat="42.8721300" lon="-7.8822000"></trkpt>
      <trkpt lat="42.8708500" lon="-7.8841100"></trkpt>
      <trkpt lat="42.8704100" lon="-7.8855700"></trkpt>
      <trkpt lat="42.8702000" lon="-7.8890700"></trkpt>
      <trkpt lat="42.8703000" lon="-7.8908900"></trkpt>
      <trkpt lat="42.8710300" lon="-7.8919800"></trkpt>
      <trkpt lat="42.8721600" lon="-7.8924500"></trkpt>
      <trkpt lat="42.8727000" lon="-7.8929900"></trkpt>
      <trkpt lat="42.8735600" lon="-7.8943000"></trkpt>
      <trkpt lat="42.8749700" lon="-7.8958500"></trkpt>
      <trkpt lat="42.8756400" lon="-7.8972100"></trkpt>
      <trkpt lat="42.8755400" lon="-7.8978400"></trkpt>
      <trkpt lat="42.8761600" lon="-7.8988600"></trkpt>
      <trkpt lat="42.8775200" lon="-7.9000000"></trkpt>
      <trkpt lat="42.8779900" lon="-7.9007900"></trkpt>
      <trkpt lat="42.8785500" lon="-7.9025400"></trkpt>
      <trkpt lat="42.8818700" lon="-7.9068700"></trkpt>
      <trkpt lat="42.8837400" lon="-7.9082900"></trkpt>
      <trkpt lat="42.8847200" lon="-7.9086400"></trkpt>
      <trkpt lat="42.8853600" lon="-7.9093300"></trkpt>
      <trkpt lat="42.8860400" lon="-7.9109500"></trkpt>
      <trkpt lat="42.8863200" lon="-7.9122600"></trkpt>
      <trkpt lat="42.8859900" lon="-7.9142700"></trkpt>
      <trkpt lat="42.8859200" lon="-7.9154200"></trkpt>
      <trkpt lat="42.8865300" lon="-7.9188300"></trkpt>
      <trkpt lat="42.8890600" lon="-7.9240800"></trkpt>
      <trkpt lat="42.8895800" lon="-7.9257600"></trkpt>
      <trkpt lat="42.8904400" lon="-7.9277600"></trkpt>
      <trkpt lat="42.8904800" lon="-7.9288300"></trkpt>
      <trkpt lat="42.8897700" lon="-7.9329400"></trkpt>
      <trkpt lat="42.8898000" lon="-7.9358200"></trkpt>
      <trkpt lat="42.8903700" lon="-7.9389200"></trkpt>
      <trkpt lat="42.8904200" lon="-7.9396900"></trkpt>
      <trkpt lat="42.8900800" lon="-7.9411800"></trkpt>
      <trkpt lat="42.8887200" lon="-7.9440500"></trkpt>
      <trkpt lat="42.8873900" lon="-7.9483100"></trkpt>
      <trkpt lat="42.8852600" lon="-7.9527300"></trkpt>
      <trkpt lat="42.8848600" lon="-7.9563900"></trkpt>
      <trkpt lat="42.8852600" lon="-7.9587900"></trkpt>
      <trkpt lat="42.8855800" lon="-7.9596400"></trkpt>
      <trkpt lat="42.8863400" lon="-7.9606800"></trkpt>
      <trkpt lat="42.8890100" lon="-7.9631000"></trkpt>
      <trkpt lat="42.8897000" lon="-7.9639800"></trkpt>
      <trkpt lat="42.8906600" lon="-7.9666200"></trkpt>
      <trkpt lat="42.8912900" lon="-7.9679600"></trkpt>
      <trkpt lat="42.8939000" lon="-7.9730200"></trkpt>
      <trkpt lat="42.8979800" lon="-7.9807400"></trkpt>
      <trkpt lat="42.9005000" lon="-7.9856700"></trkpt>
      <trkpt lat="42.9028000" lon="-7.9900400"></trkpt>
      <trkpt lat="42.9032700" lon="-7.9905700"></trkpt>
      <trkpt lat="42.9045100" lon="-7.9910900"></trkpt>
      <trkpt lat="42.9048900" lon="-7.9923000"></trkpt>
      <trkpt lat="42.9069500" lon="-7.9950000"></trkpt>
      <trkpt lat="42.9077200" lon="-7.9957400"></trkpt>
      <trkpt lat="42.9082000" lon="-7.9980300"></trkpt>
      <trkpt lat="42.9081900" lon="-7.9987700"></trkpt>
      <trkpt lat="42.9087900" lon="-7.9987800"></trkpt>
      <trkpt lat="42.9092600" lon="-7.9999800"></trkpt>
      <trkpt lat="42.9090800" lon="-8.0018300"></trkpt>
      <trkpt lat="42.9091900" lon="-8.0025700"></trkpt>
      <trkpt lat="42.9101300" lon="-8.0038200"></trkpt>
      <trkpt lat="42.9119100" lon="-8.0083700"></trkpt>
      <trkpt lat="42.9120600" lon="-8.0095300"></trkpt>
      <trkpt lat="42.9127600" lon="-8.0111600"></trkpt>
      <trkpt lat="42.9132800" lon="-8.0115200"></trkpt>
      <trkpt lat="42.9138200" lon="-8.0145800"></trkpt>
      <trkpt lat="42.9138000" lon="-8.0151500"></trkpt>
      <trkpt lat="42.9127700" lon="-8.0187000"></trkpt>
      <trkpt lat="42.9122500" lon="-8.0195800"></trkpt>
      <trkpt lat="42.9120200" lon="-8.0206200"></trkpt>
      <trkpt lat="42.9123300" lon="-8.0217400"></trkpt>
      <trkpt lat="42.9134400" lon="-8.0296300"></trkpt>
      <trkpt lat="42.9143500" lon="-8.0341200"></trkpt>
      <trkpt lat="42.9150800" lon="-8.0366200"></trkpt>
      <trkpt lat="42.9158900" lon="-8.0378600"></trkpt>
      <trkpt lat="42.9187200" lon="-8.0402200"></trkpt>
      <trkpt lat="42.9191800" lon="-8.0416500"></trkpt>
      <trkpt lat="42.9189700" lon="-8.0426200"></trkpt>
      <trkpt lat="42.9177500" lon="-8.0443800"></trkpt>
      <trkpt lat="42.9171800" lon="-8.0467000"></trkpt>
      <trkpt lat="42.9171900" lon="-8.0483600"></trkpt>
      <trkpt lat="42.9176600" lon="-8.0517400"></trkpt>
      <trkpt lat="42.9179100" lon="-8.0552000"></trkpt>
      <trkpt lat="42.9184400" lon="-8.0593600"></trkpt>
      <trkpt lat="42.9189800" lon="-8.0602500"></trkpt>
      <trkpt lat="42.9198200" lon="-8.0607300"></trkpt>
      <trkpt lat="42.9204100" lon="-8.0616300"></trkpt>
      <trkpt lat="42.9204500" lon="-8.0623300"></trkpt>
      <trkpt lat="42.9198200" lon="-8.0660400"></trkpt>
      <trkpt lat="42.9192600" lon="-8.0680100"></trkpt>
      <trkpt lat="42.9181400" lon="-8.0714600"></trkpt>
      <trkpt lat="42.9164400" lon="-8.0753000"></trkpt>
      <trkpt lat="42.9161200" lon="-8.0767700"></trkpt>
      <trkpt lat="42.9160000" lon="-8.0809400"></trkpt>
      <trkpt lat="42.9155400" lon="-8.0832900"></trkpt>
      <trkpt lat="42.9158400" lon="-8.0844600"></trkpt>
      <trkpt lat="42.9164000" lon="-8.0849800"></trkpt>
      <trkpt lat="42.9177200" lon="-8.0850200"></trkpt>
      <trkpt lat="42.9189200" lon="-8.0856300"></trkpt>
      <trkpt lat="42.9193800" lon="-8.0862900"></trkpt>
      <trkpt lat="42.9197800" lon="-8.0878600"></trkpt>
      <trkpt lat="42.9195800" lon="-8.0897700"></trkpt>
      <trkpt lat="42.9197400" lon="-8.0910200"></trkpt>
      <trkpt lat="42.9200600" lon="-8.0917100"></trkpt>
      <trkpt lat="42.9207600" lon="-8.0923500"></trkpt>
      <trkpt lat="42.9234400" lon="-8.0929400"></trkpt>
      <trkpt lat="42.9243600" lon="-8.0939800"></trkpt>
      <trkpt lat="42.9238400" lon="-8.0946900"></trkpt>
      <trkpt lat="42.9242600" lon="-8.0954000"></trkpt>
      <trkpt lat="42.9247700" lon="-8.0973300"></trkpt>
      <trkpt lat="42.9245400" lon="-8.0982300"></trkpt>
      <trkpt lat="42.9247300" lon="-8.0992400"></trkpt>
      <trkpt lat="42.9246700" lon="-8.1016400"></trkpt>
      <trkpt lat="42.9253300" lon="-8.1036800"></trkpt>
      <trkpt lat="42.9258300" lon="-8.1041100"></trkpt>
      <trkpt lat="42.9267600" lon="-8.1042100"></trkpt>
      <trkpt lat="42.9267500" lon="-8.1045400"></trkpt>
      <trkpt lat="42.9281700" lon="-8.1096900"></trkpt>
      <trkpt lat="42.9280100" lon="-8.1112600"></trkpt>
      <trkpt lat="42.9271200" lon="-8.1125600"></trkpt>
      <trkpt lat="42.9279100" lon="-8.1130500"></trkpt>
      <trkpt lat="42.9286800" lon="-8.1141300"></trkpt>
      <trkpt lat="42.9295500" lon="-8.1190800"></trkpt>
      <trkpt lat="42.9294600" lon="-8.1203500"></trkpt>
      <trkpt lat="42.9296700" lon="-8.1206600"></trkpt>
      <trkpt lat="42.9302000" lon="-8.1229800"></trkpt>
      <trkpt lat="42.9302600" lon="-8.1250500"></trkpt>
      <trkpt lat="42.9308200" lon="-8.1261400"></trkpt>
      <trkpt lat="42.9310400" lon="-8.1276800"></trkpt>
      <trkpt lat="42.9310200" lon="-8.1297800"></trkpt>
      <trkpt lat="42.9305400" lon="-8.1310500"></trkpt>
      <trkpt lat="42.9305000" lon="-8.1319800"></trkpt>
      <trkpt lat="42.9310000" lon="-8.1346400"></trkpt>
      <trkpt lat="42.9304800" lon="-8.1354100"></trkpt>
      <trkpt lat="42.9313600" lon="-8.1364100"></trkpt>
      <trkpt lat="42.9314700" lon="-8.1388800"></trkpt>
      <trkpt lat="42.9311300" lon="-8.1401400"></trkpt>
      <trkpt lat="42.9302700" lon="-8.1412800"></trkpt>
      <trkpt lat="42.9300500" lon="-8.1420800"></trkpt>
      <trkpt lat="42.9300400" lon="-8.1439000"></trkpt>
      <trkpt lat="42.9301500" lon="-8.1513800"></trkpt>
      <trkpt lat="42.9296900" lon="-8.1541000"></trkpt>
      <trkpt lat="42.9275800" lon="-8.1596900"></trkpt>
      <trkpt lat="42.9266700" lon="-8.1625200"></trkpt>
      <trkpt lat="42.9266500" lon="-8.1629700"></trkpt>
      <trkpt lat="42.9271000" lon="-8.1657000"></trkpt>
      <trkpt lat="42.9278200" lon="-8.1668400"></trkpt>
      <trkpt lat="42.9280800" lon="-8.1683600"></trkpt>
      <trkpt lat="42.9284700" lon="-8.1689200"></trkpt>
      <trkpt lat="42.9301100" lon="-8.1695900"></trkpt>
      <trkpt lat="42.9302400" lon="-8.1704200"></trkpt>
      <trkpt lat="42.9287800" lon="-8.1731400"></trkpt>
      <trkpt lat="42.9280000" lon="-8.1766300"></trkpt>
      <trkpt lat="42.9282600" lon="-8.1778200"></trkpt>
      <trkpt lat="42.9288300" lon="-8.1783400"></trkpt>
      <trkpt lat="42.9302600" lon="-8.1791100"></trkpt>
      <trkpt lat="42.9305400" lon="-8.1797600"></trkpt>
      <trkpt lat="42.9304600" lon="-8.1809200"></trkpt>
      <trkpt lat="42.9299800" lon="-8.1816100"></trkpt>
      <trkpt lat="42.9291200" lon="-8.1822100"></trkpt>
      <trkpt lat="42.9282700" lon="-8.1831700"></trkpt>
      <trkpt lat="42.9275000" lon="-8.1861700"></trkpt>
      <trkpt lat="42.9271400" lon="-8.1866700"></trkpt>
      <trkpt lat="42.9273100" lon="-8.1871800"></trkpt>
      <trkpt lat="42.9287900" lon="-8.1882400"></trkpt>
      <trkpt lat="42.9283600" lon="-8.1894500"></trkpt>
      <trkpt lat="42.9289100" lon="-8.1930100"></trkpt>
      <trkpt lat="42.9284400" lon="-8.1938400"></trkpt>
      <trkpt lat="42.9294000" lon="-8.1968600"></trkpt>
      <trkpt lat="42.9289100" lon="-8.1968900"></trkpt>
      <trkpt lat="42.9287000" lon="-8.1978500"></trkpt>
      <trkpt lat="42.9277200" lon="-8.2010100"></trkpt>
      <trkpt lat="42.9278000" lon="-8.2026000"></trkpt>
      <trkpt lat="42.9275400" lon="-8.2040100"></trkpt>
      <trkpt lat="42.9274200" lon="-8.2055900"></trkpt>
      <trkpt lat="42.9276200" lon="-8.2077700"></trkpt>
      <trkpt lat="42.9281600" lon="-8.2090500"></trkpt>
      <trkpt lat="42.9286400" lon="-8.2106300"></trkpt>
      <trkpt lat="42.9288400" lon="-8.2138100"></trkpt>
      <trkpt lat="42.9280000" lon="-8.2158100"></trkpt>
      <trkpt lat="42.9281400" lon="-8.2166100"></trkpt>
      <trkpt lat="42.9288900" lon="-8.2184800"></trkpt>
      <trkpt lat="42.9303000" lon="-8.2214700"></trkpt>
      <trkpt lat="42.9311300" lon="-8.2234400"></trkpt>
      <trkpt lat="42.9315700" lon="-8.2238900"></trkpt>
      <trkpt lat="42.9314500" lon="-8.2246800"></trkpt>
      <trkpt lat="42.9320200" lon="-8.2267500"></trkpt>
      <trkpt lat="42.9323200" lon="-8.2294700"></trkpt>
      <trkpt lat="42.9328200" lon="-8.2325200"></trkpt>
      <trkpt lat="42.9329100" lon="-8.2356600"></trkpt>
      <trkpt lat="42.9336300" lon="-8.2360200"></trkpt>
      <trkpt lat="42.9333300" lon="-8.2399000"></trkpt>
      <trkpt lat="42.9326300" lon="-8.2402600"></trkpt>
      <trkpt lat="42.9323900" lon="-8.2411700"></trkpt>
      <trkpt lat="42.9322700" lon="-8.2455000"></trkpt>
      <trkpt lat="42.9324300" lon="-8.2471900"></trkpt>
      <trkpt lat="42.9329500" lon="-8.2504500"></trkpt>
      <trkpt lat="42.9331400" lon="-8.2511600"></trkpt>
      <trkpt lat="42.9337400" lon="-8.2519100"></trkpt>
      <trkpt lat="42.9335000" lon="-8.2528800"></trkpt>
      <trkpt lat="42.9336500" lon="-8.2566900"></trkpt>
      <trkpt lat="42.9333500" lon="-8.2598800"></trkpt>
      <trkpt lat="42.9325400" lon="-8.2638800"></trkpt>
      <trkpt lat="42.9320100" lon="-8.2678400"></trkpt>
      <trkpt lat="42.9318100" lon="-8.2701300"></trkpt>
      <trkpt lat="42.9321700" lon="-8.2713800"></trkpt>
      <trkpt lat="42.9314300" lon="-8.2725900"></trkpt>
      <trkpt lat="42.9314200" lon="-8.2735300"></trkpt>
      <trkpt lat="42.9308500" lon="-8.2767800"></trkpt>
      <trkpt lat="42.9308800" lon="-8.2786100"></trkpt>
      <trkpt lat="42.9312500" lon="-8.2804500"></trkpt>
      <trkpt lat="42.9306300" lon="-8.2813300"></trkpt>
      <trkpt lat="42.9301100" lon="-8.2846300"></trkpt>
      <trkpt lat="42.9303700" lon="-8.2862000"></trkpt>
      <trkpt lat="42.9289800" lon="-8.2866500"></trkpt>
      <trkpt lat="42.9294000" lon="-8.2875000"></trkpt>
      <trkpt lat="42.9294400" lon="-8.2894100"></trkpt>
      <trkpt lat="42.9297300" lon="-8.2923300"></trkpt>
      <trkpt lat="42.9293800" lon="-8.2932800"></trkpt>
      <trkpt lat="42.9297900" lon="-8.2941700"></trkpt>
      <trkpt lat="42.9298100" lon="-8.2974000"></trkpt>
      <trkpt lat="42.9294200" lon="-8.2999500"></trkpt>
      <trkpt lat="42.9289900" lon="-8.3006700"></trkpt>
      <trkpt lat="42.9290600" lon="-8.3018800"></trkpt>
      <trkpt lat="42.9286600" lon="-8.3037700"></trkpt>
      <trkpt lat="42.9282100" lon="-8.3069300"></trkpt>
      <trkpt lat="42.9281600" lon="-8.3118400"></trkpt>
      <trkpt lat="42.9276900" lon="-8.3143900"></trkpt>
      <trkpt lat="42.9269300" lon="-8.3191900"></trkpt>
      <trkpt lat="42.9262800" lon="-8.3217400"></trkpt>
      <trkpt lat="42.9264100" lon="-8.3230100"></trkpt>
      <trkpt lat="42.9266800" lon="-8.3235300"></trkpt>
      <trkpt lat="42.9270100" lon="-8.3272900"></trkpt>
      <trkpt lat="42.9269800" lon="-8.3307400"></trkpt>
      <trkpt lat="42.9265600" lon="-8.3340600"></trkpt>
      <trkpt lat="42.9256000" lon="-8.3375200"></trkpt>
      <trkpt lat="42.9253700" lon="-8.3379200"></trkpt>
      <trkpt lat="42.9255600" lon="-8.3392200"></trkpt>
      <trkpt lat="42.9251000" lon="-8.3437600"></trkpt>
      <trkpt lat="42.9243700" lon="-8.3470400"></trkpt>
      <trkpt lat="42.9231600" lon="-8.3504700"></trkpt>
      <trkpt lat="42.9227700" lon="-8.3525800"></trkpt>
      <trkpt lat="42.9226300" lon="-8.3561600"></trkpt>
      <trkpt lat="42.9219900" lon="-8.3599100"></trkpt>
      <trkpt lat="42.9213800" lon="-8.3622900"></trkpt>
      <trkpt lat="42.9204900" lon="-8.3644300"></trkpt>
      <trkpt lat="42.9195500" lon="-8.3662800"></trkpt>
      <trkpt lat="42.9184900" lon="-8.3680600"></trkpt>
      <trkpt lat="42.9173700" lon="-8.3679700"></trkpt>
      <trkpt lat="42.9179800" lon="-8.3691600"></trkpt>
      <trkpt lat="42.9171100" lon="-8.3728000"></trkpt>
      <trkpt lat="42.9166300" lon="-8.3739600"></trkpt>
      <trkpt lat="42.9159800" lon="-8.3769500"></trkpt>
      <trkpt lat="42.9153100" lon="-8.3772900"></trkpt>
      <trkpt lat="42.9156700" lon="-8.3790400"></trkpt>
      <trkpt lat="42.9154000" lon="-8.3836500"></trkpt>
      <trkpt lat="42.9151800" lon="-8.3849100"></trkpt>
      <trkpt lat="42.9153800" lon="-8.3872100"></trkpt>
      <trkpt lat="42.9152300" lon="-8.3882800"></trkpt>
      <trkpt lat="42.9155800" lon="-8.3889200"></trkpt>
      <trkpt lat="42.9155400" lon="-8.3944300"></trkpt>
      <trkpt lat="42.9154100" lon="-8.3948200"></trkpt>
      <trkpt lat="42.9157800" lon="-8.3960100"></trkpt>
      <trkpt lat="42.9154900" lon="-8.3987500"></trkpt>
      <trkpt lat="42.9149600" lon="-8.3997300"></trkpt>
      <trkpt lat="42.9143200" lon="-8.3995000"></trkpt>
      <trkpt lat="42.9133100" lon="-8.4000000"></trkpt>
      <trkpt lat="42.9128400" lon="-8.3998000"></trkpt>
      <trkpt lat="42.9119900" lon="-8.4003300"></trkpt>
      <trkpt lat="42.9109700" lon="-8.3994800"></trkpt>
      <trkpt lat="42.9103900" lon="-8.4056400"></trkpt>
      <trkpt lat="42.9110900" lon="-8.4064300"></trkpt>
      <trkpt lat="42.9121500" lon="-8.4072300"></trkpt>
      <trkpt lat="42.9127300" lon="-8.4087300"></trkpt>
      <trkpt lat="42.9132300" lon="-8.4094500"></trkpt>
      <trkpt lat="42.9143900" lon="-8.4104500"></trkpt>
      <trkpt lat="42.9142300" lon="-8.4118700"></trkpt>
      <trkpt lat="42.9137500" lon="-8.4142300"></trkpt>
      <trkpt lat="42.9137400" lon="-8.4200800"></trkpt>
      <trkpt lat="42.9135500" lon="-8.4207700"></trkpt>
      <trkpt lat="42.9136100" lon="-8.4220100"></trkpt>
      <trkpt lat="42.9132100" lon="-8.4231400"></trkpt>
      <trkpt lat="42.9126500" lon="-8.4238300"></trkpt>
      <trkpt lat="42.9114900" lon="-8.4243200"></trkpt>
      <trkpt lat="42.9108500" lon="-8.4242300"></trkpt>
      <trkpt lat="42.9086700" lon="-8.4234100"></trkpt>
      <trkpt lat="42.9090000" lon="-8.4254700"></trkpt>
      <trkpt lat="42.9088400" lon="-8.4262600"></trkpt>
      <trkpt lat="42.9084800" lon="-8.4263200"></trkpt>
      <trkpt lat="42.9080400" lon="-8.4271800"></trkpt>
      <trkpt lat="42.9073300" lon="-8.4276600"></trkpt>
      <trkpt lat="42.9065300" lon="-8.4294000"></trkpt>
      <trkpt lat="42.9055300" lon="-8.4307000"></trkpt>
      <trkpt lat="42.9053300" lon="-8.4318200"></trkpt>
      <trkpt lat="42.9046400" lon="-8.4330000"></trkpt>
      <trkpt lat="42.9041900" lon="-8.4350900"></trkpt>
      <trkpt lat="42.9024200" lon="-8.4376800"></trkpt>
      <trkpt lat="42.9019600" lon="-8.4386400"></trkpt>
      <trkpt lat="42.9019100" lon="-8.4395800"></trkpt>
      <trkpt lat="42.9014900" lon="-8.4426500"></trkpt>
      <trkpt lat="42.9010600" lon="-8.4435400"></trkpt>
      <trkpt lat="42.9002000" lon="-8.4475300"></trkpt>
      <trkpt lat="42.8997900" lon="-8.4473500"></trkpt>
      <trkpt lat="42.8997100" lon="-8.4482500"></trkpt>
      <trkpt lat="42.8998500" lon="-8.4518600"></trkpt>
      <trkpt lat="42.8996600" lon="-8.4565100"></trkpt>
      <trkpt lat="42.8996400" lon="-8.4583900"></trkpt>
      <trkpt lat="42.8989800" lon="-8.4609300"></trkpt>
      <trkpt lat="42.8989800" lon="-8.4617900"></trkpt>
      <trkpt lat="42.8993500" lon="-8.4636700"></trkpt>
      <trkpt lat="42.8992700" lon="-8.4646600"></trkpt>
      <trkpt lat="42.8989400" lon="-8.4654500"></trkpt>
      <trkpt lat="42.8981200" lon="-8.4661700"></trkpt>
      <trkpt lat="42.8968900" lon="-8.4669600"></trkpt>
      <trkpt lat="42.8966200" lon="-8.4679200"></trkpt>
      <trkpt lat="42.8965500" lon="-8.4704900"></trkpt>
      <trkpt lat="42.8953500" lon="-8.4732600"></trkpt>
      <trkpt lat="42.8943800" lon="-8.4758700"></trkpt>
      <trkpt lat="42.8941000" lon="-8.4769300"></trkpt>
      <trkpt lat="42.8939700" lon="-8.4786800"></trkpt>
      <trkpt lat="42.8932500" lon="-8.4820000"></trkpt>
      <trkpt lat="42.8924300" lon="-8.4868600"></trkpt>
      <trkpt lat="42.8923400" lon="-8.4882800"></trkpt>
      <trkpt lat="42.8924700" lon="-8.4939700"></trkpt>
      <trkpt lat="42.8923700" lon="-8.4955400"></trkpt>
      <trkpt lat="42.8920900" lon="-8.4975600"></trkpt>
      <trkpt lat="42.8916400" lon="-8.4983000"></trkpt>
      <trkpt lat="42.8905800" lon="-8.4990500"></trkpt>
      <trkpt lat="42.8901900" lon="-8.4995800"></trkpt>
      <trkpt lat="42.8896500" lon="-8.5009900"></trkpt>
      <trkpt lat="42.8884300" lon="-8.5034900"></trkpt>
      <trkpt lat="42.8871200" lon="-8.5047300"></trkpt>
      <trkpt lat="42.8867000" lon="-8.5058800"></trkpt>
      <trkpt lat="42.8865200" lon="-8.5098300"></trkpt>
      <trkpt lat="42.8862100" lon="-8.5106300"></trkpt>
      <trkpt lat="42.8864700" lon="-8.5115000"></trkpt>
      <trkpt lat="42.8863300" lon="-8.5163200"></trkpt>
      <trkpt lat="42.8867900" lon="-8.5206300"></trkpt>
      <trkpt lat="42.8873600" lon="-8.5233800"></trkpt>
      <trkpt lat="42.8872400" lon="-8.5252100"></trkpt>
      <trkpt lat="42.8863000" lon="-8.5277000"></trkpt>
      <trkpt lat="42.8860600" lon="-8.5295900"></trkpt>
      <trkpt lat="42.8851000" lon="-8.5320500"></trkpt>
      <trkpt lat="42.8853100" lon="-8.5327200"></trkpt>
      <trkpt lat="42.8848600" lon="-8.5334200"></trkpt>
      <trkpt lat="42.8826200" lon="-8.5331900"></trkpt>
      <trkpt lat="42.8826400" lon="-8.5343500"></trkpt>
      <trkpt lat="42.8818400" lon="-8.5350500"></trkpt>
      <trkpt lat="42.8812700" lon="-8.5380300"></trkpt>
      <trkpt lat="42.8820100" lon="-8.5400700"></trkpt>
      <trkpt lat="42.8810200" lon="-8.5401700"></trkpt>
      <trkpt lat="42.8787900" lon="-8.5411400"></trkpt>
      <trkpt lat="42.8778900" lon="-8.5417700"></trkpt>
      <trkpt lat="42.8768500" lon="-8.5441800"></trkpt>
    </trkseg>
  </trk>
</gpx>
